Date,GameID,Drive,qtr,down,time,TimeUnder,TimeSecs,PlayTimeDiff,SideofField,yrdln,yrdline100,ydstogo,ydsnet,GoalToGo,FirstDown,posteam,DefensiveTeam,desc,PlayAttempted,Yards.Gained,sp,Touchdown,Safety,Onsidekick,PlayType,Passer,Passer_ID,PassAttempt,PassOutcome,PassLength,AirYards,YardsAfterCatch,QBHit,PassLocation,InterceptionThrown,Rusher,Rusher_ID,RushAttempt,RunLocation,RunGap,Receiver,Receiver_ID,Reception,Tackler1,Fumble,Sack,Challenge.Replay,Accepted.Penalty,Penalty.Yards,PosTeamScore,DefTeamScore,ScoreDiff,AbsScoreDiff,HomeTeam,AwayTeam,Timeout_Indicator,posteam_timeouts_pre,HomeTimeouts_Remaining_Pre,AwayTimeouts_Remaining_Pre,HomeTimeouts_Remaining_Post,AwayTimeouts_Remaining_Post,No_Score_Prob,Opp_Field_Goal_Prob,Opp_Safety_Prob,Opp_Touchdown_Prob,Field_Goal_Prob,Safety_Prob,Touchdown_Prob,ExPoint_Prob,TwoPoint_Prob,ExpPts,EPA,airEPA,yacEPA,Home_WP_pre,Away_WP_pre,Home_WP_post,Away_WP_post,Win_Prob,WPA,airWPA,yacWPA,Season
2011-12-18,2011121812.0,10.0,3,,04:05,5,1145.0,4.0,BAL,2.0,2.0,0.0,42.0,0.0,0.0,SD,BAL,"N.Novak extra point is GOOD, Center-M.Windt, Holder-M.Scifres.",1,0.0,1,0,0,0,Extra Point,,,0,,,0.0,0.0,0,,0,,,0,,,,,0,,0,0,0,0,0.0,30.0,7.0,20.5,23.0,SD,BAL,0,3,3,3,3,3,0.0,0.0,0.0,0.0,0.0,0.0,0.0,0.9907954004544308,0.0,0.9907954004544308,0.009204599545569,,,0.9910647800176848,0.0089352199823152,0.9880284197684116,0.0119715802315885,0.9910647800176848,-0.0030363602492732,,,2011
2012-01-01,2012010114.0,10.0,2,1.0,00:46,1,1846.0,0.0,OAK,20.0,80.0,10.0,0.0,0.0,0.0,OAK,SD,(:46) C.Palmer pass incomplete short middle to M.Bush.,1,0.0,0,0,0,0,Pass,C.Palmer,00-0021429,1,Incomplete Pass,Short,5.0,0.0,0,middle,0,,,0,,,M.Bush,00-0025487,0,,0,0,0,0,0.0,13.0,24.0,-11.0,11.0,OAK,SD,0,1,1,2,1,2,0.4257920474265128,0.0449399351803817,0.0031334646604205,0.0325957213400064,0.1040285112968305,0.0004294692018596715,0.0932455722563428,0.0,0.0,0.5964066938465795,-0.1909739207821035,0.0315275532990829,-0.2225014740811864,0.1766199529157226,0.8233800470842774,0.1725204281366031,0.8274795718633969,0.1766199529157226,-0.0040995247791195,0.0006181425377040362,-0.0047176673168235,2011
2016-11-14,2016111400.0,1.0,1,3.0,13:19,14,3499.0,38.0,CIN,46.0,46.0,1.0,39.0,0.0,1.0,NYG,CIN,(13:19) R.Jennings left end pushed ob at CIN 41 for 5 yards (A.Jones).,1,5.0,0,0,0,0,Run,,,0,,,0.0,0.0,0,,0,R.Jennings,00-0027155,1,left,end,,,0,A.Jones,0,0,0,0,0.0,0.0,0.0,0.0,0.0,NYG,CIN,0,3,3,3,3,3,0.0011331046669798,0.0875145229095464,0.0007283862933155543,0.1340425265113384,0.3044941694712554,0.0029851132239388,0.4691021769236256,0.0,0.0,3.000869946432384,0.5107069331080254,,,0.5730596446319725,0.4269403553680275,0.5909665020043608,0.4090334979956391,0.5730596446319725,0.0179068573723883,,,2016
2010-10-10,2010101006.0,11.0,2,1.0,08:41,9,2321.0,10.0,TB,49.0,51.0,10.0,3.0,0.0,0.0,TB,CIN,(8:41) C.Williams left end to CIN 48 for 3 yards (L.Hall).,1,3.0,0,0,0,0,Run,,,0,,,0.0,0.0,0,,0,C.Williams,00-0023440,1,left,end,,,0,L.Hall,0,0,0,0,0.0,6.0,7.0,-1.0,1.0,CIN,TB,0,2,3,2,3,2,0.1164515973146642,0.0736323007377918,0.0004628823554395279,0.1092544359362249,0.2807532820048056,0.0028910575243626,0.4165544441267113,0.0,0.0,2.7773193514722925,-0.2409644179714893,,,0.4738597782063095,0.5261402217936905,0.4780746518806827,0.5219253481193172,0.5261402217936905,-0.0042148736743732,,,2010
2013-12-29,2013122907.0,15.0,3,1.0,01:17,2,977.0,12.0,BUF,20.0,20.0,10.0,1.0,0.0,0.0,NE,BUF,(1:17) S.Ridley left end to BUF 19 for 1 yard (N.Bradham).,1,1.0,0,0,0,0,Run,,,0,,,0.0,0.0,0,,0,S.Ridley,00-0028011,1,left,end,,,0,N.Bradham,0,0,0,0,0.0,16.0,10.0,6.0,6.0,NE,BUF,0,2,2,3,2,3,0.0082820024269208,0.0317771905401577,3.0903292550502404e-05,0.0477538941906768,0.3749529656663604,0.0025923397742849,0.5346107041090487,0.0,0.0,4.442647867770679,-0.3678040259279767,,,0.8423446491193751,0.1576553508806248,0.8354646343750022,0.1645353656249978,0.8423446491193751,-0.0068800147443729,,,2013
2016-10-09,2016100910.0,21.0,4,3.0,04:53,5,293.0,44.0,OAK,22.0,78.0,13.0,8.0,0.0,0.0,OAK,SD,(4:53) (Shotgun) D.Carr pass short middle to J.Richard to OAK 33 for 11 yards (C.Liuget).,1,11.0,0,0,0,0,Pass,D.Carr,00-0031280,1,Complete,Short,5.0,0.0,0,middle,0,,,0,,,J.Richard,00-0033025,1,C.Liuget,0,0,0,0,0.0,34.0,31.0,3.0,3.0,OAK,SD,0,2,2,2,2,2,0.3855556964471769,0.1449162386664172,0.0047468234363059,0.2123333978921626,0.1024926414129589,0.0027313264786235,0.1472238756663548,0.0,0.0,-0.5870684412563947,0.1382705336873553,-0.4906231365764653,0.6288936702638206,0.622401414034896,0.377598585965104,0.6388228554792106,0.3611771445207894,0.622401414034896,0.0164214414443145,-0.0236587164833347,0.0400801579276492,2016
2009-11-29,2009112903.0,5.0,2,3.0,11:00,11,2460.0,22.0,IND,17.0,17.0,10.0,12.0,0.0,0.0,HOU,IND,(11:00) (Shotgun) M.Schaub pass incomplete deep left to A.Johnson.,1,0.0,0,0,0,0,Pass,M.Schaub,00-0022787,1,Incomplete Pass,Deep,10.0,0.0,0,left,0,,,0,,,A.Johnson,00-0022044,0,,0,0,0,0,0.0,14.0,0.0,14.0,14.0,HOU,IND,0,2,2,3,2,3,0.0324917364640459,0.0390537689129105,9.555689336585315e-05,0.0623315703794703,0.5428393413959964,0.0034840238092282,0.3197040021449825,0.0,0.0,3.3197406736395685,-0.6923427474093331,3.680259326360432,-3.1387746044711373,0.9176325526821806,0.0823674473178194,0.908242104804413,0.0917578951955869,0.9176325526821806,-0.0093904478777675,0.0458586570599941,-0.0552491049377616,2009
2016-12-19,2016121900.0,9.0,2,2.0,09:03,10,2343.0,38.0,WAS,27.0,27.0,9.0,39.0,0.0,0.0,CAR,WAS,"(9:03) (No Huddle, Shotgun) C.Newton pass incomplete short left to K.Benjamin (Q.Dunbar).",1,0.0,0,0,0,0,Pass,C.Newton,00-0027939,1,Incomplete Pass,Short,6.0,0.0,0,left,0,,,0,,,K.Benjamin,00-0031359,0,,0,0,0,0,0.0,13.0,3.0,10.0,10.0,WAS,CAR,0,2,3,2,3,2,0.0608735251851473,0.0434656894830225,0.0001254657968976807,0.0654765554913088,0.3858366913274424,0.0027345547542117,0.4414875179619695,0.0,0.0,3.6644079207425126,-0.7343555160291362,-0.1128112987385598,-0.6215442172905763,0.1303511426875878,0.8696488573124121,0.1420331595891429,0.857966840410857,0.8696488573124121,-0.0116820169015551,-0.001500500507354,-0.010181516394201,2016
2015-12-13,2015121307.0,17.0,3,1.0,02:18,3,1038.0,0.0,ATL,20.0,80.0,10.0,3.0,0.0,0.0,ATL,CAR,(2:18) (Shotgun) D.Freeman up the middle to ATL 23 for 3 yards (T.Davis; L.Kuechly).,1,3.0,0,0,0,0,Run,,,0,,,0.0,0.0,0,,0,D.Freeman,00-0031285,1,middle,,,,0,T.Davis,0,0,0,0,0.0,0.0,38.0,-23.5,23.0,CAR,ATL,0,3,3,3,3,3,0.0314683758129377,0.1700511527217773,0.0062113996060143,0.2584053045241122,0.2122218756703383,0.0033851806437688,0.3182567110210512,0.0,0.0,0.5398195763997651,-0.2771228352201162,,,0.9999945850301196,5.414969880427743e-06,0.9999956363968632,4.363603136773962e-06,5.414969880427743e-06,-1.0513667436537806e-06,,,2015
2014-12-28,2014122802.0,11.0,3,1.0,11:54,12,1614.0,14.0,GB,39.0,39.0,10.0,14.0,0.0,0.0,DET,GB,"(11:54) J.Bell left end to GB 37 for 2 yards (S.Richardson, L.Guion).",1,2.0,0,0,0,0,Run,,,0,,,0.0,0.0,0,,0,J.Bell,00-0027218,1,left,end,,,0,S.Richardson,0,0,0,0,0.0,7.0,13.0,-6.0,6.0,GB,DET,0,3,3,3,3,3,0.0011806521191585,0.062042503878328,0.0001919369130461171,0.0957788489067654,0.3455521832449648,0.0032483794039629,0.4920054955337741,0.0,0.0,3.630228449470805,-0.3162208824152031,,,0.5894864788803293,0.4105135211196706,0.6013146573955865,0.3986853426044134,0.4105135211196706,-0.0118281785152572,,,2014
2016-12-11,2016121107.0,12.0,3,,09:14,10,1454.0,0.0,WAS,35.0,35.0,0.0,36.0,0.0,,PHI,WAS,D.Hopkins kicks 58 yards from WAS 35 to PHI 7. P.Turner to PHI 18 for 11 yards (M.Spaight). WAS-M.Brown was injured during the play. He is Out.,1,11.0,0,0,0,0,Kickoff,,,0,,,0.0,0.0,0,,0,,,0,,,,,0,M.Spaight,0,0,0,0,0.0,13.0,14.0,-1.0,1.0,PHI,WAS,0,3,3,3,3,3,0.0055057807282084,0.1599011377533486,0.0043441613958135,0.2466583618569165,0.2342729020590379,0.0035879332805411,0.3457297229261339,0.0,0.0,0.9151023641710444,-0.6833033589911179,,,0.4812287716525668,0.5187712283474333,0.4591789126730554,0.5408210873269447,0.4812287716525668,-0.0220498589795113,,,2016
2011-09-25,2011092501.0,1.0,1,3.0,14:08,15,3548.0,40.0,HOU,9.0,91.0,14.0,11.0,0.0,1.0,HOU,NO,"(14:08) (Shotgun) M.Schaub pass short right to A.Johnson to HOU 24 for 15 yards (M.Jenkins). Pass -2, YAC 17",1,15.0,0,0,0,0,Pass,M.Schaub,00-0022787,1,Complete,Short,-2.0,0.0,0,right,0,,,0,,,A.Johnson,00-0022044,1,M.Jenkins,0,0,0,0,0.0,0.0,0.0,0.0,0.0,NO,HOU,0,3,3,3,3,3,0.0019171744917823,0.2851838224449652,0.009553273933919493,0.4349863045735918,0.0968948575962609,0.0038964680969867,0.1605125778889829,0.0,0.0,-2.5116076349592618,2.311291607352805,-0.974672883647462,2.659125528472397,0.5957919242484833,0.4042080757515168,0.4970262532864626,0.5029737467135375,0.4042080757515168,0.05888471184731932,-0.0308778599839902,0.05636049994176793,2011
2016-01-03,2016010310.0,17.0,4,2.0,12:07,13,727.0,42.0,MIN,36.0,64.0,4.0,18.0,0.0,1.0,MIN,GB,"(12:07) J.McKinnon left tackle to MIN 37 for 1 yard (J.Ryan). PENALTY on GB-B.Raji, Illegal Use of Hands, 5 yards, enforced at MIN 37.",1,1.0,0,0,0,0,Run,,,0,,,0.0,0.0,0,,0,J.McKinnon,00-0031376,1,left,tackle,,,0,J.Ryan,0,0,0,1,0.0,19.0,10.0,9.0,9.0,GB,MIN,0,3,2,3,2,3,0.0789580334322106,0.1209774816330032,0.0018209480380335,0.1788627303039302,0.2407848715411709,0.0034604465148106,0.3751354885368407,0.0,0.0,1.7366104743084303,0.6895208281453629,,,0.1454697023535031,0.8545302976464969,0.1297671660779314,0.8702328339220685,0.8545302976464969,0.0157025362755716,,,2015
2013-11-24,2013112404.0,16.0,4,3.0,15:00,15,900.0,22.0,JAC,40.0,40.0,1.0,9.0,0.0,0.0,HOU,JAC,(15:00) D.Johnson up the middle to JAC 40 for no gain (G.Hayes).,1,0.0,0,0,0,0,Run,,,0,,,0.0,0.0,0,,0,D.Johnson,00-0030236,1,middle,,,,0,G.Hayes,0,0,0,0,0.0,6.0,10.0,-4.0,4.0,HOU,JAC,0,3,3,2,3,2,0.0230518924155315,0.0673259977353726,0.0004290116091483975,0.1008044970312846,0.3307489153544557,0.0026709067255304,0.4749687791286767,0.0,0.0,3.413902517771757,-1.9502406400824843,,,0.4503710803018781,0.5496289196981219,0.3797440823385644,0.6202559176614356,0.4503710803018781,-0.05867359827459407,,,2013
2009-11-01,2009110110.0,8.0,2,,07:33,8,2253.0,0.0,CAR,30.0,30.0,0.0,0.0,0.0,,ARI,CAR,"R.Lloyd kicks 70 yards from CAR 30 to end zone, Touchback.",1,0.0,0,0,0,0,Kickoff,,,0,,,0.0,0.0,0,,0,,,0,,,,,0,,0,0,0,0,0.0,7.0,21.0,-14.0,14.0,ARI,CAR,0,3,3,3,3,3,0.2551710198513714,0.128142632889495,0.0046407958773383,0.1904561547776435,0.1659897688575737,0.0025432336313534,0.2530563941152244,0.0,0.0,0.547547958775332,0.0,,,0.1221445671955059,0.8778554328044941,0.1221445671955059,0.8778554328044941,0.1221445671955059,0.0,,,2009
2015-10-04,2015100405.0,10.0,2,3.0,00:36,1,1836.0,41.0,WAS,25.0,25.0,20.5,15.0,0.0,0.0,PHI,WAS,"(:36) (No Huddle, Shotgun) S.Bradford pass short left to R.Cooper to WAS 15 for 10 yards (K.Jarrett, D.Goldson).",1,10.0,0,0,0,0,Pass,S.Bradford,00-0027854,1,Complete,Short,6.0,0.0,0,left,0,,,0,,,R.Cooper,00-0027758,1,K.Jarrett,0,0,0,0,0.0,0.0,7.0,-7.0,7.0,WAS,PHI,0,2,3,2,3,2,0.3807642985171999,0.0264218828344518,0.00017611049056508358,0.0205484741819133,0.4323872849631451,0.0010010687079889,0.1387008803047357,0.0,0.0,2.0466129656806844,0.7467318842339301,-0.1125206961044498,0.8592525803383799,0.6612380175589538,0.3387619824410462,0.631070057794867,0.368929942205133,0.3387619824410462,0.0301679597640868,-0.0040253781659106,0.0341933379299975,2015
2010-11-21,2010112109.0,19.0,4,1.0,09:43,10,583.0,45.0,ARI,11.0,11.0,10.0,56.0,0.0,0.0,KC,ARI,(9:43) J.Charles up the middle to ARI 6 for 5 yards (A.Branch; P.Lenon).,1,5.0,0,0,0,0,Run,,,0,,,0.0,0.0,0,,0,J.Charles,00-0026213,1,middle,,,,0,A.Branch,0,0,0,0,0.0,21.0,6.0,15.0,15.0,KC,ARI,0,2,2,2,2,2,0.0290665593050937,0.0221949128793087,1.2459288162519566e-05,0.0328165936687022,0.3759279997036177,0.0022328236332686,0.5377486515218464,0.0,0.0,4.600164394135148,-0.1540657758144918,,,0.9753299964601372,0.0246700035398628,0.9758966814783682,0.0241033185216318,0.9753299964601372,0.0005666850182309835,,,2010
2015-12-13,2015121312.0,6.0,2,2.0,09:44,10,2384.0,5.0,DAL,20.0,80.0,10.0,18.0,0.0,0.0,DAL,GB,(9:44) M.Cassel up the middle to DAL 23 for 3 yards (J.Ryan).,1,3.0,0,0,0,0,Run,,,0,,,0.0,0.0,0,,0,M.Cassel,00-0023662,1,middle,,,,0,J.Ryan,0,0,0,0,0.0,0.0,7.0,-7.0,7.0,GB,DAL,0,3,3,3,3,3,0.1709682738332203,0.1662946880910814,0.0062847775143311,0.2485477918446032,0.1650177618897885,0.003116369481532,0.2397703373454432,0.0,0.0,-0.0716097761635967,-0.3758828740485878,,,0.7462303481535923,0.2537696518464076,0.7549417318507639,0.245058268149236,0.2537696518464076,-0.0087113836971715,,,2015
2013-12-29,2013122903.0,1.0,1,,15:00,15,3600.0,0.0,PHI,35.0,35.0,0.0,0.0,0.0,,DAL,PHI,A.Henery kicks 71 yards from PHI 35 to DAL -6. D.Harris to DAL 23 for 29 yards (C.Williams).,1,17.5,0,0,0,0,Kickoff,,,0,,,0.0,0.0,0,,0,,,0,,,,,0,C.Williams,0,0,0,0,0.0,0.0,0.0,0.0,0.0,DAL,PHI,0,3,3,3,3,3,0.0015063265025897,0.1797487862643072,0.0066391083784486,0.281137706070735,0.2137001434842491,0.0035923127788396,0.3136756165208305,0.0,0.0,0.3235258536112761,0.2979888228893586,,,0.4856749860969135,0.5143250139030865,0.4947054012307507,0.5052945987692492,0.4856749860969135,0.0090304151338372,,,2013
2015-10-29,2015102900.0,24.0,4,2.0,02:20,3,140.0,7.0,NE,36.0,64.0,4.0,5.0,0.0,0.0,NE,MIA,(2:20) J.White right tackle to NE 35 for -1 yards (Bo.McCain; M.Thomas).,1,-1.0,0,0,0,0,Run,,,0,,,0.0,0.0,0,,0,J.White,00-0031062,1,right,tackle,,,0,Bo.McCain,0,0,0,0,0.0,36.0,7.0,20.5,23.0,NE,MIA,0,3,3,3,3,3,0.4257920474265128,0.0670754097700011,0.0010009965813179,0.0969896260207636,0.1385863340666811,0.0019128318954166,0.2195090217059301,0.0,0.0,1.0739922133144026,-0.6093101351235366,,,0.9999747093509288,2.5290649071307847e-05,0.999965966933025,3.4033066975025505e-05,0.9999747093509288,-8.742417903717659e-06,,,2015
2011-11-20,2011112003.0,10.0,3,,15:00,15,1800.0,5.0,CLE,35.0,35.0,0.0,0.0,0.0,,JAC,CLE,"P.Dawson kicks 65 yards from CLE 35 to end zone, Touchback.",1,0.0,0,0,0,0,Kickoff,,,0,,,0.0,0.0,0,,0,,,0,,,,,0,,0,0,0,0,0.0,7.0,7.0,0.0,0.0,CLE,JAC,0,3,3,3,3,3,0.0015063265025897,0.1797487862643072,0.0066391083784486,0.281137706070735,0.2137001434842491,0.0035923127788396,0.3136756165208305,0.0,0.0,0.3235258536112761,0.0,,,0.4979615348323544,0.5020384651676456,0.4979615348323544,0.5020384651676456,0.5020384651676456,0.0,,,2011
2009-11-01,2009110106.0,1.0,1,2.0,14:27,15,3567.0,28.0,SF,35.0,65.0,4.0,7.0,0.0,0.0,SF,IND,(14:27) Direct snap to #21 F. Gore (Shotgun) F.Gore up the middle to SF 36 for 1 yard (A.Bethea).,1,1.0,0,0,0,0,Run,,,0,,,0.0,0.0,0,,0,F. Gore,00-0023500,1,middle,,,,0,A.Bethea,0,0,0,0,0.0,0.0,0.0,0.0,0.0,IND,SF,0,3,3,3,3,3,0.0013432543602494,0.1409097572946912,0.0022597468960823,0.2166525360397929,0.2518931558674422,0.0039611964476224,0.3829803530941192,0.0,0.0,1.5006478142016173,-0.6070250174177441,,,0.4777012958810828,0.5222987041189172,0.4930612733082548,0.5069387266917452,0.5222987041189172,-0.0153599774271719,,,2009
2013-12-01,2013120100.0,9.0,2,1.0,10:40,11,2440.0,34.0,CAR,47.0,53.0,10.0,28.0,0.0,0.0,CAR,TB,(10:40) (No Huddle) C.Newton pass incomplete short right.,1,0.0,0,0,0,0,Pass,C.Newton,00-0027939,1,Incomplete Pass,Short,6.0,0.0,0,right,0,,,0,,,,,0,,0,0,0,0,0.0,7.0,6.0,1.0,1.0,CAR,TB,0,3,3,3,3,3,0.0795606252702245,0.08182545129496,0.0005814646999973821,0.1219954451978049,0.2873351053744528,0.0030670403465586,0.4256348678160018,0.0,0.0,2.746976071858979,-0.5763787380240388,0.2051129016459496,-0.7814916396699885,0.5964650685034468,0.4035349314965532,0.5771508198021292,0.4228491801978707,0.5964650685034468,-0.0193142487013175,0.0076239135321258,-0.0269381622334434,2013
2015-11-08,2015110800.0,16.0,3,4.0,04:27,5,1167.0,9.0,MIN,34.0,66.0,18.0,6.0,0.0,1.0,MIN,STL,"(4:27) (Punt formation) J.Locke punts 54 yards to STL 12, Center-K.McDermott. T.Austin to STL 20 for 8 yards (B.Watts).",1,8.0,0,0,0,0,Punt,,,0,,,0.0,0.0,0,,0,,,0,,,,,0,B.Watts,0,0,0,0,0.0,18.0,15.0,3.0,3.0,MIN,STL,0,3,3,3,3,3,0.0175952438074365,0.258854257821992,0.005410774639023,0.3709821496060735,0.1666046365975758,0.0058345483362433,0.1747183891916555,0.0,0.0,-1.6497476391797343,1.1387273302004506,,,0.5227851626864743,0.4772148373135256,0.606964900000349,0.393035099999651,0.5227851626864743,0.05888471184731932,,,2015
2011-09-11,2011091112.0,4.0,1,,00:00,0,2700.0,18.0,DAL,42.0,42.0,0.0,46.0,0.0,0.0,,,END QUARTER 1,1,0.0,0,0,0,0,Quarter End,,,0,,,0.0,0.0,0,,0,,,0,,,,,0,,0,0,0,0,0.0,,,,,NYJ,DAL,0,2,3,2,3,2,0.0,0.0,0.0,0.0,0.0,0.0,0.0,0.0,0.0,0.0,0.0,,,,,,,,0.0,,,2011
2015-09-13,2015091311.0,12.0,3,1.0,14:28,15,1768.0,26.0,TB,43.0,57.0,10.0,5.0,0.0,1.0,TB,TEN,"(14:28) (No Huddle) D.Martin left guard to TEN 49 for 8 yards (Z.Brown, M.Griffin). PENALTY on TB-G.Cherilus, Offensive Holding, 10 yards, enforced at TB 43 - No Play.",1,8.0,0,0,0,0,No Play,,,0,,,0.0,0.0,0,,0,,,0,,,,,0,Z.Brown,0,0,0,1,0.0,7.0,34.0,-23.5,23.0,TB,TEN,0,3,3,3,3,3,0.0010441727043847,0.1055138630576245,0.0009706345448301228,0.1642744442815449,0.296951890334777,0.0036209164449404,0.4276240786318981,0.0,0.0,2.423062086084151,-1.2290780893665685,,,0.0104700859597557,0.9895299140402444,0.0063155100659777,0.9936844899340224,0.0104700859597557,-0.004154575893778,,,2015
2013-10-06,2013100602.0,7.0,2,3.0,00:35,1,1835.0,4.0,GB,25.0,25.0,5.0,54.0,0.0,0.0,DET,GB,"(:35) (Shotgun) M.Stafford left end pushed ob at GB 15 for 10 yards (A.Hawk). PENALTY on DET-R.Reiff, Offensive Holding, 10 yards, enforced at GB 25 - No Play.",1,10.0,0,0,0,0,No Play,,,0,,,0.0,0.0,0,,0,,,0,,,,,0,A.Hawk,0,0,0,1,0.0,0.0,6.0,-6.0,6.0,GB,DET,0,2,1,2,1,2,0.3765373760910761,0.0226786844598562,0.00014856008234410078,0.0171149727162198,0.3980157780360603,0.0007412425777102953,0.1847633860367331,0.0,0.0,2.300735538962937,-0.6172064527843113,,,0.6242384109590199,0.3757615890409801,0.6459266450792219,0.354073354920778,0.3757615890409801,-0.021688234120202,,,2013
2014-11-16,2014111604.0,2.0,1,1.0,05:18,6,3018.0,39.0,SEA,5.0,5.0,5.0,85.0,1.0,0.0,KC,SEA,(5:18) J.Charles up the middle to SEA 1 for 4 yards (M.Smith).,1,4.0,0,0,0,0,Run,,,0,,,0.0,0.0,0,,0,J.Charles,00-0026213,1,middle,,,,0,M.Smith,0,0,0,0,0.0,0.0,0.0,0.0,0.0,KC,SEA,0,3,3,3,3,3,0.0012555421697919,0.0111715247835048,1.08736466478312e-05,0.0135092098008806,0.2437815173280526,0.0017859965125864,0.7284853357585356,0.0,0.0,5.706213105069105,0.4430509271861469,,,0.678523870867236,0.321476129132764,0.6924076141361433,0.3075923858638567,0.678523870867236,0.0138837432689072,,,2014
2009-09-13,2009091305.0,17.0,4,1.0,13:15,14,795.0,27.0,NYJ,47.0,53.0,15.0,11.0,0.0,0.0,NYJ,HOU,(13:15) T.Jones up the middle to NYJ 47 for no gain (D.Ryans).,1,0.0,0,0,0,0,Run,,,0,,,0.0,0.0,0,,0,T.Jones,00-0019641,1,middle,,,,0,D.Ryans,0,0,0,0,0.0,17.0,0.0,17.0,17.0,HOU,NYJ,0,3,3,3,3,3,0.0441872445911401,0.0899282795864903,0.0006478642403218809,0.1348222013630399,0.3165158093243906,0.0035394424478656,0.4103591584467513,0.0,0.0,2.614304445214768,-0.5691234613955451,,,0.0321418910479756,0.9678581089520244,0.0358475279940863,0.9641524720059136,0.9678581089520244,-0.0037056369461107,,,2009
2012-11-08,2012110800.0,5.0,1,1.0,04:09,5,2949.0,40.0,IND,28.0,28.0,10.0,54.0,0.0,0.0,JAC,IND,(4:09) (No Huddle) R.Jennings up the middle to IND 26 for 2 yards (M.Fokou).,1,2.0,0,0,0,0,Run,,,0,,,0.0,0.0,0,,0,R.Jennings,00-0027155,1,middle,,,,0,M.Fokou,0,0,0,0,0.0,0.0,3.0,-3.0,3.0,JAC,IND,0,3,3,2,3,2,0.0053928966453325,0.0421372193930499,6.661275585595781e-05,0.0638113311277645,0.3646775015930036,0.002850575818771,0.5210638626662224,0.0,0.0,4.173956493494897,-0.3019679573467502,,,0.5398509928858809,0.4601490071141191,0.5279176627351919,0.4720823372648081,0.5398509928858809,-0.0119333301506889,,,2012
2010-12-16,2010121600.0,8.0,2,,06:03,7,2163.0,3.0,SD,30.0,30.0,0.0,0.0,0.0,,SF,SD,N.Kaeding kicks 66 yards from SD 30 to SF 4. T.Ginn pushed ob at SF 25 for 21 yards (D.Hughes).,1,17.5,0,0,0,0,Kickoff,,,0,,,0.0,0.0,0,,0,,,0,,,,,0,D.Hughes,0,0,0,0,0.0,0.0,10.0,-10.0,10.0,SD,SF,0,2,3,2,3,2,0.3298394082756955,0.1149263901706823,0.0041566901864571,0.1702319450932123,0.1497256574970129,0.0022798742609414,0.2288400345159982,0.0,0.0,0.5109007960874625,0.3432577404686532,,,0.814144391902354,0.1858556080976459,0.8060958120931745,0.1939041879068254,0.1858556080976459,0.0080485798091794,,,2010
2014-12-07,2014120709.0,11.0,3,2.0,06:32,7,1292.0,0.0,ARI,19.0,19.0,10.0,51.0,0.0,0.0,KC,ARI,(6:32) (Shotgun) A.Smith sacked at ARI 19 for 0 yards (P.Peterson).,1,0.0,0,0,0,0,Sack,,00-0023436,0,,,0.0,0.0,1,,0,,,0,,,,,0,P.Peterson,0,1,0,0,0.0,14.0,9.0,5.0,5.0,ARI,KC,0,2,1,2,1,2,0.0025199521905014,0.0373109256840416,7.535543992187723e-05,0.058055970186649,0.4367199823170414,0.0028073451589068,0.4625104690229379,0.0,0.0,4.034872641190991,-0.7459874063276279,,,0.2026570445885701,0.7973429554114299,0.2239220243870926,0.7760779756129074,0.7973429554114299,-0.0212649797985224,,,2014
2011-09-11,2011091107.0,20.0,4,,02:00,2,120.0,12.0,STL,33.0,33.0,0.0,6.0,0.0,0.0,,,Two-Minute Warning,1,0.0,0,0,0,0,Two Minute Warning,,,0,,,0.0,0.0,0,,0,,,0,,,,,0,,0,0,0,0,0.0,,,,,STL,PHI,0,1,3,1,3,1,0.0,0.0,0.0,0.0,0.0,0.0,0.0,0.0,0.0,0.0,0.7414581377254003,,,,,,,,,,,2011
2009-12-27,2009122705.0,15.0,4,1.0,13:32,14,812.0,35.0,CAR,12.0,12.0,10.0,62.0,0.0,1.0,NYG,CAR,"(13:32) (No Huddle, Shotgun) E.Manning pass short middle to H.Nicks to CAR 1 for 11 yards (C.Harris).",1,11.0,0,0,0,0,Pass,E.Manning,00-0022803,1,Complete,Short,4.0,0.0,0,middle,0,,,0,,,H.Nicks,00-0027005,1,C.Harris,0,0,0,0,0.0,3.0,34.0,-23.5,23.0,NYG,CAR,0,3,3,3,3,3,0.0122648806811104,0.0237753368819761,1.42251897324776e-05,0.0354647134192409,0.3823073077185051,0.0023389906058109,0.543834545503624,0.0,0.0,4.638834267932425,1.8520162234364133,0.4732426022499032,1.37877362118651,0.0028370955823735,0.9971629044176265,0.0060193121176898,0.99398068788231,0.0028370955823735,0.0031822165353163,0.0006573752628100367,0.0025248412725063,2009
2013-10-13,2013101305.0,9.0,3,,13:56,14,1736.0,12.0,MIN,2.0,2.0,0.0,86.0,0.0,0.0,CAR,MIN,"(Kick formation) PENALTY on CAR-C.Scott, False Start, 5 yards, enforced at MIN 2 - No Play.",1,0.0,0,0,0,0,No Play,,,0,,,0.0,0.0,0,,0,,,0,,,,,0,,0,0,0,1,0.0,20.0,3.0,17.0,17.0,MIN,CAR,0,3,3,3,3,3,,,,,,,,0.0,0.0,,,,,,,,,,,,,2013
2009-11-08,2009110801.0,8.0,2,1.0,02:43,3,1963.0,6.0,CHI,27.0,73.0,10.0,21.0,0.0,1.0,CHI,ARI,(2:43) (Shotgun) J.Cutler pass short left to E.Bennett pushed ob at CHI 48 for 21 yards (A.Rolle).,1,17.5,0,0,0,0,Pass,J.Cutler,00-0024226,1,Complete,Short,10.0,0.0,0,left,0,,,0,,,E.Bennett,00-0026210,1,A.Rolle,0,0,0,0,0.0,7.0,28.0,-21.0,21.0,CHI,ARI,0,3,3,2,3,2,0.4257920474265128,0.0747032971898553,0.0017649266428159,0.1097048226431104,0.1280489403904627,0.0017452838616999,0.1956188304846804,0.0,0.0,0.7613956989305795,1.171246279559871,0.7459633590721477,0.4252829204877233,0.0431805270685912,0.9568194729314088,0.0551161489470034,0.9448838510529968,0.0431805270685912,0.0119356218784121,0.0076189544777836,0.0043166674006284,2009
2012-09-20,2012092000.0,17.0,4,3.0,06:40,7,400.0,6.0,NYG,8.0,8.0,8.0,67.0,1.0,0.0,CAR,NYG,(6:40) (Shotgun) C.Newton pass incomplete short middle to G.Olsen.,1,0.0,0,0,0,0,Pass,C.Newton,00-0027939,1,Incomplete Pass,Short,8.0,0.0,0,middle,0,,,0,,,G.Olsen,00-0025418,0,,0,0,0,0,0.0,7.0,33.0,-23.5,23.0,CAR,NYG,0,3,3,3,3,3,0.0481684434188327,0.0166307733161599,3.26464423171464e-05,0.0203096425857291,0.5391420739694066,0.0021745031773363,0.3735419170902181,0.0,0.0,4.044443536961201,-1.1093563949458565,2.955556463038799,-3.1387746044711373,0.0077285458415804,0.9922714541584196,0.0051104663553284,0.9948895336446716,0.0077285458415804,-0.0026180794862519,0.0104977710438014,-0.0131158505300533,2012
2009-10-26,2009102600.0,25.0,4,1.0,02:00,2,120.0,20.0,PHI,15.0,15.0,10.0,43.0,0.0,0.0,WAS,PHI,"(2:00) (No Huddle, Shotgun) J.Campbell pass short left to S.Moss to PHI 3 for 12 yards (S.Brown, E.Hobbs).",1,12.0,0,0,0,0,Pass,J.Campbell,00-0023460,1,Complete,Short,5.0,0.0,0,left,0,,,0,,,S.Moss,00-0020494,1,S.Brown,0,0,0,0,0.0,10.0,26.0,-16.0,16.0,WAS,PHI,0,1,1,2,1,2,0.1779531517482429,0.0208570262801746,1.480848458373387e-05,0.0303202875164485,0.3133113393830622,0.0019053266998429,0.455638059887645,0.0,0.0,3.8583683823375567,1.3661991565250693,0.3698511158884932,0.996348040636576,0.0169370658221327,0.9830629341778672,0.0208497528297045,0.9791502471702956,0.0169370658221327,0.0039126870075717,-0.0010759493972672,0.004988636404839,2009
2012-12-02,2012120208.0,6.0,1,4.0,02:21,3,2841.0,4.0,TEN,10.0,90.0,10.0,0.0,0.0,1.0,TEN,HOU,"(2:21) (Punt formation) B.Kern punts 52 yards to HOU 38, Center-B.Brinkley. K.Martin pushed ob at TEN 20 for 42 yards (B.Kern).",1,17.5,0,0,0,0,Punt,,,0,,,0.0,0.0,0,,0,,,0,,,,,0,B.Kern,0,0,0,0,0.0,3.0,7.0,-4.0,4.0,TEN,HOU,0,3,3,3,3,3,0.0287530198511191,0.3210463081460427,0.009553273933919493,0.4513700015064387,0.0363626136225166,0.003625664049737,0.1476165620785377,0.0,0.0,-2.9955254929576274,-1.4483106467228684,,,0.2580946966693406,0.7419053033306593,0.2419137275980133,0.7580862724019866,0.2580946966693406,-0.0161809690713273,,,2012
2010-09-12,2010091200.0,6.0,2,3.0,10:40,11,2440.0,7.0,TB,40.0,40.0,4.0,41.0,0.0,0.0,CLE,TB,(10:40) (Shotgun) J.Delhomme pass incomplete deep left to M.Massaquoi.,1,0.0,0,0,0,0,Pass,J.Delhomme,00-0004161,1,Incomplete Pass,Deep,10.0,0.0,0,left,0,,,0,,,M.Massaquoi,00-0027026,0,,0,0,0,0,0.0,7.0,3.0,4.0,4.0,TB,CLE,0,3,2,3,2,3,0.0668365386028144,0.0766803890971619,0.0004942841933143726,0.1167430136193031,0.3600569823208875,0.0034615986607632,0.3757271935057553,0.0,0.0,2.66895366781124,-1.5506731524773694,4.214854987950023,-3.1387746044711373,0.2871346641628757,0.7128653358371243,0.3408271705425867,0.6591728294574133,0.7128653358371243,-0.053692506379711,0.10628588579079232,-0.06361267904339468,2010
2009-12-13,2009121309.0,4.0,1,2.0,10:39,11,3339.0,34.0,NYJ,34.0,66.0,12.0,0.0,0.0,0.0,NYJ,TB,"(10:39) T.Jones up the middle to NYJ 36 for 2 yards (R.Sims, J.Wilkerson).",1,2.0,0,0,0,0,Run,,,0,,,0.0,0.0,0,,0,T.Jones,00-0019641,1,middle,,,,0,R.Sims,0,0,0,0,0.0,3.0,0.0,3.0,3.0,TB,NYJ,0,3,3,3,3,3,0.0033887108694095,0.1565665298981635,0.0031497805859295,0.2443352085491842,0.257885207687356,0.0040062653375354,0.3306682970724215,0.0,0.0,0.91000062253345,-0.7190926439691006,,,0.3905154114173753,0.6094845885826247,0.4135927024266385,0.5864072975733615,0.6094845885826247,-0.0230772910092631,,,2009
2015-10-25,2015102500.0,16.0,3,1.0,03:13,4,1093.0,34.0,BUF,34.0,66.0,10.0,45.0,0.0,1.0,BUF,JAC,(3:13) (Shotgun) E.Manuel pass short right to C.Hogan to BUF 46 for 12 yards (D.Gratz; P.Posluszny).,1,12.0,0,0,0,0,Pass,E.Manuel,00-0030526,1,Complete,Short,6.0,0.0,0,right,0,,,0,,,C.Hogan,00-0028237,1,D.Gratz,0,0,0,0,0.0,13.0,19.0,-6.0,6.0,JAC,BUF,0,3,2,3,2,3,0.0191117866069094,0.1263048798468024,0.0019816839908581,0.1919348655463308,0.2650745378996259,0.0034955165521705,0.3920967295573025,0.0,0.0,1.820469687357897,0.9538236113037332,0.2721960718111686,0.6816275394925646,0.6724822460831136,0.3275177539168864,0.6394530531662039,0.360546946833796,0.3275177539168864,0.0330291929169095,0.0095931529062927,0.0234360400106168,2015
2009-11-29,2009112903.0,18.0,4,2.0,04:41,5,281.0,5.0,HOU,46.0,54.0,20.0,17.0,0.0,1.0,HOU,IND,"(4:41) (Shotgun) M.Schaub sacked at HOU 46 for 0 yards (R.Mathis). FUMBLES (R.Mathis), RECOVERED by IND-R.Brock at HOU 37. R.Brock to HOU 37 for no gain (M.Schaub).",1,0.0,0,0,0,0,Sack,,00-0022787,0,,,0.0,0.0,0,,0,,,0,,,,,0,R.Mathis,1,1,0,0,0.0,20.0,27.0,-7.0,7.0,HOU,IND,0,3,3,3,3,3,0.2882568417006966,0.0819210184198359,0.0009876000183011156,0.1235765636038639,0.2335872661996374,0.002647901343799,0.2690228087138659,0.0,0.0,1.4764430617604147,-2.3435852439389357,,,0.2150709074766872,0.7849290925233128,0.0867280615769103,0.9132719384230896,0.2150709074766872,-0.05867359827459407,,,2009
2012-01-01,2012010114.0,4.0,1,,00:00,0,2700.0,24.0,OAK,20.0,20.0,0.0,7.0,0.0,0.0,,,END QUARTER 1,1,0.0,0,0,0,0,Quarter End,,,0,,,0.0,0.0,0,,0,,,0,,,,,0,,0,0,0,0,0.0,,,,,OAK,SD,0,3,3,3,3,3,0.0,0.0,0.0,0.0,0.0,0.0,0.0,0.0,0.0,0.0,0.0,,,,,,,,0.0,,,2011
2011-10-09,2011100900.0,7.0,2,2.0,04:19,5,2059.0,40.0,TEN,41.0,59.0,10.0,23.0,0.0,0.0,TEN,PIT,(4:19) M.Hasselbeck pass short left to D.Williams to TEN 43 for 2 yards (L.Timmons).,1,2.0,0,0,0,0,Pass,M.Hasselbeck,00-0007091,1,Complete,Short,2.0,0.0,0,left,0,,,0,,,D.Williams,00-0027893,1,L.Timmons,0,0,0,0,0.0,3.0,21.0,-18.0,18.0,PIT,TEN,0,2,2,2,2,2,0.3331401974582351,0.082132397498993,0.0011229766363796,0.1218177207004653,0.1976265054386101,0.0024765052687407,0.2616836969985761,0.0,0.0,1.328251215170349,-0.4869803094972208,-0.4869803094972208,0.0,0.9199606664198324,0.0800393335801677,0.9262571181378504,0.0737428818621497,0.0800393335801677,-0.0062964517180179,-0.0062964517180179,0.0,2011
2016-01-03,2016010315.0,25.0,5,2.0,07:49,8,-431.0,42.0,SF,44.0,44.0,12.0,50.0,0.0,1.0,STL,SF,"(7:49) (Shotgun) C.Keenum pass short left to B.Cunningham to SF 31 for 13 yards (E.Harold, G.Hodges). Caught at SF 38.  7-yds YAC",1,13.0,0,0,0,0,Pass,C.Keenum,00-0028986,1,Complete,Short,6.0,0.0,0,left,0,,,0,,,B.Cunningham,00-0029795,1,E.Harold,0,0,0,0,0.0,16.0,16.0,0.0,0.0,SF,STL,0,2,2,2,2,2,0.1272396104178337,0.0721220106900185,0.0004948112501185747,0.1086083826703547,0.3147497370181492,0.0030259762189308,0.3737594717345942,0.0,0.0,2.589003132371692,1.1902944956642552,-0.1210486990784542,1.3113431947427094,0.3084648150283258,0.6915351849716742,0.1956777542328015,0.8043222457671985,0.6915351849716742,0.05888471184731932,-0.0819389836104645,0.05636049994176793,2015
2009-11-29,2009112909.0,10.0,2,1.0,07:52,8,2272.0,31.0,SD,49.0,49.0,10.0,38.0,0.0,0.0,KC,SD,(7:52) M.Cassel pass short right to M.Cox to SD 46 for 3 yards (B.Siler).,1,3.0,0,0,0,0,Pass,M.Cassel,00-0023662,1,Complete,Short,2.0,0.0,0,right,0,,,0,,,M.Cox,00-0026033,1,B.Siler,0,0,0,0,0.0,7.0,14.0,-7.0,7.0,SD,KC,0,3,1,3,1,3,0.1317091604819373,0.0680361907041523,0.0003787508488694159,0.1007342987781568,0.2804251296393203,0.0027992542432041,0.4159172153043596,0.0,0.0,2.848288239277593,-0.2308563275871891,-0.3128802029751161,0.0820238753879269,0.6143558613123329,0.3856441386876671,0.6208965115312348,0.3791034884687651,0.3856441386876671,-0.0065406502189019,-0.0107709664057802,0.0042303161868782,2009
2009-11-15,2009111501.0,6.0,1,3.0,02:08,3,2828.0,44.0,MIA,35.0,65.0,9.0,1.0,0.0,0.0,MIA,TB,(2:08) (Shotgun) C.Henne pass incomplete short left to D.Bess [T.Crowder].,1,0.0,0,0,0,0,Pass,C.Henne,00-0026197,1,Incomplete Pass,Short,10.0,0.0,1,left,0,,,0,,,D.Bess,00-0026000,0,,0,0,0,0,0.0,6.0,3.0,3.0,3.0,MIA,TB,0,3,3,3,3,3,0.0262769708067883,0.1773321607104405,0.0033622452477908,0.2696580495495563,0.2300819909725818,0.0045357431894585,0.2887528395233834,0.0,0.0,0.294260016486549,-1.6228285576384869,2.409074011137729,-3.1387746044711373,0.582293616209218,0.4177063837907819,0.5296912418540906,0.4703087581459094,0.582293616209218,-0.0526023743551274,0.0841730805263403,-0.06361267904339468,2009
2009-12-06,2009120608.0,19.0,4,,01:43,2,103.0,9.0,NO,20.0,20.0,0.0,4.0,0.0,0.0,,,Timeout #1 by WAS at 01:43. Timeout charge due to injury.,1,0.0,0,0,0,0,Timeout,,,0,,,0.0,0.0,0,,0,,,0,,,,,0,,0,0,0,0,0.0,,,,,WAS,NO,1,0,3,0,2,0,0.0,0.0,0.0,0.0,0.0,0.0,0.0,0.0,0.0,0.0,0.0,,,,,,,,0.0,,,2009
2011-11-06,2011110607.0,11.0,2,1.0,06:53,7,2213.0,30.0,OAK,48.0,52.0,10.0,16.0,0.0,0.0,OAK,DEN,(6:53) M.Bush right tackle to OAK 48 for no gain (E.Dumervil).,1,0.0,0,0,0,0,Run,,,0,,,0.0,0.0,0,,0,M.Bush,00-0025487,1,right,tackle,,,0,E.Dumervil,0,0,0,0,0.0,10.0,7.0,3.0,3.0,OAK,DEN,0,2,2,1,2,1,0.1726852649932563,0.0705293104757587,0.00047024660419978586,0.1042384668506157,0.2608434410997848,0.002703363045409,0.3885299069309754,0.0,0.0,2.565448705317015,-0.5830912869834599,,,0.6902852065508522,0.3097147934491477,0.671200317257711,0.328799682742289,0.6902852065508522,-0.0190848892931412,,,2011
2012-11-18,2012111810.0,26.0,3,2.0,06:40,7,1300.0,43.0,SD,27.0,73.0,3.0,17.0,0.0,1.0,SD,DEN,(6:40) (Shotgun) P.Rivers pass short left to M.Floyd to SD 37 for 10 yards (W.Woodyard).,1,10.0,0,0,0,0,Pass,P.Rivers,00-0022942,1,Complete,Short,8.0,0.0,0,left,0,,,0,,,M.Floyd,00-0022414,1,W.Woodyard,0,0,0,0,0.0,8.0,24.0,-16.0,16.0,DEN,SD,0,3,2,3,2,3,0.0103023807386848,0.1610410191547543,0.003596143477306,0.2413316196551431,0.2164114729410267,0.0038352088773776,0.3634821551557072,0.0,0.0,1.0216432406629097,1.0279018831873823,0.8504519294141513,0.1774499537732312,0.9150991970143872,0.0849008029856129,0.9041600965903682,0.0958399034096318,0.0849008029856129,0.0109391004240189,0.0098207531038686,0.0011183473201503,2012
2012-10-28,2012102800.0,5.0,1,,02:54,3,2874.0,0.0,GB,35.0,35.0,0.0,0.0,0.0,,JAC,GB,M.Crosby kicks 71 yards from GB 35 to JAC -6. M.Spurlock to JAC 11 for 17 yards (J.Bush).,1,17.0,0,0,0,0,Kickoff,,,0,,,0.0,0.0,0,,0,,,0,,,,,0,J.Bush,0,0,0,0,0.0,3.0,7.0,-4.0,4.0,GB,JAC,0,3,3,3,3,3,0.0273372041169551,0.1709847492515249,0.0062487858172272,0.2601784064875344,0.212898415808569,0.0034043973095198,0.3189480412086694,0.0,0.0,0.5314396657036624,-0.8689285068787611,,,0.6233876248779205,0.3766123751220794,0.6526909703396511,0.3473090296603489,0.3766123751220794,-0.0293033454617305,,,2012
2010-09-26,2010092605.0,24.0,4,2.0,02:00,2,120.0,0.0,DET,38.0,62.0,5.0,16.0,0.0,1.0,DET,MIN,(2:00) (Shotgun) Sh.Hill pass short left to M.Morris to DET 49 for 11 yards (J.Kennedy).,1,11.0,0,0,0,0,Pass,Sh.Hill,00-0020679,1,Complete,Short,2.0,0.0,0,left,0,,,0,,,M.Morris,00-0021182,1,J.Kennedy,0,0,0,0,0.0,10.0,24.0,-14.0,14.0,MIN,DET,0,2,2,2,2,2,0.4257920474265128,0.0639586889197529,0.000899140375030285,0.0929004827901715,0.1420766272852612,0.0018815761429443,0.2149096264435899,0.0,0.0,1.0903826922062816,0.8206116945496751,0.0916490960810152,0.7289625984686599,0.9867193604545188,0.0132806395454813,0.9880852106784336,0.0119147893215663,0.0132806395454813,-0.001365850223915,0.000101657863003363,-0.0014675080869183,2010
2015-10-11,2015101101.0,6.0,2,3.0,13:39,14,2619.0,68.0,CHI,11.0,89.0,4.0,6.0,0.0,0.0,CHI,KC,(13:39) (Shotgun) J.Cutler pass incomplete short right to J.Bellamy.,1,0.0,0,0,0,0,Pass,J.Cutler,00-0024226,1,Incomplete Pass,Short,0.0,0.0,0,right,0,,,0,,,J.Bellamy,00-0029319,0,,0,0,0,0,0.0,3.0,0.0,3.0,3.0,KC,CHI,0,3,3,3,3,3,0.0787507857522156,0.2388178142658563,0.009553273933919493,0.3442041711429343,0.1004018294094928,0.0030391862041902,0.2223583457863929,0.0,0.0,-1.2869460945343347,-1.205912564293844,-1.204320403183712,-0.0015921611101319,0.4781396883981056,0.5218603116018944,0.5147629531715627,0.4852370468284373,0.5218603116018944,-0.036623264773457,-0.0365699962010909,-5.326857236614968e-05,2015
2016-10-06,2016100600.0,16.0,2,3.0,00:11,1,1811.0,21.0,SF,23.0,77.0,2.0,11.0,0.0,0.0,SF,ARI,"(:11) (No Huddle, Shotgun) C.Hyde up the middle to SF 26 for 3 yards (M.Golden).",1,3.0,0,0,0,0,Run,,,0,,,0.0,0.0,0,,0,C.Hyde,00-0031045,1,middle,,,,0,M.Golden,0,0,0,0,0.0,7.0,7.0,0.0,0.0,SF,ARI,0,2,2,1,2,1,0.4257920474265128,0.049191413148466,0.0029173436970845,0.0341394962897687,0.0704106638225502,0.0003843331313100159,0.0906860601308186,0.0,0.0,0.4544176777780525,-0.4544176777780525,,,0.5109114840446395,0.4890885159553605,,,0.5109114840446395,,,,2016
2010-09-12,2010091200.0,15.0,3,4.0,08:13,9,1393.0,0.0,CLE,29.0,71.0,20.0,-10.0,0.0,1.0,CLE,TB,"(8:13) (Punt formation) R.Hodges punts 44 yards to TB 27, Center-R.Pontbriand. M.Spurlock to TB 30 for 3 yards. PENALTY on TB-A.Benn, Offensive Holding, 10 yards, enforced at TB 30.",1,3.0,0,0,0,0,Punt,,,0,,,0.0,0.0,0,,0,,,0,,,,,0,,0,0,0,1,0.0,14.0,10.0,4.0,4.0,TB,CLE,0,3,3,3,3,3,0.0072543648844675,0.2832009367140367,0.0067594584783374,0.4058980708545372,0.1280669549300682,0.0055400797949512,0.1632801343436017,0.0,0.0,-2.166166258295227,1.715556616606344,,,0.4573076786206709,0.5426923213793291,0.3633345021342374,0.6366654978657625,0.5426923213793291,0.05888471184731932,,,2010
2011-10-23,2011102306.0,5.0,1,1.0,07:43,8,3163.0,9.0,SEA,33.0,67.0,10.0,2.0,0.0,0.0,SEA,CLE,(7:43) (Shotgun) J.Forsett left tackle to SEA 35 for 2 yards (J.Sheard).,1,2.0,0,0,0,0,Run,,,0,,,0.0,0.0,0,,0,J.Forsett,00-0026373,1,left,tackle,,,0,J.Sheard,0,0,0,0,0.0,0.0,0.0,0.0,0.0,CLE,SEA,0,3,3,3,3,3,0.0066953964754596,0.1326831806561919,0.0022201475528813,0.2037293466795136,0.2636723970935319,0.0035916972072119,0.3874078343352095,0.0,0.0,1.6814601622105516,-0.4171487095894932,,,0.4569049930059334,0.5430950069940665,0.4685475505777616,0.5314524494222383,0.5430950069940665,-0.0116425575718281,,,2011
2011-11-06,2011110611.0,23.0,4,1.0,00:24,1,24.0,27.0,ARI,41.0,41.0,10.0,27.0,0.0,0.0,STL,ARI,"(:24) (No Huddle, Shotgun) S.Bradford pass short middle to A.Pettis to ARI 37 for 4 yards (M.Adams). ARI-M.Adams was injured during the play.  The Replay Assistant challenged the pass completion ruling, and the play was Upheld.",1,4.0,0,0,0,0,Pass,S.Bradford,00-0027854,1,Complete,Short,3.0,0.0,0,middle,0,,,0,,,A.Pettis,00-0028016,1,M.Adams,0,0,1,0,0.0,13.0,13.0,0.0,0.0,ARI,STL,0,1,0,1,0,1,0.4257920474265128,0.0256297791704879,0.00016930928566068505,0.0184682064399363,0.2552405664576526,0.0006127130959426111,0.2212878598813222,0.0,0.0,2.1094567435717586,-0.0270825164893251,-0.0933890383186808,0.0663065218293557,0.0784953648383316,0.9215046351616684,0.0541913308370456,0.9458086691629544,0.9215046351616684,0.024304034001286,0.0199744554588386,0.0043295785424473,2011
2009-12-27,2009122702.0,15.0,3,1.0,10:11,11,1511.0,40.0,OAK,45.0,55.0,10.0,25.0,0.0,0.0,OAK,CLE,(10:11) M.Bush left guard to OAK 47 for 2 yards (J.Trusnik).,1,2.0,0,0,0,0,Run,,,0,,,0.0,0.0,0,,0,M.Bush,00-0025487,1,left,guard,,,0,J.Trusnik,0,0,0,0,0.0,9.0,20.0,-11.0,11.0,CLE,OAK,0,3,3,3,3,3,0.0027748115384936,0.0984224723627213,0.0007993415158145177,0.151705319427848,0.3034192777350222,0.00353550607959,0.4393432713405102,0.0,0.0,2.6339284086330896,-0.3681368404153793,,,0.7911430398202747,0.2088569601797253,0.8020578702591553,0.1979421297408446,0.2088569601797253,-0.0109148304388806,,,2009
2016-12-24,2016122403.0,18.0,4,3.0,07:32,8,452.0,4.0,SD,40.0,60.0,1.0,21.0,0.0,0.0,SD,CLE,(7:32) K.Farrow left guard to SD 39 for -1 yards (J.Taylor; T.Williams Sr.).,1,-1.0,0,0,0,0,Run,,,0,,,0.0,0.0,0,,0,K.Farrow,00-0032902,1,left,guard,,,0,J.Taylor,0,0,0,0,0.0,17.0,20.0,-3.0,3.0,CLE,SD,0,3,2,3,2,3,0.1903678602408435,0.0996109120846352,0.0014774305816341,0.1429953463705599,0.188917215830118,0.0023505343752167,0.3742807005169922,0.0,0.0,1.8886625978486395,-2.127565330357552,,,0.5683234374602636,0.4316765625397364,0.6626987744850613,0.3373012255149387,0.4316765625397364,-0.05867359827459407,,,2016
2013-11-24,2013112401.0,11.0,2,1.0,00:37,1,1837.0,0.0,CLE,14.0,14.0,10.0,40.0,0.0,0.0,PIT,CLE,(:37) (No Huddle) B.Roethlisberger spiked the ball to stop the clock. CLE-T.Carder was injured during the play. His return is Questionable.,1,0.0,0,0,0,0,Spike,,00-0022924,0,,,0.0,0.0,0,,0,,,0,,,,,0,,0,0,0,0,0.0,10.0,3.0,7.0,7.0,CLE,PIT,0,1,3,1,3,1,0.2616104431180077,0.014153234150711,1.8298855257449195e-05,0.0101631400728178,0.3863534396938175,0.0006384353373170861,0.3270630087720714,0.0,0.0,3.336139970488213,-0.3560563455507242,,,0.1665577989336185,0.8334422010663814,0.1765307515632292,0.8234692484367707,0.8334422010663814,-0.0099729526296107,,,2013
2013-11-17,2013111705.0,5.0,2,2.0,12:29,13,2549.0,40.0,SD,25.0,25.0,1.0,64.0,0.0,1.0,MIA,SD,(12:29) M.Thigpen left end to SD 16 for 9 yards (E.Weddle).,1,9.0,0,0,0,0,Run,,,0,,,0.0,0.0,0,,0,M.Thigpen,00-0026577,1,left,end,,,0,E.Weddle,0,0,0,0,0.0,3.0,7.0,-4.0,4.0,MIA,SD,0,3,3,3,3,3,0.0241039117910282,0.0321428155163669,5.874237183359554e-05,0.0465567889641544,0.3414677962742403,0.0024375489534282,0.5532323961289483,0.0,0.0,4.479461805590366,0.0376164213949818,,,0.4855770078626424,0.5144229921373575,0.4883933429781719,0.5116066570218281,0.4855770078626424,0.0028163351155294,,,2013
2015-10-08,2015100800.0,7.0,2,2.0,03:50,4,2030.0,31.0,IND,15.0,15.0,6.0,50.0,0.0,0.0,HOU,IND,"(3:50) (Shotgun) B.Hoyer pass incomplete short right to D.Hopkins. PENALTY on HOU-O.Aboushi, Chop Block, 15 yards, enforced at IND 15 - No Play.",1,0.0,0,0,0,0,No Play,B.Hoyer,,1,Incomplete Pass,Short,0.0,0.0,0,right,0,,,0,,,D.Hopkins,,0,,0,0,0,1,0.0,0.0,13.0,-13.0,13.0,HOU,IND,0,2,2,3,2,3,0.1313243689835401,0.0245668137230416,3.7021446569464665e-05,0.0363482772331676,0.3722080493110387,0.0020800706115663,0.433435398691076,0.0,0.0,3.8266196552993432,-1.0150857844178298,,,0.1901402319449616,0.8098597680550383,0.1672160784222459,0.832783921577754,0.1901402319449616,-0.0229241535227157,,,2015
2015-09-20,2015092006.0,7.0,2,2.0,04:43,5,2083.0,39.0,CHI,11.0,11.0,5.0,72.0,0.0,0.0,ARI,CHI,(4:43) C.Johnson left tackle to CHI 8 for 3 yards (S.McClellin).,1,3.0,0,0,0,0,Run,,,0,,,0.0,0.0,0,,0,C.Johnson,00-0026164,1,left,tackle,,,0,S.McClellin,0,0,0,0,0.0,14.0,14.0,0.0,0.0,CHI,ARI,0,3,3,3,3,3,0.0961010456900041,0.0216973593235018,2.618347200019436e-05,0.0320689860972148,0.3898658121970949,0.0020360696783316,0.4582045435418525,0.0,0.0,4.091474033145905,-0.4147419361369691,,,0.3727504869509942,0.6272495130490058,0.3885015734675123,0.6114984265324876,0.6272495130490058,-0.0157510865165181,,,2015
2012-11-05,2012110500.0,4.0,1,,02:36,3,2856.0,15.0,MID,50.0,50.0,0.0,76.0,0.0,,PHI,NO,"Kickoff moved to 50 because of the personal foul on the interception. T.Morstead kicks 50 yards from 50 to end zone, Touchback.",1,0.0,0,0,0,0,Kickoff,,,0,,,0.0,0.0,0,,0,,,0,,,,,0,,0,0,0,0,0.0,0.0,6.0,-6.0,6.0,NO,PHI,0,2,2,2,2,2,0.0293323537804621,0.1705301525794027,0.0062305338126387,0.2593098653288174,0.212575883055323,0.0033950310173876,0.3186261804259684,0.0,0.0,0.5356803915173165,0.0,,,0.6928444857463998,0.3071555142536001,0.6928444857463998,0.3071555142536001,0.3071555142536001,0.0,,,2012
2012-10-07,2012100702.0,7.0,2,1.0,12:25,13,2545.0,0.0,IND,20.0,80.0,10.0,-5.0,0.0,1.0,IND,GB,"(12:25) (Run formation) PENALTY on IND-W.Justice, False Start, 5 yards, enforced at IND 20 - No Play.",1,0.0,0,0,0,0,No Play,,,0,,,0.0,0.0,0,,0,,,0,,,,,0,,0,0,0,1,0.0,0.0,14.0,-14.0,14.0,IND,GB,0,2,2,3,2,3,0.095619554027584,0.1571985622403593,0.0057174154979309,0.2362391947378349,0.1998764001254394,0.0031246033359526,0.3022242700348987,0.0,0.0,0.5847434164107308,-0.6568330345089992,,,0.1092736912777106,0.8907263087222893,0.1012328426664598,0.8987671573335402,0.1092736912777106,-0.0080408486112508,,,2012
2016-10-30,2016103003.0,10.0,2,1.0,08:43,9,2323.0,7.0,NYJ,15.0,85.0,10.0,15.0,0.0,1.0,NYJ,CLE,(8:43) (Shotgun) M.Forte right guard to NYJ 30 for 15 yards (C.Kirksey).,1,15.0,0,0,0,0,Run,,,0,,,0.0,0.0,0,,0,M.Forte,00-0026184,1,right,guard,,,0,C.Kirksey,0,0,0,0,0.0,7.0,10.0,-3.0,3.0,CLE,NYJ,0,3,3,3,3,3,0.2202835045608036,0.1481631699619931,0.0072657025856527,0.220958941363298,0.1584997417950575,0.0026153532739205,0.2422135864592743,0.0,0.0,0.1704915325475633,1.1690655711053224,,,0.600842395136199,0.399157604863801,0.5600223332105311,0.4399776667894688,0.399157604863801,0.0408200619256678,,,2016
2014-12-21,2014122102.0,1.0,1,1.0,15:00,15,3600.0,0.0,HOU,20.0,80.0,10.0,35.0,0.0,1.0,HOU,BAL,(15:00) (Shotgun) C.Keenum pass deep left to A.Johnson pushed ob at BAL 45 for 35 yards (R.Melvin).,1,17.5,0,0,0,0,Pass,C.Keenum,00-0028986,1,Complete,Deep,10.0,0.0,0,left,0,,,0,,,A.Johnson,00-0022044,1,R.Melvin,0,0,0,0,0.0,0.0,0.0,0.0,0.0,HOU,BAL,0,3,3,3,3,3,0.0015063265025897,0.1797487862643072,0.0066391083784486,0.281137706070735,0.2137001434842491,0.0035923127788396,0.3136756165208305,0.0,0.0,0.3235258536112761,2.311291607352805,2.6080889664562035,0.3271699522340601,0.4856749860969135,0.5143250139030865,0.5766722903553482,0.4233277096446518,0.4856749860969135,0.05888471184731932,0.0796432144708106,0.0113540897876239,2014
2016-12-18,2016121800.0,16.0,3,4.0,07:00,7,1320.0,6.0,BAL,37.0,63.0,12.0,-2.0,0.0,1.0,BAL,PHI,"(7:00) (Punt formation) S.Koch punts 51 yards to PHI 12, Center-M.Cox, downed by BAL-D.Waller.",1,0.0,0,0,0,0,Punt,,,0,,,0.0,0.0,0,,0,,,0,,,,,0,,0,0,0,0,0.0,20.0,14.0,6.0,6.0,BAL,PHI,0,3,3,3,3,3,0.0093945537414057,0.2451752059815713,0.0045997008463617,0.3581728775251226,0.1843961491719994,0.0060164960945639,0.192245016638975,0.0,0.0,-1.3409986061353445,1.6585917105683874,,,0.6432665695459943,0.3567334304540057,0.73577559439975,0.2642244056002499,0.6432665695459943,0.05888471184731932,,,2016
2013-10-06,2013100610.0,19.0,4,,04:24,5,264.0,5.0,OAK,35.0,35.0,0.0,0.0,0.0,,SD,OAK,"S.Janikowski kicks 72 yards from OAK 35 to SD -7. D.Woodhead, Touchback.",1,0.0,0,0,0,0,Kickoff,,,0,,,0.0,0.0,0,,0,,,0,,,,,0,,0,0,0,0,0.0,17.0,20.0,-3.0,3.0,OAK,SD,0,2,2,2,2,2,0.4230175483487396,0.0985952583666858,0.0035608681502175,0.1454953939094573,0.1292617874449604,0.0019549044062399,0.1981142393736993,0.0,0.0,0.4571195779965628,0.0,,,0.6371906252670942,0.3628093747329057,0.6371906252670942,0.3628093747329057,0.3628093747329057,0.0,,,2013
2010-11-07,2010110702.0,8.0,2,4.0,13:51,14,2631.0,37.0,NE,43.0,43.0,2.0,8.0,0.0,1.0,CLE,NE,"(13:51) R.Hodges punts 22 yards to NE 21, Center-R.Pontbriand, fair catch by W.Welker.",1,0.0,0,0,0,0,Punt,,,0,,,0.0,0.0,0,,0,,,0,,,,,0,,0,0,0,0,0.0,10.0,0.0,10.0,10.0,CLE,NE,0,1,1,3,1,3,0.0494659477788274,0.1331467056806294,0.0012967393814761,0.2041903589711931,0.3442123339721679,0.0057365302846703,0.2619513839310355,0.0,0.0,1.0464036413999007,-1.7165792497785046,,,0.799942173371335,0.200057826628665,0.79478181733928,0.20521818266072,0.799942173371335,-0.005160356032055,,,2010
2009-11-08,2009110811.0,19.0,4,3.0,11:26,12,686.0,39.0,DAL,45.0,45.0,1.0,30.0,0.0,0.0,PHI,DAL,(11:26) L.McCoy left tackle to DAL 45 for no gain (B.James).,1,0.0,0,0,0,0,Run,,,0,,,0.0,0.0,0,,0,L.McCoy,00-0027029,1,left,tackle,,,0,B.James,0,0,0,0,0.0,13.0,13.0,0.0,0.0,PHI,DAL,0,1,1,1,1,1,0.0598968234596977,0.0752104511056237,0.0005910794526156894,0.1110011187146605,0.2931410880412551,0.00261891684373,0.4575405223824172,0.0,0.0,3.08362341126342,-2.000026301579031,,,0.6101129247115469,0.3898870752884531,0.5334954873941613,0.4665045126058387,0.6101129247115469,-0.05867359827459407,,,2009
2016-12-18,2016121805.0,13.0,2,,00:13,1,1813.0,4.0,KC,35.0,35.0,0.0,0.0,0.0,,TEN,KC,C.Santos kicks 59 yards from KC 35 to TEN 6. M.Mariani to TEN 31 for 25 yards (A.Sherman).,1,17.5,0,0,0,0,Kickoff,,,0,,,0.0,0.0,0,,0,,,0,,,,,0,A.Sherman,0,0,0,0,0.0,7.0,17.0,-10.0,10.0,KC,TEN,0,3,0,3,0,3,0.4257920474265128,0.0390829875500679,0.0020136143570073,0.0282913996125604,0.1092908762369005,0.00042002262654455353,0.0976278364398202,0.0,0.0,0.692791540390391,-0.692791540390391,,,0.8083315064858276,0.1916684935141724,0.8242861627780316,0.1757138372219684,0.1916684935141724,-0.0159546562922039,,,2016
2014-09-14,2014091404.0,24.0,4,3.0,00:37,1,37.0,4.0,NE,16.0,16.0,10.0,51.0,0.0,0.0,MIN,NE,(:37) (Shotgun) M.Cassel sacked at NE 30 for -14 yards (D.Hightower).,1,-10.5,0,0,0,0,Sack,,00-0023662,0,,,0.0,0.0,1,,0,,,0,,,,,0,D.Hightower,0,1,0,0,0.0,13.0,23.0,-10.0,10.0,MIN,NE,0,3,3,2,3,2,0.3027032679598474,0.0186725834961487,8.403089338484647e-05,0.0144434143094237,0.4938614254511198,0.0008221984248510075,0.1694130794652245,0.0,0.0,2.511830517018451,-1.1441881222619026,,,0.0157729233848514,0.9842270766151486,3.5691087865143134e-05,0.999964308912135,0.0157729233848514,-0.0157372322969862,,,2014
2012-12-16,2012121613.0,14.0,2,1.0,00:14,1,1814.0,4.0,NE,14.0,14.0,14.0,74.0,1.0,0.0,SF,NE,(:14) (Shotgun) C.Kaepernick left end ran ob at NE 4 for 10 yards. NE-A.Dennard was injured during the play.,1,10.0,0,0,0,0,Run,,,0,,,0.0,0.0,0,,0,C.Kaepernick,00-0027974,1,left,end,,,0,,0,0,0,0,0.0,14.0,3.0,11.0,11.0,NE,SF,0,1,1,1,1,1,0.204213250127406,0.0081884457006925,5.155309081625164e-06,0.0042964344900954,0.4660397318522853,0.0003474916322025429,0.3169094908882366,0.0,0.0,3.5625299258880085,0.6746874617373004,,,0.0998150750541125,0.9001849249458874,0.0924255051115805,0.9075744948884196,0.9001849249458874,0.007389569942532,,,2012
2014-12-07,2014120702.0,18.0,3,1.0,02:47,3,1067.0,46.0,TB,38.0,38.0,10.0,88.0,0.0,0.0,DET,TB,"(2:47) (Shotgun) M.Stafford Aborted. D.Raiola FUMBLES at TB 38, recovered by DET-M.Stafford at TB 46. M.Stafford pass incomplete short right. Ball thrown away.",1,0.0,0,0,0,0,Pass,M.Stafford,00-0026498,1,Incomplete Pass,Short,0.0,0.0,0,right,0,,,0,,,,,0,,1,0,0,0,0.0,20.0,10.0,10.0,10.0,DET,TB,0,3,3,2,3,2,0.0101135695033379,0.0575398925399608,0.00016623762882529643,0.0869941463888079,0.3444707817221672,0.0030756275417304,0.4976397446751701,0.0,0.0,3.741130635376965,-0.5025950856777395,-0.5026430853459125,4.799966817303769e-05,0.8923780795019663,0.1076219204980336,0.8849693646036145,0.1150306353963854,0.8923780795019663,-0.0074087148983518,-0.0074434440464589,3.4729148107093266e-05,2014
2010-10-10,2010101000.0,7.0,2,2.0,09:05,10,2345.0,35.0,BUF,44.0,44.0,7.0,38.0,0.0,1.0,JAC,BUF,"(9:05) D.Garrard pass short right to Z.Miller to BUF 37 for 7 yards (L.McKelvin, P.Posluszny). Caught near sideline at BUF 45.",1,7.0,0,0,0,0,Pass,D.Garrard,00-0021231,1,Complete,Short,-1.0,0.0,0,right,0,,,0,,,Z.Miller,00-0027125,1,L.McKelvin,0,0,0,0,0.0,3.0,13.0,-10.0,10.0,BUF,JAC,0,3,3,3,3,3,0.0963501960131108,0.070680068867209,0.0004440190757405664,0.1055077271329778,0.3153910280599996,0.0030705111927993,0.4085564496581628,0.0,0.0,2.8607269194887843,0.7174778065128744,-0.896078001566561,1.6135558080794354,0.7458431429380887,0.2541568570619112,0.7204774487866821,0.2795225512133179,0.2541568570619112,0.0253656941514066,-0.0259078074262488,0.0512735015776554,2010
2011-12-12,2011121200.0,8.0,2,3.0,05:19,6,2119.0,41.0,SEA,44.0,56.0,2.0,14.0,0.0,1.0,SEA,STL,(5:19) T.Jackson pass short left to G.Tate to 50 for 6 yards (J.Laurinaitis; J.Gordy).,1,6.0,0,0,0,0,Pass,T.Jackson,00-0024279,1,Complete,Short,6.0,0.0,0,left,0,,,0,,,G.Tate,00-0027891,1,J.Laurinaitis,0,0,0,0,0.0,9.0,3.0,6.0,6.0,SEA,STL,0,3,3,3,3,3,0.2742377418597266,0.0870881630859778,0.0010957012845004,0.1266871168851116,0.1964899245363272,0.0024310450258106,0.3119703073225455,0.0,0.0,1.6278583048957056,0.8096526082940636,0.8096526082940636,0.0,0.749932873210784,0.250067126789216,0.7740826521732852,0.2259173478267148,0.749932873210784,0.0241497789625012,0.0241497789625012,0.0,2011
2010-10-03,2010100305.0,10.0,2,1.0,01:13,2,1873.0,7.0,ATL,33.0,67.0,10.0,49.0,0.0,0.0,ATL,SF,"(1:13) (Shotgun) M.Ryan pass short middle to T.Gonzalez to ATL 42 for 9 yards (T.Brown, T.Mays).",1,9.0,0,0,0,0,Pass,M.Ryan,00-0026143,1,Complete,Short,7.0,0.0,0,middle,0,,,0,,,T.Gonzalez,00-0006101,1,T.Brown,0,0,0,0,0.0,7.0,13.0,-6.0,6.0,ATL,SF,0,3,3,1,3,1,0.4257920474265128,0.0424788323603725,0.0013509229559647,0.0307833523198369,0.1595773998970183,0.0005511712913836104,0.141320454325062,0.0,0.0,1.12345591331735,0.4524619001960985,0.202367264991526,0.2500946352045725,0.3310446716416353,0.6689553283583647,0.3505162305244523,0.6494837694755478,0.3310446716416353,0.0194715588828169,0.0070242622794519,0.012447296603365,2010
2015-09-27,2015092705.0,6.0,2,3.0,02:15,3,1935.0,0.0,PIT,31.0,31.0,4.0,50.0,0.0,0.0,STL,PIT,(2:15) (Shotgun) N.Foles pass incomplete short right to K.Britt.,1,0.0,0,0,0,0,Pass,N.Foles,00-0029567,1,Incomplete Pass,Short,10.0,0.0,0,right,0,,,0,,,K.Britt,00-0027006,0,,0,0,0,0,0.0,0.0,9.0,-9.0,9.0,STL,PIT,0,2,2,3,2,3,0.2936705743634349,0.0414237030594534,0.0001806956132018,0.0625752002327054,0.3122364059124099,0.0023538931688618,0.2875595276499327,0.0,0.0,2.3916747955907804,-0.6826079240150413,1.2321010179469938,-1.9147089419620351,0.2587808589304299,0.7412191410695701,0.237827265382149,0.7621727346178511,0.2587808589304299,-0.0209535935482809,0.0400380942495943,-0.0609916877978753,2015
2010-09-26,2010092609.0,22.0,4,4.0,02:42,3,162.0,4.0,SF,17.0,83.0,15.0,-5.0,0.0,1.0,SF,KC,"(2:42) A.Lee punts 51 yards to KC 32, Center-B.Jennings. D.McCluster pushed ob at SF 38 for 30 yards (A.Lee).",1,17.5,0,0,0,0,Punt,,,0,,,0.0,0.0,0,,0,,,0,,,,,0,A.Lee,0,0,0,0,0.0,3.0,31.0,-23.5,23.0,KC,SF,0,3,3,3,3,3,0.4257920474265128,0.153566403507048,0.0046632133693259,0.2085350258562828,0.0314023433248952,0.0021137249654109,0.0812276015346667,0.0,0.0,-1.2627431276056011,-1.5366473212203422,,,0.9999282783604672,7.172163953268148e-05,0.999983535291722,1.646470827798563e-05,7.172163953268148e-05,-5.525693125469585e-05,,,2010
2014-11-16,2014111605.0,2.0,1,1.0,06:45,7,3105.0,23.0,CIN,44.0,56.0,10.0,23.0,0.0,0.0,CIN,NO,(6:45) (Shotgun) J.Hill left guard to CIN 46 for 2 yards (B.Bunkley).,1,2.0,0,0,0,0,Run,,,0,,,0.0,0.0,0,,0,J.Hill,00-0031301,1,left,guard,,,0,B.Bunkley,0,0,0,0,0.0,0.0,3.0,-3.0,3.0,NO,CIN,0,3,2,3,2,3,0.0064768622451949,0.0996692364198809,0.0008572970359689046,0.1524557130534169,0.2998981965998105,0.0034933767594864,0.4371493178862413,0.0,0.0,2.5988142738165942,-0.3707046111001437,,,0.502536126248027,0.4974638737519729,0.5133066499363095,0.4866933500636905,0.4974638737519729,-0.0107705236882824,,,2014
2013-11-11,2013111100.0,18.0,3,1.0,01:34,2,994.0,14.0,TB,7.0,7.0,7.0,-2.0,1.0,0.0,MIA,TB,(1:34) (Shotgun) D.Thomas left end to TB 9 for -2 yards (M.Foster).,1,-2.0,0,0,0,0,Run,,,0,,,0.0,0.0,0,,0,D.Thomas,00-0028000,1,left,end,,,0,M.Foster,0,0,0,0,0.0,16.0,15.0,1.0,1.0,TB,MIA,0,3,2,3,2,3,0.0034173458511362,0.0119169680997191,7.676489805132184e-06,0.0138849414295735,0.304076531122245,0.0016036408406639,0.6650928961668571,0.0,0.0,5.43812630093028,-0.6063557291351902,,,0.2893934093103937,0.7106065906896063,0.3113328584904906,0.6886671415095094,0.7106065906896063,-0.0219394491800969,,,2013
2009-09-20,2009092009.0,20.0,4,2.0,13:57,14,837.0,26.0,TB,35.0,35.0,8.0,47.0,0.0,1.0,BUF,TB,"(13:57) (No Huddle, Shotgun) T.Edwards pass short middle to F.Jackson to TB 26 for 9 yards (B.Ruud; J.Phillips) [G.Hayes]. Caught at TB 30.",1,9.0,0,0,0,0,Pass,T.Edwards,00-0025479,1,Complete,Short,5.0,0.0,1,middle,0,,,0,,,F.Jackson,00-0024204,1,,0,0,0,0,0.0,19.0,14.0,5.0,5.0,BUF,TB,0,3,3,3,3,3,0.0249142031514646,0.0592393450683627,0.00024763534167463505,0.0898490968541515,0.3734098802579726,0.0031355231878475,0.4492043161385263,0.0,0.0,3.463773916251798,0.7631920246926618,-0.1095134409717557,0.8727054656644175,0.7893796257510615,0.2106203742489385,0.813716135942905,0.1862838640570949,0.7893796257510615,0.0243365101918435,-0.0030745102395947,0.0274110204314382,2009
2013-09-15,2013091503.0,7.0,1,,01:04,2,2764.0,0.0,CHI,35.0,35.0,0.0,0.0,0.0,,MIN,CHI,"R.Gould kicks 72 yards from CHI 35 to MIN -7. C.Patterson to MIN 15 for 22 yards (J.Bostic). PENALTY on MIN-L.Dean, Offensive Holding, 5 yards, enforced at MIN 11.",1,17.5,0,0,0,0,Kickoff,,,0,,,0.0,0.0,0,,0,,,0,,,,,0,J.Bostic,0,0,0,1,0.0,7.0,14.0,-7.0,7.0,CHI,MIN,0,3,3,3,3,3,0.0419358754737666,0.1677904510206485,0.0061222025985474,0.254256542383366,0.210389540430819,0.0033389033244839,0.3161664847683684,0.0,0.0,0.5556002663774009,-1.3198259416107438,,,0.7300629917809096,0.2699370082190903,0.7696242855111217,0.2303757144888782,0.2699370082190903,-0.0395612937302121,,,2013
2016-10-02,2016100211.0,11.0,3,2.0,13:20,14,1700.0,33.0,DAL,15.0,15.0,11.0,62.0,0.0,0.0,SF,DAL,"(13:20) (No Huddle, Shotgun) C.Hyde up the middle to DAL 13 for 2 yards (T.Crawford, T.McClain).",1,2.0,0,0,0,0,Run,,,0,,,0.0,0.0,0,,0,C.Hyde,00-0031045,1,middle,,,,0,T.Crawford,0,0,0,0,0.0,14.0,14.0,0.0,0.0,SF,DAL,0,3,3,3,3,3,0.0004356934390618522,0.0337924865317058,5.7520927079519095e-05,0.0535571899753759,0.4522577502757662,0.0027735290125375,0.4571258298384729,0.0,0.0,4.085808286444776,-0.6355275130315841,,,0.6245730142307468,0.3754269857692531,0.6013953397757669,0.3986046602242331,0.6245730142307468,-0.0231776744549799,,,2016
2016-12-04,2016120407.0,10.0,3,,15:00,15,1800.0,5.0,NO,35.0,35.0,0.0,0.0,0.0,,DET,NO,W.Lutz kicks 70 yards from NO 35 to DET -5. A.Roberts to DET 23 for 28 yards (C.Banjo).,1,17.5,0,0,0,0,Kickoff,,,0,,,0.0,0.0,0,,0,,,0,,,,,0,C.Banjo,0,0,0,0,0.0,13.0,6.0,7.0,7.0,NO,DET,0,3,3,3,3,3,0.0013736795911316,0.1626315095188615,0.004440726358228,0.2541786337864296,0.23308117414857,0.0036557130265806,0.3406385635701985,0.0,0.0,0.8149984757122131,-0.1934837992115783,,,0.2436770129230984,0.7563229870769016,0.249847171322174,0.750152828677826,0.7563229870769016,-0.0061701583990756,,,2016
2016-11-13,2016111308.0,4.0,2,1.0,14:28,15,2668.0,32.0,MIN,38.0,38.0,10.0,91.0,0.0,0.0,WAS,MIN,"(14:28) K.Cousins pass deep left to V.Davis for 38 yards, TOUCHDOWN.",1,17.5,1,1,0,0,Pass,K.Cousins,00-0029604,1,Complete,Deep,10.0,0.0,0,left,0,,,0,,,V.Davis,00-0024221,1,,0,0,0,0,0.0,7.0,0.0,7.0,7.0,WAS,MIN,0,3,3,3,3,3,0.022129687636363,0.0561095618800676,0.0001616347626436197,0.0841947973565146,0.340191300951749,0.0029960983559256,0.4942169190567363,0.0,0.0,3.72806899630316,2.311291607352805,0.9393389665872078,2.332592037109632,0.8126143889483785,0.1873856110516215,0.8718845134760382,0.1281154865239617,0.8126143889483785,0.05888471184731932,0.0199110334708277,0.0393590910568319,2016
2013-10-03,2013100300.0,8.0,2,1.0,14:19,15,2659.0,5.0,BUF,12.0,88.0,10.0,24.0,0.0,0.0,BUF,CLE,(14:19) C.Spiller left guard to BUF 12 for no gain (C.Robertson).,1,0.0,0,0,0,0,Run,,,0,,,0.0,0.0,0,,0,C.Spiller,00-0027861,1,left,guard,,,0,C.Robertson,0,0,0,0,0.0,10.0,3.0,7.0,7.0,CLE,BUF,0,2,3,2,3,2,0.0710412908188132,0.187920410571021,0.009553273933919493,0.2839632563413521,0.1759027336514719,0.0030965687538803,0.2669748070138878,0.0,0.0,-0.1709809042422831,-0.6967216453502212,,,0.3144038873807059,0.6855961126192941,0.3395997955351368,0.6604002044648631,0.6855961126192941,-0.0251959081544309,,,2013
2014-10-26,2014102612.0,14.0,3,2.0,00:05,1,905.0,31.0,NO,44.0,44.0,4.0,44.0,0.0,0.0,GB,NO,"(:05) (Shotgun) A.Rodgers pass short right to J.Nelson pushed ob at NO 36 for 8 yards (K.Lewis). Pass 8, YAC 0",1,8.0,0,0,0,0,Pass,A.Rodgers,00-0023459,1,Complete,Short,8.0,0.0,0,right,0,,,0,,,J.Nelson,00-0026176,1,K.Lewis,0,0,0,0,0.0,16.0,30.0,-14.0,14.0,NO,GB,0,3,3,3,3,3,0.0243546366350897,0.0731324550619999,0.0004209853718327719,0.10933675911864,0.3280300159798231,0.0032987352564475,0.4614264125761667,0.0,0.0,3.2350757567253856,0.5945418163792486,0.5945418163792486,0.0,0.8689539233190838,0.1310460766809162,0.8576760044570229,0.1423239955429771,0.1310460766809162,0.0112779188620609,0.0112779188620609,0.0,2014
2013-11-03,2013110309.0,17.0,3,2.0,07:52,8,1372.0,4.0,NE,16.0,16.0,10.0,38.0,0.0,0.0,PIT,NE,"(7:52) (No Huddle, Shotgun) B.Roethlisberger pass short middle to A.Brown to NE 8 for 8 yards (D.Harmon).",1,8.0,0,0,0,0,Pass,B.Roethlisberger,00-0022924,1,Complete,Short,5.0,0.0,0,middle,0,,,0,,,A.Brown,00-0027793,1,D.Harmon,0,0,0,0,0.0,17.0,24.0,-7.0,7.0,NE,PIT,0,3,3,3,3,3,0.001661575433029,0.0337916334721023,5.913035231647164e-05,0.0527743253632255,0.4452809622097943,0.0027230759454608,0.4637092972240713,0.0,0.0,4.116340680425284,-0.0764927418440715,-0.4096325146418387,0.3331397727977672,0.6134235416101186,0.3865764583898813,0.6172486799360677,0.3827513200639322,0.3865764583898813,-0.0038251383259491,-0.0144874281430013,0.0106622898170521,2013
2012-09-23,2012092308.0,24.0,4,1.0,00:35,1,35.0,10.0,IND,38.0,62.0,10.0,0.0,0.0,0.0,IND,JAC,(:35) (Shotgun) A.Luck pass incomplete short right to T.Hilton [T.Knighton].,1,0.0,0,0,0,0,Pass,A.Luck,00-0029668,1,Incomplete Pass,Short,6.0,0.0,1,right,0,,,0,,,T.Hilton,00-0029608,0,,0,0,0,0,0.0,17.0,22.0,-5.0,5.0,IND,JAC,0,0,0,0,0,0,0.4257920474265128,0.0362543069507634,0.0008518871854214328,0.026215566540522,0.1645784239415384,0.000528990387667229,0.1452718811464192,0.0,0.0,1.2177207596180968,-0.2327697829540738,0.1189007956476424,-0.3516705786017162,0.0509786308670744,0.9490213691329256,0.0370452297578618,0.962954770242138,0.0509786308670744,-0.0139334011092125,-0.009865698344588,-0.0040677027646244,2012
2015-11-22,2015112211.0,1.0,1,2.0,14:23,15,3563.0,37.0,KC,24.0,76.0,6.0,11.0,0.0,1.0,KC,SD,(14:23) (Shotgun) D.Thomas right end to KC 31 for 7 yards (J.Attaochu).,1,7.0,0,0,0,0,Run,,,0,,,0.0,0.0,0,,0,D.Thomas,00-0031060,1,right,end,,,0,J.Attaochu,0,0,0,0,0.0,0.0,0.0,0.0,0.0,SD,KC,0,3,3,3,3,3,0.0016829560653316,0.1855016053114864,0.0054050710592648,0.2869836546981251,0.2065851528402449,0.0039573519549445,0.3098842080706024,0.0,0.0,0.2206590779849766,1.183506927822733,,,0.5151288114686852,0.4848711885313148,0.4784882187356291,0.5215117812643708,0.4848711885313148,0.036640592733056,,,2015
2012-09-09,2012090902.0,16.0,3,1.0,01:11,2,971.0,39.0,NYJ,44.0,56.0,10.0,27.0,0.0,0.0,NYJ,BUF,(1:11) (Shotgun) T.Tebow left tackle to NYJ 47 for 3 yards (K.Sheppard).,1,3.0,0,0,0,0,Run,,,0,,,0.0,0.0,0,,0,T.Tebow,00-0027876,1,left,tackle,,,0,K.Sheppard,0,0,0,0,0.0,38.0,14.0,20.5,23.0,NYJ,BUF,0,2,2,3,2,3,0.0242543175347368,0.0961313264171407,0.0008228417686750963,0.1451960465131218,0.2954702904565049,0.0033635779469791,0.4347615993628415,0.0,0.0,2.6300572344227384,-0.232574493703797,,,0.9987300882549116,0.0012699117450883,0.9985919278384074,0.0014080721615925,0.9987300882549116,-0.00013816041650416278,,,2012
2016-10-09,2016100902.0,4.0,2,1.0,12:19,13,2539.0,38.0,DET,12.0,12.0,10.0,69.0,0.0,0.0,PHI,DET,(12:19) (Shotgun) C.Wentz pass short right to D.Green-Beckham to DET 6 for 6 yards (Q.Diggs).,1,6.0,0,0,0,0,Pass,C.Wentz,00-0032950,1,Complete,Short,4.0,0.0,0,right,0,,,0,,,D.Green-Beckham,00-0032218,1,Q.Diggs,0,0,0,0,0.0,0.0,14.0,-14.0,14.0,DET,PHI,0,3,3,3,3,3,0.0163412691936135,0.0235499096646116,1.4075296220164264e-05,0.0350314825458531,0.3804467230614575,0.002315941669738,0.5423005985685059,0.0,0.0,4.626177985096142,-0.076214393001897,0.4760470943272832,-0.5522614873291802,0.8139010151773453,0.1860989848226547,0.8147882977789584,0.1852117022210415,0.1860989848226547,-0.0008872826016132485,0.0113417610074458,-0.012229043609059,2016
2011-10-16,2011101603.0,22.0,4,,02:44,3,164.0,4.0,PHI,2.0,2.0,0.0,80.0,0.0,0.0,WAS,PHI,"G.Gano extra point is GOOD, Center-N.Sundberg, Holder-S.Rocca.",1,0.0,1,0,0,0,Extra Point,,,0,,,0.0,0.0,0,,0,,,0,,,,,0,,0,0,0,0,0.0,12.0,20.0,-8.0,8.0,WAS,PHI,0,2,2,2,2,2,0.0,0.0,0.0,0.0,0.0,0.0,0.0,0.9907954004544308,0.0,0.9907954004544308,0.009204599545569,,,0.1092736777998312,0.8907263222001688,0.1014669525794255,0.8985330474205745,0.1092736777998312,-0.0078067252204057,,,2011
2012-10-14,2012101410.0,8.0,2,1.0,05:29,6,2129.0,37.0,MID,50.0,50.0,10.0,70.0,0.0,0.0,WAS,MIN,(5:29) A.Morris left guard to 50 for no gain (K.Williams).,1,0.0,0,0,0,0,Run,,,0,,,0.0,0.0,0,,0,A.Morris,00-0029141,1,left,guard,,,0,K.Williams,0,0,0,0,0.0,3.0,9.0,-6.0,6.0,WAS,MIN,0,3,3,3,3,3,0.2165675910226551,0.0626866000666997,0.00036993045416643046,0.0923260335654277,0.2511732170789852,0.0025173586148659,0.3743592691971998,0.0,0.0,2.543987356780661,-0.5586056685110425,,,0.3853723978854367,0.6146276021145632,0.3651348952861333,0.6348651047138667,0.3853723978854367,-0.0202375025993034,,,2012
2012-10-21,2012102104.0,19.0,4,4.0,00:29,1,29.0,5.0,GB,13.0,13.0,6.0,74.0,0.0,0.0,STL,GB,(:29) (Shotgun) S.Bradford pass short middle to S.Smith to GB 3 for 10 yards (D.House).,1,10.0,0,0,0,0,Pass,S.Bradford,00-0027854,1,Complete,Short,10.0,0.0,0,middle,0,,,0,,,S.Smith,00-0025438,1,D.House,0,0,0,0,0.0,13.0,30.0,-17.0,17.0,STL,GB,0,1,1,2,1,2,0.2882362171481751,0.014608272086608,0.0001478814776410557,0.0108704240545834,0.5864579642145082,0.0007180309681973828,0.0470548347820267,0.0,0.0,2.125699376261696,2.311291607352805,2.8693868080486973,0.0,0.0315321771817867,0.9684678228182132,0.0407574472477164,0.9592425527522837,0.0315321771817867,0.0092252700659296,0.0092252700659296,0.0,2012
2016-11-20,2016112008.0,23.0,4,1.0,11:07,12,667.0,8.0,LA,50.0,50.0,10.0,1.0,0.0,0.0,LA,MIA,(11:07) T.Gurley right guard to MIA 49 for 1 yard (J.Phillips).,1,1.0,0,0,0,0,Run,,,0,,,0.0,0.0,0,,0,T.Gurley,00-0032241,1,right,guard,,,0,J.Phillips,0,0,0,0,0.0,10.0,0.0,10.0,10.0,LA,MIA,0,3,3,2,3,2,0.0667059548595281,0.0761941777538637,0.0004518677310136983,0.1136657825386866,0.2987952060759937,0.0030651296421705,0.4411218813987435,0.0,0.0,2.965222300809101,-0.4678404274200085,,,0.8996542565716524,0.1003457434283475,0.8957823758172306,0.1042176241827693,0.8996542565716524,-0.0038718807544217,,,2016
2010-10-31,2010103108.0,6.0,2,1.0,09:12,10,2352.0,36.0,NE,45.0,45.0,10.0,10.0,0.0,1.0,MIN,NE,"(9:12) T.Gerhart left tackle to NE 43 for 2 yards (B.Spikes, V.Wilfork). PENALTY on MIN-V.Shiancoe, Illegal Formation, 5 yards, enforced at NE 45 - No Play.",1,2.0,0,0,0,0,No Play,,,0,,,0.0,0.0,0,,0,,,0,,,,,0,B.Spikes,0,0,0,1,0.0,7.0,7.0,0.0,0.0,NE,MIN,0,2,1,2,1,2,0.0895134942697893,0.0635882929761683,0.0002783189068197521,0.0943789494891801,0.3028117878592568,0.0028754511976893,0.4465537053010964,0.0,0.0,3.188088039914419,-0.525314111553794,,,0.4019987430169015,0.5980012569830985,0.4168508625118289,0.5831491374881711,0.5980012569830985,-0.0148521194949273,,,2010
2009-10-04,2009100411.0,8.0,2,1.0,07:01,8,2221.0,37.0,SF,35.0,65.0,10.0,12.0,0.0,0.0,SF,STL,(7:01) G.Coffee right tackle to SF 34 for -1 yards (J.Hall; J.Laurinaitis).,1,-1.0,0,0,0,0,Run,,,0,,,0.0,0.0,0,,0,G.Coffee,00-0027048,1,right,tackle,,,0,J.Hall,0,0,0,0,0.0,0.0,0.0,0.0,0.0,SF,STL,0,3,3,3,3,3,0.2202070960117097,0.0948348813039773,0.0013870129403044,0.1404710660630898,0.2156411575792575,0.002677729853307,0.324781056248354,0.0,0.0,1.655170193948695,-0.7054755693021535,,,0.5454135802344351,0.4545864197655649,0.5249200999995723,0.4750799000004276,0.5454135802344351,-0.0204934802348627,,,2009
2016-10-02,2016100208.0,16.0,3,1.0,08:28,9,1408.0,38.0,TB,5.0,5.0,5.0,72.0,1.0,0.0,DEN,TB,"(8:28) C.Anderson right tackle to TB 3 for 2 yards (B.McDougald, A.Spence).",1,2.0,0,0,0,0,Run,,,0,,,0.0,0.0,0,,0,C.Anderson,00-0029854,1,right,tackle,,,0,B.McDougald,0,0,0,0,0.0,17.0,7.0,10.0,10.0,TB,DEN,0,3,3,3,3,3,0.0005898669009467497,0.0113543861249061,1.1082346516117312e-05,0.0138294768298666,0.2447923704570777,0.001817009382519,0.7276058079581676,0.0,0.0,5.700360124966627,-0.0973618994004983,,,0.0855611012010405,0.9144388987989596,0.0862991183057242,0.9137008816942758,0.9144388987989596,-0.0007380171046836859,,,2016
2011-11-13,2011111303.0,19.0,4,3.0,07:38,8,458.0,7.0,CIN,41.0,59.0,4.0,23.0,0.0,0.0,CIN,PIT,"(7:38) (Shotgun) A.Dalton pass short middle to J.Simpson to PIT 46 for 13 yards (I.Taylor). PENALTY on CIN-A.Whitworth, Illegal Use of Hands, 10 yards, enforced at CIN 41 - No Play.",1,13.0,0,0,0,0,No Play,A.Dalton,,1,Complete,Short,0.0,0.0,0,middle,0,,,0,,,J.Simpson,,1,I.Taylor,0,0,0,1,0.0,17.0,24.0,-7.0,7.0,CIN,PIT,0,3,3,3,3,3,0.1911504614851217,0.1151571531832749,0.0016622520830233,0.1700104282651493,0.2155549871365806,0.0031775563271728,0.3032871615196771,0.0,0.0,1.237161243129911,-1.3708876656942064,,,0.2382295460760639,0.761770453923936,0.1858059257806374,0.8141940742193625,0.2382295460760639,-0.0524236202954264,,,2011
2009-09-20,2009092011.0,15.0,3,2.0,00:47,1,947.0,36.0,CHI,49.0,49.0,9.0,14.0,0.0,0.0,PIT,CHI,(:47) B.Roethlisberger pass incomplete short right to H.Miller.,1,0.0,0,0,0,0,Pass,B.Roethlisberger,00-0022924,1,Incomplete Pass,Short,0.0,0.0,0,right,0,,,0,,,H.Miller,00-0023465,0,,0,0,0,0,0.0,14.0,7.0,7.0,7.0,CHI,PIT,0,2,3,2,3,2,0.0239615447358352,0.0932692160168016,0.0007818111009737942,0.1419765578637495,0.3260185035508387,0.0035664035648215,0.4104259631669794,0.0,0.0,2.5829628846524155,-0.8794431778637388,-0.8793352666647101,-0.000107911199028754,0.1771200911683491,0.8228799088316509,0.2009420963608645,0.7990579036391354,0.8228799088316509,-0.0238220051925154,-0.0237514834222619,-7.052177025346218e-05,2009
2015-12-21,2015122100.0,18.0,4,2.0,06:12,7,372.0,29.0,NO,19.0,19.0,5.0,75.0,0.0,1.0,DET,NO,"(6:12) (Shotgun) M.Stafford pass deep middle to E.Ebron to NO 1 for 18 yards (K.Vaccaro). Pass 16, YAC 2",1,17.5,0,0,0,0,Pass,M.Stafford,00-0026498,1,Complete,Deep,10.0,0.0,0,middle,0,,,0,,,E.Ebron,00-0031387,1,K.Vaccaro,0,0,0,0,0.0,28.0,20.0,8.0,8.0,NO,DET,0,1,2,1,2,1,0.0886978734395294,0.0293271653855105,5.210521201059663e-05,0.0434156868034122,0.3768745501530424,0.0022955703354298,0.4593370486710649,0.0,0.0,3.958578617623003,2.311291607352805,1.082338129692516,1.332694837606062,0.0737786430218827,0.9262213569781172,0.0418461725520711,0.9581538274479288,0.9262213569781172,0.0319324704698116,0.014028174072326,0.0179042963974855,2015
2010-10-17,2010101701.0,22.0,4,2.0,03:48,4,228.0,4.0,SD,24.0,76.0,10.0,26.0,0.0,1.0,SD,STL,(3:48) (Shotgun) P.Rivers pass deep right to P.Crayton ran ob at 50 for 26 yards (O.Atogwe).,1,17.5,0,0,0,0,Pass,P.Rivers,00-0022942,1,Complete,Deep,10.0,0.0,0,right,0,,,0,,,P.Crayton,00-0022766,1,O.Atogwe,0,0,0,0,0.0,10.0,20.0,-10.0,10.0,STL,SD,0,3,2,3,2,3,0.4257920474265128,0.1014631855115605,0.003145926689791,0.149750474851914,0.1214410596651739,0.0020785683787344,0.174800052753536,0.0,0.0,0.2331459511500803,2.062328178011577,2.062328178011577,0.0,0.9283997094928244,0.0716002905071755,0.8852212051489742,0.1147787948510258,0.0716002905071755,0.0431785043438502,0.0431785043438502,0.0,2010
2010-10-03,2010100309.0,18.0,3,1.0,02:29,3,1049.0,6.0,OAK,35.0,65.0,10.0,0.0,0.0,1.0,OAK,HOU,(2:29) B.Gradkowski pass deep middle intended for L.Murphy INTERCEPTED by T.Nolan at HOU 45. T.Nolan to OAK 35 for 20 yards (D.Heyward-Bey).,1,0.0,0,0,0,0,Pass,B.Gradkowski,00-0024408,1,Incomplete Pass,Deep,10.0,0.0,0,middle,1,,,0,,,,00-0027089,0,D.Heyward-Bey,0,0,0,0,0.0,14.0,24.0,-10.0,10.0,OAK,HOU,0,3,3,3,3,3,0.0222102666903571,0.1225683653742312,0.0018091502963276,0.1859194342453593,0.2677785270340054,0.0034720259988608,0.3962422303608582,0.0,0.0,1.9112158091928813,-2.3435852439389357,1.4501758609187687,-3.1387746044711373,0.1989082172771349,0.8010917827228651,0.1035285676001351,0.8964714323998648,0.1989082172771349,-0.05867359827459407,0.0434907536459996,-0.06361267904339468,2010
2015-10-04,2015100400.0,4.0,1,2.0,06:39,7,3099.0,40.0,MIA,30.0,30.0,6.0,41.0,0.0,1.0,NYJ,MIA,(6:39) (Shotgun) C.Ivory left guard to MIA 21 for 9 yards (S.Paysinger).,1,9.0,0,0,0,0,Run,,,0,,,0.0,0.0,0,,0,C.Ivory,00-0027531,1,left,guard,,,0,S.Paysinger,0,0,0,0,0.0,7.0,0.0,7.0,7.0,MIA,NYJ,0,3,3,3,3,3,0.0034242293335642,0.0510989137100633,0.0001611467840567432,0.0784678120122111,0.3898850375523376,0.0030936821977103,0.4738691784100567,0.0,0.0,3.79003300713905,0.6158850555235884,,,0.174140592833298,0.8258594071667019,0.1614431571560685,0.8385568428439315,0.8258594071667019,0.0126974356772295,,,2015
2012-10-21,2012102100.0,10.0,3,4.0,10:55,11,1555.0,31.0,NYG,32.0,68.0,5.0,5.0,0.0,1.0,NYG,WAS,"(10:55) S.Weatherford punts 44 yards to WAS 24, Center-Z.DeOssie. B.Banks to WAS 36 for 12 yards (M.Kiwanuka, S.Paysinger).",1,12.0,0,0,0,0,Punt,,,0,,,0.0,0.0,0,,0,,,0,,,,,0,M.Kiwanuka,0,0,0,0,0.0,13.0,13.0,0.0,0.0,NYG,WAS,0,3,3,3,3,3,0.0037359042886083,0.2582743011520914,0.0050381292528344,0.386500457948298,0.122451344833126,0.0054774330234201,0.2185224295016217,0.0,0.0,-1.5824364605424597,-0.3193846696424156,,,0.4350495396670595,0.5649504603329405,0.4533303154557414,0.5466696845442586,0.4350495396670595,0.0182807757886819,,,2012
2013-09-22,2013092207.0,10.0,2,1.0,03:53,4,2033.0,40.0,ARI,29.0,29.0,10.0,34.0,0.0,0.0,NO,ARI,"(3:53) D.Brees pass short right to J.Collins pushed ob at ARI 24 for 5 yards (M.Shaughnessy). Pass 1, YAC 4",1,5.0,0,0,0,0,Pass,D.Brees,00-0020531,1,Complete,Short,1.0,0.0,0,right,0,,,0,,,J.Collins,00-0026072,1,M.Shaughnessy,0,0,0,0,0.0,7.0,7.0,0.0,0.0,NO,ARI,0,3,3,1,3,1,0.1781119801262012,0.0337715020677342,5.595900293690959e-05,0.0494062861112788,0.2984633806211759,0.0022210308139026,0.4379698612567703,0.0,0.0,3.518350805300697,-0.0921920520148522,-0.356517717492224,0.2643256654773718,0.6335796186710945,0.3664203813289055,0.6294640116964334,0.3705359883035666,0.6335796186710945,-0.004115606974661,-0.0120527716116938,0.0079371646370327,2013
2016-10-02,2016100210.0,14.0,3,3.0,08:28,9,1408.0,27.0,SD,30.0,70.0,5.0,5.0,0.0,0.0,SD,NO,(8:28) (Shotgun) P.Rivers pass incomplete short middle to H.Henry [N.Fairley].,1,0.0,0,0,0,0,Pass,P.Rivers,00-0022942,1,Incomplete Pass,Short,0.0,0.0,1,middle,0,,,0,,,H.Henry,00-0033090,0,,0,0,0,0,0.0,24.0,21.0,3.0,3.0,SD,NO,0,2,2,2,2,2,0.0062788110904767,0.1931176507838857,0.0045257597924966,0.2927397521669689,0.1964920523651064,0.0041147193335372,0.3027312544675281,0.0,0.0,0.0792416399296578,-1.769067452576732,-1.7685017138786585,-0.0005657386980735257,0.5940097160089555,0.4059902839910445,0.5339495583068024,0.4660504416931976,0.5940097160089555,-0.05867359827459407,-0.0600651625539587,5.004851805656685e-06,2016
2012-09-30,2012093008.0,13.0,3,2.0,07:36,8,1356.0,35.0,OAK,2.0,2.0,2.0,18.0,1.0,0.0,DEN,OAK,"(7:36) (Shotgun) W.McGahee up the middle for 2 yards, TOUCHDOWN.",1,2.0,1,1,0,0,Run,,,0,,,0.0,0.0,0,,0,W.McGahee,00-0022178,1,middle,,,,0,,0,0,0,0,0.0,17.0,6.0,11.0,11.0,DEN,OAK,0,3,3,2,3,2,0.0006591535377726242,0.0124580655203871,9.311615136000176e-05,0.0162692903148629,0.1976670619343279,0.0035689902356484,0.7325144085922225,0.0,0.0,5.833683961345845,1.166316038654155,,,0.92807791909496,0.07192208090504,0.9416617390880452,0.0583382609119548,0.92807791909496,0.0135838199930852,,,2012
2014-10-19,2014101907.0,6.0,2,2.0,10:07,11,2407.0,44.0,STL,40.0,40.0,1.0,42.0,0.0,1.0,SEA,STL,(10:07) C.Michael right tackle to STL 38 for 2 yards (K.Langford).,1,2.0,0,0,0,0,Run,,,0,,,0.0,0.0,0,,0,C.Michael,00-0030432,1,right,tackle,,,0,K.Langford,0,0,0,0,0.0,3.0,14.0,-11.0,11.0,STL,SEA,0,3,2,3,2,3,0.0653705058489588,0.0508417429375162,0.0001910342299175453,0.0730044282003731,0.2938070667281252,0.0027397665009024,0.5140454555542066,0.0,0.0,3.821280627390631,-0.2276087942315312,,,0.7397100441362738,0.2602899558637261,0.7444284390865731,0.2555715609134268,0.2602899558637261,-0.0047183949502992,,,2014
2016-12-24,2016122410.0,26.0,4,1.0,01:05,2,65.0,5.0,ARI,5.0,5.0,5.0,45.0,1.0,0.0,SEA,ARI,"(1:05) R.Wilson pass short left to P.Richardson for 5 yards, TOUCHDOWN.",1,5.0,1,1,0,0,Pass,R.Wilson,00-0029263,1,Complete,Short,5.0,0.0,0,left,0,,,0,,,P.Richardson,00-0031257,1,,0,0,0,0,0.0,25.0,31.0,-6.0,6.0,SEA,ARI,0,0,0,1,0,1,0.1392550813024917,0.0074255585516659,1.3764264917472185e-05,0.004259957280429,0.3036539846514868,0.000569421892268179,0.5448222320567406,0.0,0.0,4.673732516988345,2.311291607352805,2.326267483011655,0.0,0.3296950612991186,0.6703049387008814,0.634187379887908,0.365812620112092,0.3296950612991186,0.05888471184731932,0.10628588579079232,0.0,2016
2012-11-05,2012110500.0,11.0,3,2.0,14:27,15,1767.0,27.0,NO,24.0,76.0,8.0,5.0,0.0,0.0,NO,PHI,(14:27) M.Ingram left guard to NO 27 for 3 yards (T.Cole).,1,3.0,0,0,0,0,Run,,,0,,,0.0,0.0,0,,0,M.Ingram,00-0027966,1,left,guard,,,0,T.Cole,0,0,0,0,0.0,20.0,3.0,17.0,17.0,NO,PHI,0,3,3,3,3,3,0.0016441197038173,0.1892491342121287,0.0057835549973742,0.2946516254076913,0.2076824841298316,0.0039639000300108,0.2970251815191457,0.0,0.0,0.0682756325985627,-0.379742773480155,,,0.9287080010410164,0.0712919989589835,0.9242462271494494,0.0757537728505506,0.9287080010410164,-0.0044617738915671,,,2012
2013-12-08,2013120807.0,2.0,1,4.0,13:16,14,3496.0,40.0,BUF,27.0,73.0,2.0,23.0,0.0,1.0,BUF,TB,"(13:16) (Punt formation) B.Moorman punts 57 yards to TB 16, Center-G.Sanborn, downed by BUF-A.Moats. PENALTY on TB-D.Watson, Roughing the Kicker, 15 yards, enforced at BUF 27 - No Play.",1,0.0,0,0,0,0,No Play,,,0,,,0.0,0.0,0,,0,,,0,,,,,0,,0,0,0,1,0.0,0.0,7.0,-7.0,7.0,TB,BUF,0,3,3,3,3,3,0.0021057154893835,0.2628317822495764,0.0053028502545924,0.4018660971001981,0.0786713535277582,0.0048140951117493,0.2444081062667418,0.0,0.0,-1.6556647322853355,2.311291607352805,,,0.7851902153989212,0.2148097846010788,0.661785359525525,0.3382146404744751,0.2148097846010788,0.05888471184731932,,,2013
2010-11-21,2010112110.0,20.0,4,4.0,03:09,4,189.0,6.0,ATL,18.0,82.0,5.0,5.0,0.0,1.0,ATL,STL,"(3:09) M.Koenen punts 47 yards to STL 35, Center-J.Zelenka. D.Amendola to STL 40 for 5 yards (K.Biermann, E.Weems).",1,5.0,0,0,0,0,Punt,,,0,,,0.0,0.0,0,,0,,,0,,,,,0,K.Biermann,0,0,0,0,0.0,26.0,17.0,9.0,9.0,STL,ATL,0,3,1,3,1,3,0.4257920474265128,0.1532228997815988,0.0040916314803574,0.214132501108706,0.0297287210570858,0.0021602273423582,0.1075034737928099,0.0,0.0,-1.12074853566081,-0.4378273651800206,,,0.1078055397669829,0.8921944602330171,0.1113705867906398,0.8886294132093602,0.8921944602330171,-0.0035650470236568,,,2010
2015-11-15,2015111505.0,27.0,4,3.0,01:06,2,66.0,3.0,PHI,44.0,56.0,10.0,15.0,0.0,0.0,PHI,MIA,"(1:06) (No Huddle, Shotgun) M.Sanchez pass incomplete short middle to Z.Ertz.",1,0.0,0,0,0,0,Pass,M.Sanchez,00-0026898,1,Incomplete Pass,Short,9.0,0.0,0,middle,0,,,0,,,Z.Ertz,00-0030061,0,,0,0,0,0,0.0,19.0,20.0,-1.0,1.0,PHI,MIA,0,0,0,2,0,2,0.4257920474265128,0.0508780199949089,0.0012573626061556,0.0374665134534192,0.1890817820031002,0.0007964174832127916,0.1202836900434355,0.0,0.0,0.9934096319088024,-0.5813315684615868,-0.1147915256137718,-0.466540042847815,0.4769001054113052,0.5230998945886948,0.4210957684384712,0.5789042315615288,0.4769001054113052,-0.055804336972834,-0.0162297544572614,-0.0395745825155726,2015
2012-10-21,2012102108.0,24.0,5,2.0,11:47,12,-193.0,7.0,NYJ,34.0,34.0,10.0,54.0,0.0,0.0,NE,NYJ,"(11:47) (No Huddle, Shotgun) T.Brady pass short right to D.Woodhead to NYJ 30 for 4 yards (L.Landry). NE 12-Brady 5,605 career pass attempts, passing Dan Fouts for 11th most all-time.",1,4.0,0,0,0,0,Pass,T.Brady,00-0019596,1,Complete,Short,4.0,0.0,0,right,0,,,0,,,D.Woodhead,00-0026019,1,L.Landry,0,0,0,0,0.0,26.0,26.0,0.0,0.0,NE,NYJ,0,2,2,2,2,2,0.0402114039093285,0.057445583272882,0.0002369999027073436,0.0871388706794008,0.3762270449708598,0.0030644205518785,0.4356756767129429,0.0,0.0,3.4017568686270705,-0.3768030899689867,-0.3768030899689867,0.0,0.6244593543974508,0.3755406456025492,0.5834823734835183,0.4165176265164817,0.6244593543974508,-0.0409769809139325,-0.0409769809139325,0.0,2012
2016-11-06,2016110603.0,10.0,2,2.0,09:12,10,2352.0,35.0,JAX,27.0,73.0,6.0,8.0,0.0,0.0,JAX,KC,(9:12) C.Ivory right tackle to JAX 31 for 4 yards (M.Peters).,1,4.0,0,0,0,0,Run,,,0,,,0.0,0.0,0,,0,C.Ivory,00-0027531,1,middle,,,,0,M.Peters,0,0,0,0,0.0,0.0,10.0,-10.0,10.0,KC,JAX,0,2,2,2,2,2,0.1731725709968007,0.1385126869478052,0.0034314388519443,0.2048192907606494,0.1885381066386913,0.003143743797967,0.288382162006142,0.0,0.0,0.7344409676831509,0.139481032516104,,,0.8052560499247712,0.1947439500752288,0.7998859920698003,0.2001140079301997,0.1947439500752288,0.0053700578549708,,,2016
2012-12-13,2012121300.0,5.0,1,2.0,07:15,8,3135.0,29.0,PHI,24.0,76.0,7.0,5.0,0.0,0.0,PHI,CIN,(7:15) B.Brown left end to PHI 26 for 2 yards (M.Lawson).,1,2.0,0,0,0,0,Run,,,0,,,0.0,0.0,0,,0,B.Brown,00-0029429,1,left,end,,,0,M.Lawson,0,0,0,0,0.0,0.0,10.0,-10.0,10.0,PHI,CIN,0,3,3,3,3,3,0.0093395460562569,0.1836481625307313,0.0054551578459853,0.2804814148039299,0.2085505229624997,0.0038708911298519,0.3086543046707447,0.0,0.0,0.2687487769307408,-0.5393753927466618,,,0.194915703905644,0.805084296094356,0.1832414473134361,0.8167585526865638,0.194915703905644,-0.0116742565922079,,,2012
2010-10-31,2010103109.0,1.0,1,3.0,12:48,13,3468.0,5.0,ARI,47.0,53.0,2.0,22.0,0.0,0.0,ARI,TB,"(12:48) (Shotgun) M.Hall pass incomplete short left to C.Wells (G.Hayes). Arizona challenged the pass completion ruling, and the play was Upheld. (Timeout #1.)",1,0.0,0,0,0,0,Pass,M.Hall,00-0027347,1,Incomplete Pass,Short,3.0,0.0,0,left,0,,,0,,,C.Wells,00-0027007,0,,0,0,1,0,0.0,0.0,0.0,0.0,0.0,ARI,TB,1,3,3,3,2,3,0.0015716121302088,0.1177807426558382,0.0013301530031991,0.1809962011668163,0.2824959674829324,0.0035778340471761,0.4122474895138289,0.0,0.0,2.1174000549983245,-2.1272680669414346,0.8418188849664996,-2.969086951907934,0.546540139362439,0.453459860637561,0.4675353833079209,0.532464616692079,0.546540139362439,-0.05867359827459407,0.0269801825712415,-0.06361267904339468,2010
2015-12-27,2015122707.0,14.0,4,3.0,01:56,2,116.0,4.0,CAR,37.0,63.0,5.0,17.0,0.0,0.0,CAR,ATL,(1:56) (Shotgun) C.Newton pass incomplete short middle to T.Ginn (J.Durant).,1,0.0,0,0,0,0,Pass,C.Newton,00-0027939,1,Incomplete Pass,Short,10.0,0.0,0,middle,0,,,0,,,T.Ginn,00-0025396,0,,0,0,0,0,0.0,13.0,17.0,-4.0,4.0,ATL,CAR,0,1,2,1,2,1,0.4257920474265128,0.0601745001684068,0.0019895131544259,0.0434275253060036,0.1631359624041027,0.0007364971763193506,0.1359617199003922,0.0,0.0,0.9541177169115944,-0.6696805743270893,1.060746117605592,-1.7304266919326812,0.750776730694002,0.249223269305998,0.7982497695087366,0.2017502304912634,0.249223269305998,-0.0474730388147346,0.0747991720907129,-0.06361267904339468,2015
2010-10-18,2010101800.0,15.0,3,2.0,01:43,2,1003.0,34.0,JAC,42.0,42.0,8.0,36.0,0.0,0.0,TEN,JAC,"(1:43) K.Collins pass incomplete deep middle to D.Williams. PENALTY on JAC-L.Douzable, Defensive Offside, 5 yards, enforced at JAC 42 - No Play.",1,0.0,0,0,0,0,No Play,K.Collins,,1,Incomplete Pass,Deep,0.0,0.0,0,middle,0,,,0,,,D.Williams,,0,,0,0,0,1,0.0,20.0,3.0,17.0,17.0,JAC,TEN,0,3,3,3,3,3,0.0158918032363639,0.0754644926336943,0.0004430940901850524,0.1150022458597662,0.3527746920649967,0.0034097310777579,0.4370139410372356,0.0,0.0,3.0919457385113382,0.6324672566648348,,,0.0322438271458448,0.9677561728541552,0.0269201226381411,0.9730798773618587,0.9677561728541552,0.0053237045077036,,,2010
2011-10-30,2011103005.0,17.0,3,,01:32,2,992.0,5.0,ARI,2.0,2.0,0.0,88.0,0.0,0.0,BAL,ARI,"B.Cundiff extra point is GOOD, Center-M.Cox, Holder-S.Koch.",1,0.0,1,0,0,0,Extra Point,,,0,,,0.0,0.0,0,,0,,,0,,,,,0,,0,0,0,0,0.0,19.0,23.0,-4.0,4.0,BAL,ARI,0,3,3,3,3,3,0.0,0.0,0.0,0.0,0.0,0.0,0.0,0.9907954004544308,0.0,0.9907954004544308,0.009204599545569,,,0.3690952579855626,0.6309047420144374,0.3984082894625861,0.6015917105374138,0.3690952579855626,0.0293130314770235,,,2011
2013-12-08,2013120807.0,1.0,1,,15:00,15,3600.0,0.0,BUF,35.0,35.0,0.0,80.0,0.0,,TB,BUF,"D.Carpenter kicks 65 yards from BUF 35 to end zone, Touchback.",1,0.0,0,0,0,0,Kickoff,,,0,,,0.0,0.0,0,,0,,,0,,,,,0,,0,0,0,0,0.0,0.0,0.0,0.0,0.0,TB,BUF,0,3,3,3,3,3,0.0015063265025897,0.1797487862643072,0.0066391083784486,0.281137706070735,0.2137001434842491,0.0035923127788396,0.3136756165208305,0.0,0.0,0.3235258536112761,0.0,,,0.4856749860969135,0.5143250139030865,0.4856749860969135,0.5143250139030865,0.4856749860969135,0.0,,,2013
2015-11-15,2015111502.0,13.0,3,2.0,08:19,9,1399.0,40.0,TB,33.0,67.0,6.0,27.0,0.0,0.0,TB,DAL,(8:19) (Shotgun) J.Winston pass short left to D.Martin to TB 35 for 2 yards (B.Jones).,1,2.0,0,0,0,0,Pass,J.Winston,00-0031503,1,Complete,Short,2.0,0.0,0,left,0,,,0,,,D.Martin,00-0029613,1,B.Jones,0,0,0,0,0.0,3.0,6.0,-3.0,3.0,TB,DAL,0,3,3,3,3,3,0.0061092308652746,0.1501211305785527,0.0028198892447034,0.2295230491547457,0.2478959803883418,0.0039221028855098,0.3596086168828716,0.0,0.0,1.206127950807862,-0.4904706534877561,-0.4904706534877561,0.0,0.4244455330816639,0.5755544669183361,0.4068889849736334,0.5931110150263665,0.4244455330816639,-0.0175565481080304,-0.0175565481080304,0.0,2015
2010-12-19,2010121902.0,7.0,2,,04:19,5,2059.0,4.0,CIN,30.0,30.0,0.0,0.0,0.0,,CLE,CIN,C.Stitser kicks 53 yards from CIN 30 to CLE 17. J.Cribbs to CLE 35 for 18 yards (B.Leonard).,1,17.5,0,0,0,0,Kickoff,,,0,,,0.0,0.0,0,,0,,,0,,,,,0,B.Leonard,0,0,0,0,0.0,7.0,10.0,-3.0,3.0,CIN,CLE,0,3,3,3,3,3,0.4257920474265128,0.0977369079153786,0.0035296101566442,0.1442014356508343,0.1281772615386398,0.0019378354554831,0.1964796708921039,0.0,0.0,0.4540851581563482,0.9438309106672784,,,0.5861242727032452,0.4138757272967548,0.5556750548894773,0.4443249451105227,0.4138757272967548,0.0304492178137678,,,2010
2012-01-01,2012010101.0,17.0,3,2.0,00:54,1,954.0,38.0,BUF,26.0,74.0,4.0,13.0,0.0,1.0,BUF,NE,"(:54) (No Huddle, Shotgun) R.Fitzpatrick pass short right to R.Martin to BUF 33 for 7 yards (A.Molden).",1,7.0,0,0,0,0,Pass,R.Fitzpatrick,00-0023682,1,Complete,Short,7.0,0.0,0,right,0,,,0,,,R.Martin,00-0022421,1,A.Molden,0,0,0,0,0.0,21.0,28.0,-7.0,7.0,NE,BUF,0,3,3,3,3,3,0.0408388148938643,0.161303127263163,0.0039441960284901,0.2400128208253514,0.2095992155926819,0.0036802131419256,0.3406216122545233,0.0,0.0,0.8486218392196314,0.8974464848527501,0.8974464848527501,0.0,0.7453101105380924,0.2546898894619076,0.7156998899212204,0.2843001100787796,0.2546898894619076,0.0296102206168719,0.0296102206168719,0.0,2011
2015-11-22,2015112200.0,18.0,4,,11:42,12,702.0,0.0,DEN,35.0,35.0,0.0,0.0,0.0,,CHI,DEN,"B.McManus kicks 65 yards from DEN 35 to end zone, Touchback.",1,0.0,0,0,0,0,Kickoff,,,0,,,0.0,0.0,0,,0,,,0,,,,,0,,0,0,0,0,0.0,9.0,17.0,-8.0,8.0,CHI,DEN,0,3,3,2,3,2,0.1116764160602396,0.1541765974119982,0.0056039836887043,0.2313208048689251,0.1965714733496152,0.0030638571597204,0.2975868674607969,0.0,0.0,0.5859668128979856,0.0,,,0.1992627687943494,0.8007372312056507,0.1992627687943494,0.8007372312056507,0.1992627687943494,0.0,,,2015
2014-10-09,2014100900.0,23.0,4,,02:00,2,120.0,15.0,HOU,9.0,9.0,0.0,12.0,0.0,,,,Two-Minute Warning,1,0.0,0,0,0,0,Two Minute Warning,,,0,,,0.0,0.0,0,,0,,,0,,,,,0,,0,0,0,0,0.0,,,,,HOU,IND,0,2,0,2,0,2,0.0,0.0,0.0,0.0,0.0,0.0,0.0,0.0,0.0,0.0,0.4084662015491623,,,,,,,,,,,2014
2015-11-15,2015111509.0,2.0,1,2.0,06:03,7,3063.0,32.0,NYG,13.0,87.0,6.0,91.0,0.0,0.0,NYG,NE,"(6:03) (No Huddle, Shotgun) E.Manning pass deep right to O.Beckham Jr. for 87 yards, TOUCHDOWN.",1,17.5,1,1,0,0,Pass,E.Manning,00-0022803,1,Complete,Deep,10.0,0.0,0,right,0,,,0,,,O.Beckham Jr,00-0031235,1,,0,0,0,0,0.0,0.0,7.0,-7.0,7.0,NYG,NE,0,3,3,3,3,3,0.0147770939542023,0.219737953155954,0.009553273933919493,0.3327664444597243,0.1605803960372357,0.0036413845816435,0.2576973708666528,0.0,0.0,-0.7172721312335413,2.311291607352805,2.682571800442103,2.659125528472397,0.2478834784544466,0.7521165215455534,0.4926901423228579,0.5073098576771421,0.2478834784544466,0.05888471184731932,0.0862776408655012,0.05636049994176793,2015
2015-09-27,2015092706.0,6.0,2,1.0,08:49,9,2329.0,37.0,NE,33.0,67.0,10.0,16.0,0.0,0.0,NE,JAC,(8:49) (No Huddle) L.Blount right guard to NE 36 for 3 yards (T.Smith).,1,3.0,0,0,0,0,Run,,,0,,,0.0,0.0,0,,0,L.Blount,00-0027325,1,right,guard,,,0,T.Smith,0,0,0,0,0.0,10.0,3.0,7.0,7.0,NE,JAC,0,1,1,3,1,3,0.1610037404859744,0.1078544048306601,0.001782843423827,0.1604575884346704,0.2260213321155169,0.0029070642723453,0.3399730264370057,0.0,0.0,1.6133572895679542,-0.2439715972351388,,,0.7481457614061615,0.2518542385938385,0.7432184641352638,0.2567815358647362,0.7481457614061615,-0.0049272972708976,,,2015
2012-12-13,2012121300.0,6.0,1,2.0,03:59,4,2939.0,7.0,CIN,26.0,74.0,10.0,32.0,0.0,1.0,CIN,PHI,(3:59) (Shotgun) A.Dalton pass short left to J.Gresham pushed ob at CIN 45 for 19 yards (N.Allen).,1,17.5,0,0,0,0,Pass,A.Dalton,00-0027973,1,Complete,Short,-2.0,0.0,0,left,0,,,0,,,J.Gresham,00-0027873,1,N.Allen,0,0,0,0,0.0,10.0,0.0,10.0,10.0,PHI,CIN,0,3,3,3,3,3,0.0194991383779453,0.177985059875406,0.005078626018274,0.2720296486117314,0.2182873976549947,0.0038337162988999,0.3032864131627483,0.0,0.0,0.3372145457571354,2.311291607352805,-1.2850600235989431,2.659125528472397,0.1862485004369843,0.8137514995630156,0.1415570658792834,0.8584429341207166,0.8137514995630156,0.0446914345577009,-0.0323120770821809,0.05636049994176793,2012
2015-12-06,2015120604.0,6.0,2,3.0,08:51,9,2331.0,36.0,JAC,7.0,7.0,7.0,90.0,1.0,0.0,TEN,JAC,"(8:51) (Shotgun) M.Mariota pass short middle to D.Walker for 7 yards, TOUCHDOWN.",1,7.0,1,1,0,0,Pass,M.Mariota,00-0032268,1,Complete,Short,7.0,0.0,0,middle,0,,,0,,,D.Walker,00-0024389,1,,0,0,0,0,0.0,7.0,6.0,1.0,1.0,TEN,JAC,0,3,3,3,3,3,0.0283585439918835,0.016881393337346,3.9361862591899206e-05,0.0209283932923425,0.5282059946430674,0.0023887994886683,0.4031975133841002,0.0,0.0,4.214556519811621,2.311291607352805,2.7854434801883787,0.0,0.6581534022018797,0.3418465977981203,0.7513099397317496,0.2486900602682503,0.6581534022018797,0.05888471184731932,0.0931565375298699,0.0,2015
2016-10-23,2016102303.0,23.0,4,,03:49,4,229.0,0.0,,,,0.0,3.0,,0.0,,,Timeout #2 by OAK at 03:49.,1,0.0,0,0,0,0,Timeout,,,0,,,0.0,0.0,0,,0,,,0,,,,,0,,0,0,0,0,0.0,,,,,JAX,OAK,1,3,1,3,1,2,0.0,0.0,0.0,0.0,0.0,0.0,0.0,0.0,0.0,0.0,0.0,,,,,,,,0.0,,,2016
2016-11-27,2016112709.0,7.0,2,4.0,08:22,9,2302.0,7.0,DEN,32.0,68.0,20.5,19.0,0.0,1.0,DEN,KC,"(8:22) R.Dixon punts 45 yards to KC 23, Center-T.Gafford. T.Hill to KC 34 for 11 yards (B.Fowler).",1,11.0,0,0,0,0,Punt,,,0,,,0.0,0.0,0,,0,,,0,,,,,0,B.Fowler,0,0,0,0,0.0,0.0,0.0,0.0,0.0,DEN,KC,0,2,2,3,2,3,0.2102805532387759,0.2168166904396072,0.0049588023048687,0.2983469409964673,0.1343548857200008,0.0046099119188288,0.130632215381451,0.0,0.0,-1.4220862742360134,-0.2362679247118746,,,0.4302316790308944,0.5697683209691056,0.4446247505070777,0.5553752494929223,0.4302316790308944,0.0143930714761832,,,2016
2014-11-23,2014112302.0,23.0,4,4.0,13:36,14,816.0,6.0,CHI,40.0,60.0,7.0,19.0,0.0,1.0,CHI,TB,"(13:36) (Punt formation) P.O'Donnell punts 38 yards to TB 22, Center-J.Cain, fair catch by M.Thigpen.",1,0.0,0,0,0,0,Punt,,,0,,,0.0,0.0,0,,0,,,0,,,,,0,,0,0,0,0,0.0,21.0,10.0,11.0,11.0,CHI,TB,0,3,3,3,3,3,0.0663823429859011,0.2120757517210641,0.0034920416455447,0.309044213443606,0.1915133795829123,0.0056435073867553,0.2118487632342162,0.0,0.0,-0.7377523363977629,-0.0252754754194872,,,0.8394471824032684,0.1605528175967315,0.8635346860651467,0.1364653139348532,0.8394471824032684,0.0240875036618782,,,2014
2010-10-04,2010100400.0,13.0,3,1.0,08:49,9,1429.0,7.0,NE,22.0,78.0,10.0,5.0,0.0,0.0,NE,MIA,(8:49) (Shotgun) T.Brady pass short left to W.Welker to NE 27 for 5 yards (V.Davis).,1,5.0,0,0,0,0,Pass,T.Brady,00-0019596,1,Complete,Short,3.0,0.0,0,left,0,,,0,,,W.Welker,00-0022427,1,V.Davis,0,0,0,0,0.0,20.0,14.0,6.0,6.0,MIA,NE,0,3,3,3,3,3,0.006443063205432,0.1698578969693706,0.0055296574890332,0.2618847260351155,0.2228175432837986,0.0035512973991042,0.3299158156181457,0.0,0.0,0.6311398458446373,0.0863109854121448,-0.2891393480886843,0.3754503335008292,0.2841196254302576,0.7158803745697424,0.2810393333774895,0.7189606666225105,0.7158803745697424,0.003080292052768,-0.0102949661166016,0.0133752581693696,2010
2010-12-19,2010121900.0,21.0,4,,12:20,13,740.0,6.0,KC,30.0,30.0,0.0,0.0,0.0,,STL,KC,R.Succop kicks 68 yards from KC 30 to STL 2. D.Amendola to STL 24 for 22 yards (V.Tucker).,1,17.5,0,0,0,0,Kickoff,,,0,,,0.0,0.0,0,,0,,,0,,,,,0,V.Tucker,0,0,0,0,0.0,6.0,20.0,-14.0,14.0,STL,KC,0,3,3,1,3,1,0.0973748237318253,0.1568661976928825,0.0057049105089351,0.2356950856811377,0.1995173119372857,0.0031179166314774,0.3017237538164559,0.0,0.0,0.5849800319255221,0.357591038977832,,,0.081650510844478,0.918349489155522,0.0857201998559258,0.914279800144074,0.081650510844478,0.0040696890114478,,,2010
2016-09-29,2016092900.0,1.0,1,1.0,10:43,11,3343.0,33.0,MIA,24.0,24.0,10.0,54.0,0.0,0.0,CIN,MIA,(10:43) A.Dalton pass short right to A.Green to MIA 24 for no gain (X.Howard).,1,0.0,0,0,0,0,Pass,A.Dalton,00-0027973,1,Complete,Short,0.0,0.0,0,right,0,,,0,,,A.Green,00-0027942,1,X.Howard,0,0,0,0,0.0,0.0,0.0,0.0,0.0,CIN,MIA,0,3,3,3,3,3,0.000990761047436817,0.0381084478388292,4.758352694527729e-05,0.0585433535439848,0.3735080198256145,0.002838032877082,0.5259638013401075,0.0,0.0,4.283722749233488,-0.4408756447331319,-0.4408756447331319,0.0,0.6222114118509706,0.3777885881490294,0.608090593764908,0.3919094062350919,0.6222114118509706,-0.0141208180860625,-0.0141208180860625,0.0,2016
2012-10-28,2012102811.0,11.0,2,3.0,04:35,5,2075.0,48.0,NO,34.0,66.0,11.0,14.0,0.0,0.0,NO,DEN,(4:35) (Shotgun) D.Brees pass incomplete deep left to L.Moore.,1,0.0,0,0,0,0,Pass,D.Brees,00-0020531,1,Incomplete Pass,Deep,10.0,0.0,0,left,0,,,0,,,L.Moore,00-0023310,0,,0,0,0,0,0.0,7.0,14.0,-7.0,7.0,DEN,NO,0,2,3,2,3,2,0.3632554418040341,0.1177797580904265,0.0023098668032618,0.174516240309855,0.1512932559439291,0.0029800427106409,0.1878653943378522,0.0,0.0,0.1953249235712464,-0.9739785487549152,3.589801093650125,-3.1387746044711373,0.7428388547149828,0.2571611452850172,0.7719963151348185,0.2280036848651815,0.2571611452850172,-0.0291574604198356,0.10628588579079232,-0.06361267904339468,2012
2016-11-27,2016112703.0,21.0,4,3.0,00:38,1,38.0,4.0,TEN,7.0,7.0,7.0,58.0,1.0,0.0,CHI,TEN,(:38) (Shotgun) M.Barkley pass incomplete short left to D.Thompson (B.McCain) [K.Byard].,1,0.0,0,0,0,0,Pass,M.Barkley,00-0030533,1,Incomplete Pass,Short,7.0,0.0,1,left,0,,,0,,,D.Thompson,00-0029388,0,,0,0,0,0,0.0,21.0,27.0,-6.0,6.0,CHI,TEN,0,0,0,2,0,2,0.1875888766227147,0.0097655989783161,4.378387701455506e-05,0.005888965077133,0.5490404739047715,0.0006650966075327058,0.2470072049325173,0.0,0.0,3.306894929228092,-0.7437881480461468,3.693105070771908,-3.1387746044711373,0.0931640934499514,0.9068359065500484,0.0486184149954541,0.9513815850045456,0.0931640934499514,-0.0445456784544972,0.10628588579079232,-0.06361267904339468,2016
2010-01-03,2010010302.0,19.0,4,3.0,00:08,1,8.0,4.0,CLE,15.0,15.0,10.0,80.0,0.0,0.0,JAC,CLE,(:08) (Shotgun) D.Garrard pass incomplete short right to M.Sims-Walker (A.Elam).,1,0.0,0,0,0,0,Pass,D.Garrard,00-0021231,1,Incomplete Pass,Short,10.0,0.0,0,right,0,,,0,,,M.Sims-Walker,00-0025466,0,,0,0,0,0,0.0,10.0,23.0,-13.0,13.0,CLE,JAC,0,0,0,0,0,0,0.3193854592412683,0.0174252698827868,7.511770683768699e-05,0.0134807418457836,0.4849189236675906,0.000787258729047964,0.163927228926685,0.0,0.0,2.457030652965142,-0.4564971825017601,4.214854987950023,-3.1387746044711373,0.9999988393717564,1.1606282437845029e-06,0.9831466628619951,0.0168533371380049,1.1606282437845029e-06,0.0168521765097611,0.00043803362880056473,0.0164141428809605,2009
2013-10-06,2013100609.0,16.0,3,,00:14,1,914.0,0.0,DAL,35.0,35.0,0.0,0.0,0.0,,DEN,DAL,D.Bailey kicks 70 yards from DAL 35 to DEN -5. T.Holliday to DEN 20 for 25 yards (K.Bosworth). Return middle of the field inside the yardline numbers.,1,17.5,0,0,0,0,Kickoff,,,0,,,0.0,0.0,0,,0,,,0,,,,,0,K.Bosworth,0,0,0,0,0.0,38.0,33.0,5.0,5.0,DAL,DEN,0,3,3,3,3,3,0.0508149221307826,0.1659514632133652,0.006050682390544,0.2509942188242651,0.2087471949686557,0.0033014578190138,0.3141400606533733,0.0,0.0,0.5649096389265691,0.0008606097534595847,,,0.317661707471926,0.682338292528074,0.3174432863478534,0.6825567136521465,0.682338292528074,0.0002184211240725542,,,2013
2010-12-05,2010120501.0,4.0,1,2.0,04:05,5,2945.0,39.0,CLE,21.0,79.0,8.0,20.0,0.0,0.0,CLE,MIA,(4:05) J.Delhomme pass short middle to B.Robiskie to CLE 26 for 5 yards (K.Dansby).,1,5.0,0,0,0,0,Pass,J.Delhomme,00-0004161,1,Complete,Short,4.0,0.0,0,middle,0,,,0,,,B.Robiskie,00-0027012,1,K.Dansby,0,0,0,0,0.0,0.0,0.0,0.0,0.0,MIA,CLE,0,3,3,3,3,3,0.020812118763128,0.1930070934087078,0.0067541897381559,0.2933136265531574,0.1947463645891916,0.0037640717513029,0.2876025351963561,0.0,0.0,-0.0407400619298639,0.1662220943323635,-0.1302023194989061,0.2964244138312697,0.5110568826245911,0.4889431173754089,0.5092669177474889,0.4907330822525112,0.4889431173754089,0.0017899648771023,-0.0042646494710272,0.0060546143481295,2010
2013-12-08,2013120802.0,22.0,4,1.0,05:07,6,307.0,31.0,CLE,33.0,67.0,10.0,47.0,0.0,1.0,CLE,NE,(5:07) (Shotgun) J.Gordon left end pushed ob at NE 33 for 34 yards (R.Ninkovich). reverse,1,17.5,0,0,0,0,Run,,,0,,,0.0,0.0,0,,0,J.Gordon,00-0029664,1,left,end,,,0,R.Ninkovich,0,0,0,0,0.0,19.0,14.0,5.0,5.0,NE,CLE,0,1,3,1,3,1,0.3187191422190243,0.0866640328448585,0.001427926684112,0.1278528524566945,0.1841999227469768,0.0023332358731253,0.2788028871752083,0.0,0.0,1.351068531113978,2.1092929899162325,,,0.1915927706427926,0.8084072293572073,0.1220886662255028,0.8779113337744971,0.8084072293572073,0.05888471184731932,,,2013
2014-12-21,2014122105.0,12.0,2,1.0,00:48,1,1848.0,4.0,NE,17.0,83.0,10.0,-8.0,0.0,0.0,NE,NYJ,(:48) (Shotgun) T.Brady sacked at NE 10 for -7 yards (sack split by S.Richardson and C.Pace).,1,-7.0,0,0,0,0,Sack,,00-0019596,0,,,0.0,0.0,1,,0,,,0,,,,,0,S.Richardson,0,1,0,0,0.0,7.0,10.0,-3.0,3.0,NYJ,NE,0,1,2,1,2,1,0.4257920474265128,0.0462985152427074,0.0038698024387599,0.0335984605142974,0.0957929405865805,0.0004123211274182615,0.0860832191074647,0.0,0.0,0.5089616235611067,-0.5089616235611067,,,0.5750254468597398,0.4249745531402602,0.5924155365033001,0.4075844634966999,0.4249745531402602,-0.0173900896435603,,,2014
2010-12-12,2010121211.0,12.0,2,4.0,08:20,9,2300.0,5.0,DEN,41.0,41.0,3.0,18.0,0.0,1.0,ARI,DEN,"(8:20) B.Graham punts 33 yards to DEN 8, Center-M.Leach, fair catch by E.Royal.",1,0.0,0,0,0,0,Punt,,,0,,,0.0,0.0,0,,0,,,0,,,,,0,,0,0,0,0,0.0,6.0,3.0,3.0,3.0,ARI,DEN,0,1,1,0,1,0,0.1576262982121541,0.1099833626612747,0.0010564952117418,0.1653384426107372,0.3492807180006202,0.0050184388200348,0.211696244483437,0.0,0.0,1.0503205663435211,-0.704455451037376,,,0.6307852149651257,0.3692147850348742,0.6330710161235091,0.3669289838764908,0.6307852149651257,0.0022858011583833,,,2010
2012-11-22,2012112202.0,19.0,3,2.0,02:29,3,1049.0,33.0,NE,30.0,70.0,4.0,17.0,0.0,0.0,NE,NYJ,(2:29) T.Brady pass incomplete deep left to A.Hernandez.,1,0.0,0,0,0,0,Pass,T.Brady,00-0019596,1,Incomplete Pass,Deep,10.0,0.0,0,left,0,,,0,,,A.Hernandez,00-0027713,0,,0,0,0,0,0.0,27.0,18.0,9.0,9.0,NYJ,NE,0,3,2,3,2,3,0.0261159986413011,0.1502076656511361,0.0030331744200904,0.2245064095716383,0.2287558024076963,0.0037550627876417,0.363625886520496,0.0,0.0,1.2109245256467869,-0.8793927892811753,2.428472307379243,-3.1387746044711373,0.1733657379081381,0.8266342620918619,0.1958541752472902,0.8041458247527098,0.8266342620918619,-0.022488437339152,0.0491178478785883,-0.06361267904339468,2012
2014-09-07,2014090704.0,8.0,2,1.0,04:43,5,2083.0,49.0,KC,2.0,2.0,2.0,55.0,1.0,1.0,TEN,KC,"(4:43) (Run formation) PENALTY on TEN-J.Locker, Delay of Game, 5 yards, enforced at KC 2 - No Play.",1,0.0,0,0,0,0,No Play,,,0,,,0.0,0.0,0,,0,,,0,,,,,0,,0,0,0,1,0.0,0.0,3.0,-3.0,3.0,KC,TEN,0,3,3,3,3,3,0.0366667752574338,0.0079053793332591,2.6838524183944758e-05,0.0099801940526658,0.1134584815294622,0.0018924295295676,0.7325144085922225,0.0,0.0,6.0610184426447065,-0.8997736387758453,,,0.4082595837761127,0.5917404162238873,0.4387000439063737,0.5612999560936263,0.5917404162238873,-0.030440460130261,,,2014
2012-09-16,2012091613.0,19.0,4,2.0,01:40,2,100.0,5.0,SF,9.0,9.0,9.0,71.0,1.0,0.0,DET,SF,(1:40) (Shotgun) M.Stafford pass incomplete short middle to T.Scheffler.,1,0.0,0,0,0,0,Pass,M.Stafford,00-0026498,1,Incomplete Pass,Short,9.0,0.0,0,middle,0,,,0,,,T.Scheffler,00-0024276,0,,0,0,0,0,0.0,12.0,27.0,-15.0,15.0,SF,DET,0,0,1,0,1,0,0.1472367601475145,0.0092419219767061,2.1138001638388782e-05,0.0051743782270562,0.4845076065175698,0.0004725335128891147,0.3533456616166258,0.0,0.0,3.863898828372079,-0.5721242394359276,3.136101171627921,-3.1387746044711373,0.9848756060236724,0.0151243939763275,0.9880956115618634,0.0119043884381365,0.0151243939763275,-0.003220005538191,0.0218008140578286,-0.0250208195960197,2012
2013-09-08,2013090812.0,24.0,4,4.0,02:49,3,169.0,0.0,DAL,36.0,64.0,2.0,20.0,0.0,1.0,DAL,NYG,"(2:49) (Punt formation) C.Jones punts 47 yards to NYG 17, Center-L.Ladouceur, fair catch by R.Randle.",1,0.0,0,0,0,0,Punt,,,0,,,0.0,0.0,0,,0,,,0,,,,,0,,0,0,0,0,0.0,23.0,24.0,-1.0,1.0,DAL,NYG,0,3,3,2,3,2,0.4257920474265128,0.1138513785574634,0.0018123262077882,0.1660687109067628,0.0705398637106127,0.0026778245603332,0.1489192229779845,0.0,0.0,-0.2482499633369106,0.0051467055904893,,,0.408585581939178,0.5914144180608221,0.4028410868913932,0.5971589131086068,0.408585581939178,-0.0057444950477847,,,2013
2011-10-16,2011101606.0,8.0,3,1.0,10:23,11,1523.0,22.0,CAR,41.0,59.0,15.0,25.0,0.0,0.0,CAR,ATL,(10:23) (Shotgun) J.Stewart left guard to CAR 45 for 4 yards (V.Walker).,1,4.0,0,0,0,0,Run,,,0,,,0.0,0.0,0,,0,J.Stewart,00-0026153,1,left,guard,,,0,V.Walker,0,0,0,0,0.0,10.0,14.0,-4.0,4.0,ATL,CAR,0,3,3,3,3,3,0.0028999277970404,0.1145963826520218,0.0011989752433413,0.1767627396260038,0.3077103679163359,0.0039315897877916,0.392900016977465,0.0,0.0,2.0977681263420718,-0.1424652568196642,,,0.5762463015345218,0.4237536984654781,0.5820039510017423,0.4179960489982577,0.4237536984654781,-0.0057576494672204,,,2011
2015-12-06,2015120605.0,8.0,2,1.0,10:51,11,2451.0,31.0,SF,44.0,56.0,10.0,25.0,0.0,0.0,SF,CHI,(10:51) B.Gabbert pass incomplete deep left to V.McDonald.,1,0.0,0,0,0,0,Pass,B.Gabbert,00-0027948,1,Incomplete Pass,Deep,10.0,0.0,0,left,0,,,0,,,V.McDonald,00-0030470,0,,0,0,0,0,0.0,6.0,13.0,-7.0,7.0,CHI,SF,0,3,3,3,3,3,0.0822223890418331,0.0888462393120836,0.0007569382625505173,0.1325764616604973,0.2786999885147042,0.0031035533805576,0.4137944298277734,0.0,0.0,2.542780255014809,-0.5953010483633097,1.4735600082412177,-2.068861056604528,0.6651547779000788,0.3348452220999212,0.6848533761644924,0.3151466238355077,0.3348452220999212,-0.0196985982644135,0.0494571142940336,-0.06361267904339468,2015
2012-11-25,2012112504.0,3.0,1,1.0,07:56,8,3176.0,13.0,DEN,37.0,37.0,10.0,33.0,0.0,0.0,KC,DEN,(7:56) B.Quinn pass incomplete deep right to J.Newsome (M.Adams) [R.Ayers].,1,0.0,0,0,0,0,Pass,B.Quinn,00-0025409,1,Incomplete Pass,Deep,10.0,0.0,1,right,0,,,0,,,J.Newsome,00-0028417,0,,0,0,0,0,0.0,3.0,0.0,3.0,3.0,KC,DEN,0,3,3,3,3,3,0.002876074512158,0.0573065070593415,0.00015656170312612524,0.0876481493831897,0.3492007613314093,0.0031410311554411,0.4996709148553339,0.0,0.0,3.765811060025843,-0.5027543133956529,3.234188939974157,-3.1387746044711373,0.7131333729304519,0.2868666270695481,0.6963544972415835,0.3036455027584165,0.7131333729304519,-0.0167788756888683,0.0936848325785555,-0.06361267904339468,2012
2014-11-23,2014112311.0,15.0,3,2.0,06:06,7,1266.0,3.0,SF,18.0,82.0,10.0,19.0,0.0,0.0,SF,WAS,(6:06) (Shotgun) C.Kaepernick pass short left to M.Crabtree to SF 27 for 9 yards (B.Breeland; P.Riley). WAS-B.Breeland was injured during the play.  Caught at SF 24.  3-yds YAC,1,9.0,0,0,0,0,Pass,C.Kaepernick,00-0027974,1,Complete,Short,6.0,0.0,0,left,0,,,0,,,M.Crabtree,00-0026986,1,B.Breeland,0,0,0,0,0.0,10.0,7.0,3.0,3.0,SF,WAS,0,3,3,3,3,3,0.0133798180828425,0.2086998541468077,0.0087723634377405,0.3199469659030059,0.1826143451205012,0.0037504069935776,0.2628362463155245,0.0,0.0,-0.4880754770796147,1.4350438898358762,0.1825362422673913,1.2525076475684849,0.5643246004353037,0.4356753995646962,0.6161671502509498,0.3838328497490502,0.5643246004353037,0.051842549815646,0.0063673771386679,0.045475172676978,2014
2015-12-10,2015121000.0,8.0,2,1.0,03:44,4,2024.0,8.0,MIN,20.0,80.0,10.0,2.0,0.0,0.0,MIN,ARI,(3:44) A.Peterson right end to MIN 22 for 2 yards (M.Golden).,1,2.0,0,0,0,0,Run,,,0,,,0.0,0.0,0,,0,A.Peterson,00-0025394,1,right,end,,,0,M.Golden,0,0,0,0,0.0,7.0,10.0,-3.0,3.0,ARI,MIN,0,2,2,2,2,2,0.4257920474265128,0.0916777799425239,0.0033091023770514,0.1350826254361507,0.1204992496949934,0.0018173728469557,0.1848922333296005,0.0,0.0,0.4321482054513657,-0.25535005623742,,,0.5894891289054722,0.4105108710945277,0.5993436369403362,0.4006563630596637,0.4105108710945277,-0.009854508034864,,,2015
2015-10-11,2015101100.0,27.0,4,2.0,03:18,4,198.0,26.0,NO,28.0,72.0,2.0,22.0,0.0,1.0,NO,PHI,"(3:18) (No Huddle, Shotgun) D.Brees pass short left to B.Cooks ran ob at NO 42 for 14 yards.",1,14.0,0,0,0,0,Pass,D.Brees,00-0020531,1,Complete,Short,10.0,0.0,0,left,0,,,0,,,B.Cooks,00-0031236,1,,0,0,0,0,0.0,10.0,38.0,-23.5,23.0,PHI,NO,0,2,2,2,2,2,0.4257920474265128,0.0788486563931347,0.0015439254568072,0.1123673256217443,0.1208776000903419,0.0019601688432437,0.2228542883674568,0.0,0.0,0.9003280570844819,0.8138397425966187,0.7517463754004617,0.0620933671961569,0.9998315008047648,0.0001684991952352051,0.9997533544173204,0.0002466455826796165,0.0001684991952352051,7.81463874444114e-05,7.097227277567481e-05,7.1741146687365925e-06,2015
2013-12-22,2013122202.0,6.0,1,4.0,08:44,9,3224.0,6.0,CIN,28.0,72.0,2.0,8.0,0.0,1.0,CIN,MIN,"(8:44) S.Powell punts 52 yards to MIN 20, Center-C.Harris. M.Sherels to MIN 42 for 22 yards (Al.Smith). MIN-S.Prater was injured during the play.",1,17.5,0,0,0,0,Punt,,,0,,,0.0,0.0,0,,0,,,0,,,,,0,Al.Smith,0,0,0,0,0.0,7.0,7.0,0.0,0.0,CIN,MIN,0,3,3,3,3,3,0.0063005983915467,0.2577582177457664,0.0050577549775627,0.3905354374073851,0.0841952327865716,0.0048516298493928,0.2513011288417744,0.0,0.0,-1.495741365093199,-0.9302838969983228,,,0.4467968970932715,0.5532031029067286,0.4353584491706119,0.564641550829388,0.4467968970932715,-0.0114384479226595,,,2013
2011-11-13,2011111306.0,13.0,2,2.0,01:59,2,1919.0,18.0,ARI,38.0,38.0,6.0,48.0,0.0,1.0,PHI,ARI,(1:59) (Shotgun) M.Vick up the middle to ARI 22 for 16 yards (R.Marshall).,1,16.0,0,0,0,0,Run,,,0,,,0.0,0.0,0,,0,M.Vick,00-0020245,1,middle,,,,0,R.Marshall,0,0,0,0,0.0,6.0,7.0,-1.0,1.0,PHI,ARI,0,2,2,2,2,2,0.3808509335655279,0.0311396789326427,0.0002748780712636787,0.0226226365843733,0.3207944057106732,0.0007538589747853954,0.2435636081607339,0.0,0.0,2.4165089431756592,0.7862295044621708,,,0.5446967527485473,0.4553032472514526,0.5697328632058883,0.4302671367941116,0.5446967527485473,0.025036110457341,,,2011
2012-11-22,2012112202.0,6.0,2,4.0,10:06,11,2406.0,38.0,NE,31.0,31.0,1.0,37.0,0.0,1.0,NYJ,NE,"(10:06) J.Smith reported in as eligible.  S.Greene up the middle to NE 31 for no gain (B.Spikes). FUMBLES (B.Spikes), RECOVERED by NE-S.Gregory at NE 19. S.Gregory to NE 17 for -2 yards (J.Cumberland).",1,0.0,0,0,0,0,Run,,,0,,,0.0,0.0,0,,0,S.Greene,00-0026899,1,middle,,,,0,B.Spikes,1,0,0,0,0.0,0.0,7.0,-7.0,7.0,NYJ,NE,0,3,3,3,3,3,0.0870286449651327,0.0803267137338744,0.0005480735960183284,0.1259911613260967,0.4523149052167735,0.0048610220347808,0.2489294791273234,0.0,0.0,1.985158695934809,-2.313702688290059,,,0.3189991488975464,0.6810008511024536,0.2735792716902482,0.7264207283097518,0.3189991488975464,-0.0454198772072982,,,2012
2016-09-11,2016091104.0,9.0,2,4.0,00:16,1,1816.0,5.0,SD,47.0,47.0,7.0,28.0,0.0,1.0,KC,SD,"(:16) D.Colquitt punts 25 yards to SD 22, Center-J.Winchester, downed by KC-T.Hill.",1,0.0,0,0,0,0,Punt,,,0,,,0.0,0.0,0,,0,,,0,,,,,0,,0,0,0,0,0.0,3.0,21.0,-18.0,18.0,KC,SD,0,1,1,0,1,0,0.4257920474265128,0.0461925682195038,0.0010677546618557,0.0328695414034389,0.1899632790637772,0.0008573774509570462,0.0671943762081335,0.0,0.0,0.6711652217438848,-0.6711652217438848,,,0.0714082656702149,0.928591734329785,0.0576561084681861,0.942343891531814,0.0714082656702149,-0.0137521572020287,,,2016
2014-12-07,2014120704.0,7.0,2,1.0,12:46,13,2566.0,7.0,BAL,14.0,86.0,10.0,20.0,0.0,1.0,BAL,MIA,(12:46) J.Flacco pass short right to L.Taliaferro pushed ob at BAL 34 for 20 yards (K.Misi).,1,17.5,0,0,0,0,Pass,J.Flacco,00-0026158,1,Complete,Short,9.0,0.0,0,right,0,,,0,,,L.Taliaferro,00-0031066,1,K.Misi,0,0,0,0,0.0,0.0,10.0,-10.0,10.0,MIA,BAL,0,3,2,3,2,3,0.0973356736995325,0.1759249896081955,0.0091969813043796,0.2648248941250575,0.1785103405162683,0.0030370350066677,0.2711700857398986,0.0,0.0,0.0398525014326818,1.765589926450795,1.241109209223469,0.524480717227326,0.8185109685521618,0.1814890314478382,0.7745832576789581,0.2254167423210419,0.1814890314478382,0.0439277108732036,0.0295681326389619,0.0143595782342417,2014
2011-12-11,2011121102.0,24.0,4,1.0,09:27,10,567.0,6.0,NYJ,13.0,87.0,10.0,4.0,0.0,0.0,NYJ,KC,(9:27) #8 Brunell in at QB. S.Greene left tackle to NYJ 17 for 4 yards (T.Hali).,1,4.0,0,0,0,0,Run,,,0,,,0.0,0.0,0,,0,S.Greene,00-0026899,1,left,tackle,,,0,T.Hali,0,0,0,0,0.0,35.0,10.0,20.5,23.0,NYJ,KC,0,3,3,0,3,0,0.1964573186717023,0.1584915958593913,0.00877607862705,0.2368256085426529,0.156896166940329,0.0026697534152162,0.2398834779436577,0.0,0.0,0.004406148626179,-0.0836680275076995,,,0.9966139968949518,0.0033860031050482,0.996761152928968,0.003238847071032,0.9966139968949518,0.0001471560340161604,,,2011
2015-12-20,2015122008.0,4.0,2,1.0,12:40,13,2560.0,29.0,CLE,39.0,39.0,10.0,34.0,0.0,1.0,SEA,CLE,(12:40) (Shotgun) R.Wilson left end to CLE 23 for 16 yards (T.Gipson).,1,16.0,0,0,0,0,Run,,,0,,,0.0,0.0,0,,0,R.Wilson,00-0029263,1,left,end,,,0,T.Gipson,0,0,0,0,0.0,7.0,7.0,0.0,0.0,SEA,CLE,0,2,2,2,2,2,0.0346565724931628,0.0567595101471111,0.00017341645554404896,0.0848349260842597,0.3337941929268995,0.0029587222645649,0.4868226596284579,0.0,0.0,3.6505887947667937,0.6583135968714835,,,0.5852586567009769,0.4147413432990231,0.6100567756249657,0.3899432243750342,0.5852586567009769,0.0247981189239888,,,2015
2016-12-04,2016120412.0,6.0,2,3.0,13:36,14,2616.0,39.0,CAR,36.0,36.0,5.0,43.0,0.0,0.0,SEA,CAR,(13:36) (Shotgun) R.Wilson pass incomplete short right to T.McEvoy.,1,0.0,0,0,0,0,Pass,R.Wilson,00-0029263,1,Incomplete Pass,Short,10.0,0.0,0,right,0,,,0,,,T.McEvoy,00-0032475,0,,0,0,0,0,0.0,10.0,0.0,10.0,10.0,SEA,CAR,0,3,3,3,3,3,0.0309105222693782,0.072447267372356,0.0003958685828392517,0.1120730126920868,0.4052034060592885,0.0037072981628973,0.3752626248611536,0.0,0.0,2.847218560404381,-1.4301150701013547,1.381262206762416,-2.811377276863771,0.8544007942726546,0.1455992057273454,0.8275907928466284,0.1724092071533716,0.8544007942726546,-0.0268100014260261,0.0221863387176767,-0.0489963401437029,2016
2016-01-03,2016010313.0,19.0,3,2.0,05:29,6,1229.0,9.0,SD,1.0,1.0,1.0,80.0,1.0,0.0,DEN,SD,"(5:29) C.Anderson left guard for 1 yard, TOUCHDOWN.",1,1.0,1,1,0,0,Run,,,0,,,0.0,0.0,0,,0,C.Anderson,00-0029854,1,left,guard,,,0,,0,0,0,0,0.0,7.0,13.0,-6.0,6.0,DEN,SD,0,3,3,3,3,3,0.0009009025454128037,0.0110654900644101,0.00021327983143555837,0.0150340108798575,0.124725167730824,0.0047486805418305,0.7325144085922225,0.0,0.0,6.1479990371046345,0.8520009628953655,,,0.4840317411232901,0.5159682588767098,0.5097758535006888,0.4902241464993112,0.4840317411232901,0.0257441123773985,,,2015
2009-10-25,2009102501.0,9.0,2,,00:02,1,1802.0,28.0,GB,44.0,44.0,0.0,6.0,0.0,0.0,,,Timeout #2 by CLE at 00:02.,1,0.0,0,0,0,0,Timeout,,,0,,,0.0,0.0,0,,0,,,0,,,,,0,,0,0,0,0,0.0,,,,,CLE,GB,1,2,1,2,0,2,0.0,0.0,0.0,0.0,0.0,0.0,0.0,0.0,0.0,0.0,0.0,,,,,,,,0.0,,,2009
2012-12-16,2012121600.0,2.0,1,1.0,09:13,10,3253.0,0.0,GB,1.0,99.0,11.0,5.0,0.0,0.0,GB,CHI,(9:13) A.Rodgers pass short right to Ja.Jones to GB 7 for 6 yards (K.Hayden).,1,6.0,0,0,0,0,Pass,A.Rodgers,00-0023459,1,Complete,Short,5.0,0.0,0,right,0,,,0,,,Ja.Jones,00-0025465,1,K.Hayden,0,0,0,0,0.0,0.0,0.0,0.0,0.0,CHI,GB,0,3,3,3,3,3,0.0078556786135823,0.2389543639555623,0.009553273933919493,0.369862473632259,0.1431758935057126,0.0030840740053872,0.2093174107536261,0.0,0.0,-1.460482914556946,0.2067586126645997,0.0153305756055781,0.1914280370590215,0.5530009867819421,0.4469990132180579,0.5456636621669351,0.4543363378330649,0.4469990132180579,0.0073373246150069,0.0006303164450919829,0.0067070081699149,2012
2016-11-06,2016110603.0,16.0,3,4.0,08:48,9,1428.0,5.0,JAX,33.0,33.0,5.0,5.0,0.0,0.0,KC,JAX,"(8:48) C.Santos 51 yard field goal is GOOD, Center-J.Winchester, Holder-D.Colquitt.",1,0.0,1,0,0,0,Field Goal,,,0,,,0.0,0.0,0,,0,,,0,,,,,0,,0,0,0,0,0.0,10.0,7.0,3.0,3.0,KC,JAX,0,3,3,3,3,3,0.0014619007132765,0.097418455987765,0.0011926163588274,0.1419023723678147,0.5864579642145082,0.0003768972737927188,0.0560920466021318,0.0,0.0,1.2101080455960311,1.7898919544039689,,,0.626863117469683,0.3731368825303169,0.6892165317150996,0.3107834682849004,0.626863117469683,0.05888471184731932,,,2016
2015-12-19,2015121900.0,19.0,3,2.0,02:49,3,1069.0,31.0,NYJ,43.0,57.0,7.0,18.0,0.0,0.0,NYJ,DAL,(2:49) S.Ridley right end to NYJ 43 for no gain (B.Carr).,1,0.0,0,0,0,0,Run,,,0,,,0.0,0.0,0,,0,S.Ridley,00-0028011,1,right,end,,,0,B.Carr,0,0,0,0,0.0,9.0,13.0,-4.0,4.0,DAL,NYJ,0,3,3,3,3,3,0.0180970374559912,0.115194925480364,0.0013643619029437,0.1749017721284052,0.2910213008364098,0.0037342455395973,0.3956863566562886,0.0,0.0,2.077710985036629,-0.9048510240099384,,,0.5899627536551866,0.4100372463448135,0.6233459328417612,0.3766540671582388,0.4100372463448135,-0.0333831791865746,,,2015
2014-11-02,2014110200.0,15.0,3,4.0,03:07,4,1087.0,9.0,CIN,43.0,43.0,7.0,28.0,0.0,1.0,JAC,CIN,"(3:07) B.Anger punts 35 yards to CIN 8, Center-C.Tinker. B.Tate to CIN 11 for 3 yards (J.Harris).",1,3.0,0,0,0,0,Punt,,,0,,,0.0,0.0,0,,0,,,0,,,,,0,J.Harris,0,0,0,0,0.0,10.0,19.0,-9.0,9.0,CIN,JAC,0,3,2,3,2,3,0.017804520056858,0.1423409269410731,0.0015685736655735,0.2138525267710649,0.415519744728258,0.006114872387977125,0.2027392557337541,0.0,0.0,0.7509553129760684,-0.4110885339587629,,,0.8057259442114411,0.1942740557885588,0.793658807832504,0.206341192167496,0.1942740557885588,0.0120671363789371,,,2014
2011-12-24,2011122406.0,7.0,2,2.0,12:08,13,2528.0,20.0,MIN,38.0,38.0,13.0,60.0,0.0,1.0,WAS,MIN,(12:08) R.Grossman pass short right to D.Young pushed ob at MIN 22 for 16 yards (C.Greenway; J.Sanford).,1,16.0,0,0,0,0,Pass,R.Grossman,00-0022121,1,Complete,Short,1.0,0.0,0,right,0,,,0,,,D.Young,00-0026852,1,C.Greenway,0,0,0,0,0.0,0.0,10.0,-10.0,10.0,WAS,MIN,0,2,2,3,2,3,0.041780207248455,0.0672978725120242,0.000351723083048407,0.1026552952493934,0.3684097810932628,0.0032239084516332,0.4162812123621827,0.0,0.0,3.104461516270411,1.2294697018899026,-0.7261530449062166,1.9556227467961191,0.2406262600417753,0.7593737399582247,0.2793511534191245,0.7206488465808755,0.2406262600417753,0.0387248933773491,-0.0204449377654921,0.05636049994176793,2011
2013-10-28,2013102800.0,22.0,4,1.0,00:46,1,46.0,37.0,SEA,6.0,6.0,6.0,91.0,1.0,0.0,STL,SEA,(:46) K.Clemens pass incomplete short right to A.Pettis.,1,0.0,0,0,0,0,Pass,K.Clemens,00-0024264,1,Incomplete Pass,Short,6.0,0.0,0,right,0,,,0,,,A.Pettis,00-0028016,0,,0,0,0,0,0.0,9.0,14.0,-5.0,5.0,STL,SEA,0,3,3,3,3,3,0.1539226133343664,0.0074869944932113,1.1057237804026136e-05,0.0042258753257561,0.332118781770711,0.0005242650423529097,0.5017104127957981,0.0,0.0,4.45731353973189,-0.4388258501759736,2.5426864602681096,-2.9815123104440837,0.4320691137911783,0.5679308862088217,0.3286939859439945,0.6713060140560055,0.4320691137911783,-0.05867359827459407,0.10628588579079232,-0.06361267904339468,2013
2009-10-18,2009101804.0,4.0,1,2.0,01:24,2,2784.0,39.0,MID,50.0,50.0,10.0,14.0,0.0,1.0,NYG,NO,(1:24) B.Jacobs left tackle pushed ob at NO 36 for 14 yards (T.Porter).,1,14.0,0,0,0,0,Run,,,0,,,0.0,0.0,0,,0,B.Jacobs,00-0023545,1,left,tackle,,,0,T.Porter,0,0,0,0,0.0,0.0,14.0,-14.0,14.0,NO,NYG,0,3,3,3,3,3,0.0212906471782053,0.0975151456017628,0.0008733193356152629,0.1489539128845527,0.3246120811831309,0.0036212203415076,0.4031336734752253,0.0,0.0,2.466044932890597,1.3693406049887389,,,0.8525290348923451,0.1474709651076549,0.8278906785019122,0.1721093214980878,0.1474709651076549,0.0246383563904329,,,2009
2009-11-15,2009111511.0,15.0,3,1.0,04:22,5,1162.0,37.0,PHI,48.0,48.0,10.0,12.0,0.0,0.0,SD,PHI,(4:22) L.Tomlinson up the middle to PHI 47 for 1 yard (Q.Mikell). Direct snap to RB.,1,1.0,0,0,0,0,Run,,,0,,,0.0,0.0,0,,0,L.Tomlinson,00-0020536,1,middle,,,,0,Q.Mikell,0,0,0,0,0.0,21.0,9.0,12.0,12.0,SD,PHI,0,3,3,2,3,2,0.0092397526348409,0.0785496714937079,0.0004158112725800237,0.1193617622091946,0.3216424426333771,0.0033204985398591,0.4674700612164402,0.0,0.0,3.171845781004284,-0.4563584569764285,,,0.9100527289923038,0.0899472710076961,0.9047615124648092,0.0952384875351908,0.9100527289923038,-0.0052912165274946,,,2009
2012-12-30,2012123008.0,8.0,2,3.0,10:19,11,2419.0,4.0,DET,46.0,46.0,10.0,26.0,0.0,0.0,CHI,DET,(10:19) (Shotgun) J.Cutler pass short left to B.Marshall to DET 45 for 1 yard (R.Bartell; J.Durant) [K.Vanden Bosch].,1,1.0,0,0,0,0,Pass,J.Cutler,00-0024226,1,Complete,Short,1.0,0.0,1,left,0,,,0,,,B.Marshall,00-0024334,1,,0,0,0,0,0.0,10.0,3.0,7.0,7.0,DET,CHI,0,1,3,1,3,1,0.0858103229897166,0.1009468491756434,0.0008483553470032029,0.1551091406586754,0.3395568073174542,0.0042533378348796,0.3134751866766274,0.0,0.0,1.8312021615268488,-1.2558251100000744,-1.2558251100000744,0.0,0.2520280761222001,0.7479719238777999,0.2896627153085238,0.7103372846914762,0.7479719238777999,-0.0376346391863237,-0.0376346391863237,0.0,2012
2015-10-19,2015101900.0,3.0,1,1.0,06:50,7,3110.0,5.0,PHI,40.0,40.0,10.0,28.0,0.0,0.0,NYG,PHI,(6:50) (Shotgun) E.Manning pass short right to O.Beckham Jr. ran ob at PHI 35 for 5 yards (J.Hicks).,1,5.0,0,0,0,0,Pass,E.Manning,00-0022803,1,Complete,Short,-5.0,0.0,0,right,0,,,0,,,O.Beckham Jr,00-0031235,1,J.Hicks,0,0,0,0,0.0,7.0,0.0,7.0,7.0,PHI,NYG,0,3,3,3,3,3,0.0040871524639054,0.0625846968599748,0.0002047612400030085,0.0955240765640603,0.3423468311360709,0.0031956055531941,0.4920568761827913,0.0,0.0,3.620997688785788,0.0057302859704497,-1.004661288322163,1.0103915742926128,0.1778996789056819,0.8221003210943181,0.1775410779687625,0.8224589220312375,0.8221003210943181,0.00035860093691941763,-0.0232680387810064,0.0236266397179258,2015
2012-12-16,2012121607.0,20.0,4,,02:02,3,122.0,3.0,IND,26.0,26.0,0.0,68.0,0.0,0.0,,,Timeout #3 by IND at 02:02.,1,0.0,0,0,0,0,Timeout,,,0,,,0.0,0.0,0,,0,,,0,,,,,0,,0,0,0,0,0.0,,,,,HOU,IND,1,1,3,1,3,0,0.0,0.0,0.0,0.0,0.0,0.0,0.0,0.0,0.0,0.0,0.0,,,,,,,,0.0,,,2012
2014-10-05,2014100507.0,1.0,1,,15:00,15,3600.0,0.0,PHI,35.0,35.0,0.0,0.0,0.0,,STL,PHI,"C.Parkey kicks 65 yards from PHI 35 to end zone, Touchback.",1,0.0,0,0,0,0,Kickoff,,,0,,,0.0,0.0,0,,0,,,0,,,,,0,,0,0,0,0,0.0,0.0,0.0,0.0,0.0,PHI,STL,0,3,3,3,3,3,0.0015063265025897,0.1797487862643072,0.0066391083784486,0.281137706070735,0.2137001434842491,0.0035923127788396,0.3136756165208305,0.0,0.0,0.3235258536112761,0.0,,,0.5143250139030865,0.4856749860969135,0.5143250139030865,0.4856749860969135,0.4856749860969135,0.0,,,2014
2011-01-02,2011010204.0,8.0,2,1.0,04:32,5,2072.0,43.0,HOU,49.0,49.0,10.0,67.0,0.0,1.0,JAC,HOU,"(4:32) R.Jennings right end to HOU 49 for no gain (G.Quin, B.Cushing). PENALTY on HOU-D.Lewis, Illegal Use of Hands, 5 yards, enforced at HOU 49 - No Play.",1,0.0,0,0,0,0,No Play,,,0,,,0.0,0.0,0,,0,,,0,,,,,0,G.Quin,0,0,0,1,0.0,10.0,17.0,-7.0,7.0,HOU,JAC,0,3,3,3,3,3,0.2524254648608525,0.0578749127824155,0.0003212441546493871,0.0850430203335588,0.2416005532990337,0.0023787289607143,0.3603560756087755,0.0,0.0,2.482483278088501,0.2401405203669431,,,0.6530186075887972,0.3469813924112028,0.6457545443695467,0.3542454556304533,0.3469813924112028,0.0072640632192504,,,2010
2011-11-06,2011110608.0,17.0,4,1.0,13:13,14,793.0,43.0,TEN,19.0,19.0,10.0,58.0,0.0,0.0,CIN,TEN,(13:13) C.Benson right end pushed ob at TEN 17 for 2 yards (M.Griffin).,1,2.0,0,0,0,0,Run,,,0,,,0.0,0.0,0,,0,C.Benson,00-0023439,1,right,end,,,0,M.Griffin,0,0,0,0,0.0,14.0,17.0,-3.0,3.0,TEN,CIN,0,3,2,3,2,3,0.0165665960468321,0.0300595468565253,2.7445146204473725e-05,0.044852436529304,0.3725329060759959,0.0025081804280993,0.5334528889170387,0.0,0.0,4.452584714936344,-0.3084130955467747,,,0.4763506804068138,0.5236493195931862,0.4870828842990758,0.5129171157009241,0.5236493195931862,-0.010732203892262,,,2011
2015-11-08,2015110805.0,9.0,2,1.0,04:33,5,2073.0,0.0,JAC,42.0,42.0,15.0,-5.0,0.0,0.0,NYJ,JAC,(4:33) (Shotgun) R.Fitzpatrick pass incomplete deep left to B.Marshall.,1,0.0,0,0,0,0,Pass,R.Fitzpatrick,00-0023682,1,Incomplete Pass,Deep,10.0,0.0,0,left,0,,,0,,,B.Marshall,00-0024334,0,,0,0,0,0,0.0,14.0,3.0,11.0,11.0,NYJ,JAC,0,3,3,3,3,3,0.2154981361851284,0.0517345586657036,0.0001902958075829614,0.0759206874582649,0.2839715777116186,0.0026301529399347,0.3700545912317666,0.0,0.0,2.76052809781696,-0.4362456802596139,1.307474706183512,-1.743720386443126,0.8841553460150623,0.1158446539849377,0.8777076933139859,0.1222923066860141,0.8841553460150623,-0.0064476527010763,0.0178493132642848,-0.0242969659653612,2015
2014-09-21,2014092108.0,7.0,2,,05:48,6,2148.0,0.0,PHI,35.0,35.0,0.0,0.0,0.0,,WAS,PHI,"C.Parkey kicks 65 yards from PHI 35 to end zone, Touchback.",1,0.0,0,0,0,0,Kickoff,,,0,,,0.0,0.0,0,,0,,,0,,,,,0,,0,0,0,0,0.0,17.0,14.0,3.0,3.0,PHI,WAS,0,1,3,1,3,1,0.343321128870209,0.1125538210190916,0.0040699865873126,0.1666229656575942,0.1467748022675805,0.00223263532602,0.2244246602721917,0.0,0.0,0.5036001035250643,0.0,,,0.4232220698975117,0.5767779301024882,0.4232220698975117,0.5767779301024882,0.5767779301024882,0.0,,,2014
2012-09-13,2012091300.0,9.0,2,4.0,01:56,2,1916.0,4.0,CHI,27.0,27.0,20.5,80.0,0.0,0.0,GB,CHI,"(1:56) T.Masthay pass short middle to T.Crabtree for 27 yards, TOUCHDOWN. Field goal formation.",1,17.5,1,1,0,0,Pass,T.Masthay,00-0026664,1,Complete,Short,-3.0,0.0,0,middle,0,,,0,,,T.Crabtree,00-0026878,1,,0,0,0,0,0.0,3.0,0.0,3.0,3.0,GB,CHI,0,3,3,2,3,2,0.3327906112661026,0.0295742023491787,0.0004816471253722967,0.0209593140872917,0.5665269193775692,0.000979877915852808,0.0486874278786325,0.0,0.0,1.8059514092055176,2.311291607352805,-2.905411925196589,2.659125528472397,0.6554216687223784,0.3445783312776216,0.8178425513663515,0.1821574486336484,0.6554216687223784,0.05888471184731932,-0.0819389836104645,0.05636049994176793,2012
2010-09-12,2010091203.0,9.0,2,2.0,07:46,8,2266.0,26.0,HOU,32.0,32.0,7.0,13.0,0.0,1.0,IND,HOU,(7:46) P.Manning pass short left to D.Clark to HOU 22 for 10 yards (D.Ryans).,1,10.0,0,0,0,0,Pass,P.Manning,00-0010346,1,Complete,Short,5.0,0.0,0,left,0,,,0,,,D.Clark,00-0022165,1,D.Ryans,0,0,0,0,0.0,0.0,13.0,-13.0,13.0,HOU,IND,0,2,2,2,2,2,0.0928804046562161,0.0479711633365542,0.00016882803217010834,0.0715840823042011,0.3526938173804858,0.0027363008229567,0.4319654034674159,0.0,0.0,3.441972155855871,0.7113479916768748,-0.0106113451478173,0.7219593368246922,0.8083287998496109,0.1916712001503891,0.78969978282873,0.21030021717127,0.1916712001503891,0.0186290170208809,-5.473725916571581e-05,0.0186837542800466,2010
2010-12-19,2010121908.0,13.0,4,1.0,10:35,11,635.0,0.0,DET,1.0,1.0,1.0,78.0,1.0,0.0,TB,DET,"(10:35) J.Freeman up the middle to DET 1 for no gain (T.McBride, C.Williams).",1,0.0,0,0,0,0,Run,,,0,,,0.0,0.0,0,,0,J.Freeman,00-0026993,1,middle,,,,0,T.McBride,0,0,0,0,0.0,14.0,17.0,-3.0,3.0,TB,DET,0,2,2,3,2,3,0.0072859205472428,0.0069703835455443,6.676689855402298e-05,0.0094649739905577,0.0649551832778295,0.0022100050712616,0.7325144085922225,0.0,0.0,6.475313424291434,-0.3604108381007842,,,0.6242310910327359,0.3757689089672641,0.6126337992117069,0.3873662007882931,0.6242310910327359,-0.0115972918210289,,,2010
2012-09-16,2012091612.0,6.0,2,1.0,12:32,13,2552.0,9.0,OAK,7.0,93.0,10.0,3.0,0.0,0.0,OAK,MIA,(12:32) D.McFadden right tackle to OAK 10 for 3 yards (R.Starks).,1,3.0,0,0,0,0,Run,,,0,,,0.0,0.0,0,,0,D.McFadden,00-0026144,1,right,tackle,,,0,R.Starks,0,0,0,0,0.0,7.0,7.0,0.0,0.0,MIA,OAK,0,3,3,3,3,3,0.1123195957431776,0.1939170483333585,0.009553273933919493,0.2920541131883439,0.1516037211303368,0.0028393831225368,0.2317951803386291,0.0,0.0,-0.5740156615992296,-0.2486013330900158,,,0.5459451172655498,0.4540548827344501,0.5522447045878871,0.4477552954121129,0.4540548827344501,-0.0062995873223372,,,2012
2011-09-11,2011091109.0,21.0,4,4.0,05:14,6,314.0,37.0,CAR,36.0,64.0,9.0,16.0,0.0,1.0,CAR,ARI,"(5:14) J.Baker punts 53 yards to ARI 11, Center-J.Jansen, downed by CAR-O.Gaither.",1,0.0,0,0,0,0,Punt,,,0,,,0.0,0.0,0,,0,,,0,,,,,0,,0,0,0,0,0.0,21.0,27.0,-6.0,6.0,ARI,CAR,0,3,2,3,2,3,0.3584332910255807,0.157181014514072,0.002895238078574,0.2223156059863359,0.1138510910107095,0.003724105402421,0.1415996539823066,0.0,0.0,-0.6933436998905987,0.758087455019738,,,0.8227263168861068,0.1772736831138932,0.7867849607953981,0.2132150392046019,0.1772736831138932,0.0359413560907087,,,2011
2009-11-01,2009110107.0,10.0,2,3.0,05:40,6,2140.0,44.0,MIA,47.0,53.0,8.0,2.0,0.0,0.0,MIA,NYJ,(5:40) C.Henne pass incomplete short left to J.Haynos.,1,0.0,0,0,0,0,Pass,C.Henne,00-0026197,1,Incomplete Pass,Short,-6.0,0.0,0,left,0,,,0,,,J.Haynos,00-0026026,0,,0,0,0,0,0.0,0.0,3.0,-3.0,3.0,NYJ,MIA,0,3,3,3,3,3,0.2528265670532389,0.097268211540586,0.0010940302610816,0.1459661154760001,0.238678767938141,0.0033438159104486,0.2608224918205035,0.0,0.0,1.2327258749029226,-1.2494197029042904,-1.9444184767801291,0.694998773875839,0.5585966820591168,0.4414033179408831,0.5996222633267756,0.4003777366732243,0.4414033179408831,-0.0410255812676588,-0.0647148271854551,0.0236892459177963,2009
2012-12-30,2012123006.0,15.0,3,3.0,09:04,10,1444.0,43.0,NYG,36.0,64.0,7.0,27.0,0.0,1.0,NYG,PHI,(9:04) (Shotgun) E.Manning pass short middle to D.Hixon to NYG 47 for 11 yards (C.Anderson).,1,11.0,0,0,0,0,Pass,E.Manning,00-0022803,1,Complete,Short,10.0,0.0,0,middle,0,,,0,,,D.Hixon,00-0024345,1,C.Anderson,0,0,0,0,0.0,35.0,7.0,20.5,23.0,NYG,PHI,0,3,3,3,3,3,0.0049372817547868,0.1756762905389112,0.0032025776797157,0.2704186495625236,0.2357508847758355,0.0045129183742848,0.3055013973139421,0.0,0.0,0.4284236983598402,2.311291607352805,2.372824581461427,0.0,0.9989635808329104,0.0010364191670895,0.999762802863378,0.0002371971366220693,0.9989635808329104,0.0007992220304674502,0.0007992220304674502,0.0,2012
2009-10-04,2009100411.0,5.0,1,1.0,02:26,3,2846.0,7.0,STL,10.0,90.0,10.0,2.0,0.0,0.0,STL,SF,(2:26) S.Jackson left end to STL 12 for 2 yards (M.Lewis).,1,2.0,0,0,0,0,Run,,,0,,,0.0,0.0,0,,0,S.Jackson,00-0022736,1,left,end,,,0,M.Lewis,0,0,0,0,0.0,0.0,0.0,0.0,0.0,SF,STL,0,3,3,3,3,3,0.0357112605530489,0.2025239129766416,0.009553273933919493,0.3082955677353289,0.1738354471436277,0.0031869704395203,0.2629097331374016,0.0,0.0,-0.4244665148343536,-0.43381859397183,,,0.5309313095462529,0.4690686904537471,0.5474204686192747,0.4525795313807253,0.4690686904537471,-0.0164891590730217,,,2009
2013-09-09,2013090901.0,8.0,2,3.0,07:13,8,2233.0,42.0,SD,35.0,65.0,2.0,2.0,0.0,0.0,SD,HOU,(7:13) (Shotgun) P.Rivers sacked at SD 29 for -6 yards (D.Manning).,1,-6.0,0,0,0,0,Sack,,00-0022942,0,,,0.0,0.0,1,,0,,,0,,,,,0,D.Manning,0,1,0,0,0.0,14.0,7.0,7.0,7.0,SD,HOU,0,3,3,3,3,3,0.2244461720784675,0.1184586665852075,0.0021898442009692,0.1711210083355318,0.1706918155460646,0.0026216816145337,0.3104708116392253,0.0,0.0,1.1330117448355548,-2.322781214279184,,,0.7632216795581602,0.2367783204418397,0.6874906180015817,0.3125093819984182,0.7632216795581602,-0.05867359827459407,,,2013
2013-12-22,2013122206.0,5.0,2,4.0,10:46,11,2446.0,4.0,NYJ,1.0,1.0,1.0,74.0,1.0,1.0,CLE,NYJ,(10:46) (Shotgun) J.Campbell pass incomplete short left to J.Gordon.,1,0.0,0,0,0,0,Pass,J.Campbell,00-0023460,1,Incomplete Pass,Short,1.0,0.0,0,left,0,,,0,,,J.Gordon,00-0029664,0,,0,0,0,0,0.0,3.0,0.0,3.0,3.0,NYJ,CLE,0,1,3,1,3,1,0.0266179066641108,0.0291161641919579,0.0032351162213165,0.043432390098954,0.5440966834159308,0.006114872387977125,0.3398786784641151,0.0,0.0,3.6408414656726418,-2.3435852439389357,3.3591585343273582,-3.1387746044711373,0.3282339986869756,0.6717660013130243,0.3812945205279709,0.618705479472029,0.6717660013130243,-0.0530605218409953,0.10628588579079232,-0.06361267904339468,2013
2016-09-25,2016092508.0,24.0,4,1.0,02:41,3,161.0,29.0,SEA,32.0,32.0,10.0,15.0,0.0,0.0,SF,SEA,"(2:41) (No Huddle, Shotgun) S.Draughn left guard to SEA 32 for no gain (M.Bennett; C.Avril).",1,0.0,0,0,0,0,Run,,,0,,,0.0,0.0,0,,0,S.Draughn,00-0028202,1,left,guard,,,0,M.Bennett,0,0,0,0,0.0,10.0,37.0,-23.5,23.0,SEA,SF,0,3,1,3,1,3,0.2408907294575744,0.0342560936405539,6.797001477660653e-05,0.0500007915661027,0.2718762983187549,0.0020986756302952,0.4008094413719422,0.0,0.0,3.172582573906517,-0.5222806960312911,,,0.9991101374011444,0.0008898625988554454,0.999406402486487,0.0005935975135129031,0.0008898625988554454,-0.0002962650853425424,,,2016
2010-09-19,2010091903.0,9.0,2,1.0,10:45,11,2445.0,8.0,CLE,28.0,72.0,10.0,2.0,0.0,0.0,CLE,KC,"(10:45) J.Harrison right guard to CLE 30 for 2 yards (S.Smith, J.Belcher).",1,2.0,0,0,0,0,Run,,,0,,,0.0,0.0,0,,0,J.Charles,00-0024359,1,right,guard,,,0,S.Smith,0,0,0,0,0.0,7.0,3.0,4.0,4.0,CLE,KC,0,1,1,2,1,2,0.1186881102974091,0.128363483929724,0.0028750616030163,0.1919509660756849,0.2215040207509397,0.0030779297855203,0.3335404275577055,0.0,0.0,1.2709535772027991,-0.3960864114818758,,,0.6345994224859369,0.3654005775140631,0.6227850330083611,0.3772149669916389,0.6345994224859369,-0.0118143894775758,,,2010
2012-12-16,2012121603.0,17.0,4,3.0,14:29,15,869.0,5.0,MIN,11.0,11.0,5.0,74.0,0.0,1.0,STL,MIN,(14:29) (Shotgun) S.Bradford pass short middle to D.Amendola to MIN 6 for 5 yards (C.Greenway).,1,5.0,0,0,0,0,Pass,S.Bradford,00-0027854,1,Complete,Short,-2.0,0.0,0,middle,0,,,0,,,D.Amendola,00-0026035,1,C.Greenway,0,0,0,0,0.0,7.0,32.0,-23.5,23.0,STL,MIN,0,3,3,2,3,2,0.0114666322060276,0.0294131344767727,5.548961055588124e-05,0.0470473593543929,0.5583433026454943,0.0028738366165425,0.3508002450902139,0.0,0.0,3.718697398668884,1.8385036236194328,-1.1001264245033395,2.659125528472397,0.0198130701324851,0.9801869298675148,0.0307414167729723,0.9692585832270276,0.0198130701324851,0.0109283466404871,-0.0057143232357775,0.0166426698762647,2012
2010-10-31,2010103104.0,7.0,2,4.0,15:00,15,2700.0,0.0,WAS,25.0,75.0,5.0,5.0,0.0,1.0,WAS,DET,"(15:00) (Punt formation) H.Smith punts 54 yards to DET 21, Center-N.Sundberg. S.Logan to DET 27 for 6 yards (L.Alexander). PENALTY on DET-T.McBride, Offensive Holding, 10 yards, enforced at DET 21.",1,6.0,0,0,0,0,Punt,,,0,,,0.0,0.0,0,,0,,,0,,,,,0,L.Alexander,0,0,0,1,0.0,0.0,0.0,0.0,0.0,DET,WAS,0,3,2,3,2,3,0.0511332461893244,0.2666057889248924,0.0060873415643242,0.3859614306183205,0.0807165782052798,0.0046107130083153,0.204884901489543,0.0,0.0,-1.8281565931722992,2.101094671901827,,,0.5690314029474317,0.4309685970525682,0.4471951856189639,0.552804814381036,0.4309685970525682,0.05888471184731932,,,2010
2012-01-01,2012010108.0,20.0,3,1.0,07:33,8,1353.0,21.0,GB,14.0,14.0,10.0,55.0,0.0,0.0,DET,GB,(7:33) M.Stafford pass short middle to K.Smith to GB 5 for 9 yards (B.Raji).,1,9.0,0,0,0,0,Pass,M.Stafford,00-0026498,1,Complete,Short,2.0,0.0,0,middle,0,,,0,,,K.Smith,00-0026204,1,B.Raji,0,0,0,0,0.0,19.0,24.0,-5.0,5.0,GB,DET,0,3,3,3,3,3,0.0015308717546868,0.0267921434735458,1.8232599018623e-05,0.0408038960758799,0.3862491606578587,0.0025217191566879,0.5420839762823221,0.0,0.0,4.592338586113372,0.3124142681433151,-0.3127171078036976,0.6251313759470127,0.5311479757360418,0.4688520242639581,0.5220296594032787,0.4779703405967213,0.4688520242639581,0.0091183163327631,-0.0102954987166665,0.0194138150494296,2011
2010-01-03,2010010315.0,11.0,2,1.0,03:52,4,2032.0,7.0,TEN,14.0,86.0,10.0,11.0,0.0,1.0,TEN,SEA,(3:52) V.Young pass short right to J.Gage pushed ob at TEN 25 for 11 yards (M.Trufant).,1,11.0,0,0,0,0,Pass,V.Young,00-0024218,1,Complete,Short,8.0,0.0,0,right,0,,,0,,,J.Gage,00-0021982,1,M.Trufant,0,0,0,0,0.0,7.0,7.0,0.0,0.0,SEA,TEN,0,2,3,2,3,2,0.4257920474265128,0.0994750433979872,0.0051599366469741,0.1467451117154372,0.1044279562129328,0.0017125407814842,0.1610350983685444,0.0,0.0,0.1079938532856072,0.5981685993006568,0.4763075792294637,0.121861020071193,0.5194662134377382,0.4805337865622617,0.5018928733886798,0.4981071266113202,0.4805337865622617,0.0175733400490584,0.014378301872122,0.0031950381769364,2009
2014-10-26,2014102605.0,9.0,2,1.0,01:47,2,1907.0,5.0,CHI,11.0,89.0,10.0,4.0,0.0,0.0,CHI,NE,(1:47) (Shotgun) J.Cutler pass short right to M.Forte ran ob at CHI 15 for 4 yards.,1,4.0,0,0,0,0,Pass,J.Cutler,00-0024226,1,Complete,Short,-1.0,0.0,0,right,0,,,0,,,M.Forte,00-0026184,1,,0,0,0,0,0.0,7.0,24.0,-17.0,17.0,NE,CHI,0,2,2,2,2,2,0.4257920474265128,0.057651272386254,0.0069300803876543,0.0419675890400542,0.094961466408717,0.0004460036722909316,0.0856403900044816,0.0,0.0,0.4046720353876537,-0.0246672115605548,-0.2387709582877821,0.2141037467272272,0.9181296226259568,0.081870377374043,0.9184803825061648,0.081519617493835,0.081870377374043,-0.00035075988020800974,-0.0028741296724395,0.0025233697922315,2014
2009-12-27,2009122706.0,13.0,3,2.0,10:39,11,1539.0,7.0,NE,29.0,29.0,10.0,47.0,0.0,0.0,JAC,NE,"(10:39) (Shotgun) M.Jones-Drew up the middle to NE 27 for 2 yards (T.Banta-Cain, M.Pryor).",1,2.0,0,0,0,0,Run,,,0,,,0.0,0.0,0,,0,D.Garrard,00-0024275,1,middle,,,,0,T.Banta-Cain,0,0,0,0,0.0,0.0,28.0,-23.5,23.0,NE,JAC,0,3,3,3,3,3,0.0012908584931223,0.0534392656608761,0.00017538345927817786,0.0837484132447627,0.4078464310167111,0.0032075071037322,0.4502921410215172,0.0,0.0,3.635091837793695,-0.5927997127937039,,,0.989540081138258,0.0104599188617421,0.9918098050259762,0.0081901949740239,0.0104599188617421,-0.0022697238877182,,,2009
2010-11-14,2010111409.0,15.0,3,4.0,07:09,8,1329.0,38.0,ARI,16.0,16.0,7.0,64.0,0.0,0.0,SEA,ARI,"(7:09) O.Mare 34 yard field goal is GOOD, Center-C.Gresham, Holder-J.Ryan.",1,0.0,1,0,0,0,Field Goal,,,0,,,0.0,0.0,0,,0,,,0,,,,,0,,0,0,0,0,0.0,17.0,10.0,7.0,7.0,ARI,SEA,0,3,3,3,3,3,0.0007526458036988238,0.0183708609358453,0.0002827383990997003,0.0272339984006972,0.5864579642145082,0.0003718460839661722,0.0198181952317142,0.0,0.0,2.6926641558142514,0.3073358441857485,,,0.1890043333520478,0.8109956666479522,0.1736446607221038,0.8263553392778962,0.8109956666479522,0.0153596726299439,,,2010
2015-12-20,2015122012.0,26.0,4,3.0,07:00,7,420.0,31.0,CIN,31.0,69.0,10.0,-3.0,0.0,0.0,CIN,SF,(7:00) (Shotgun) A.McCarron sacked at CIN 28 for -3 yards (E.Reid).,1,-3.0,0,0,0,0,Sack,,00-0031288,0,,,0.0,0.0,1,,0,,,0,,,,,0,E.Reid,0,1,0,0,0.0,24.0,7.0,17.0,17.0,SF,CIN,0,2,3,2,3,2,0.2503086919167188,0.1472231633708638,0.0032841128115425,0.218120417080903,0.1624419602452861,0.0034187116561089,0.2152029429185766,0.0,0.0,0.0255032691761152,-1.327521468295542,,,0.0329434196202538,0.9670565803797462,0.0390884561000237,0.9609115438999762,0.9670565803797462,-0.0061450364797699,,,2015
2009-11-15,2009111510.0,6.0,2,3.0,14:20,15,2660.0,40.0,DAL,41.0,59.0,18.0,1.0,0.0,0.0,DAL,GB,(14:20) (Shotgun) T.Romo pass short middle to T.Choice to 50 for 9 yards (C.Jenkins).,1,9.0,0,0,0,0,Pass,T.Romo,00-0021678,1,Complete,Short,0.0,0.0,0,middle,0,,,0,,,T.Choice,00-0026262,1,C.Jenkins,0,0,0,0,0.0,0.0,0.0,0.0,0.0,GB,DAL,0,3,3,3,3,3,0.0455179545721114,0.160116428037164,0.0023638125222909,0.2470222038013137,0.2732054600358191,0.0051009844511282,0.2666731565801724,0.0,0.0,0.4822981093056506,-0.3778051062969181,-1.3649173572146602,0.987112250917742,0.5151714393052435,0.4848285606947565,0.5267583748007729,0.4732416251992271,0.4848285606947565,-0.0115869354955294,-0.0407103674174362,0.0291234319219068,2009
2012-09-23,2012092302.0,6.0,2,2.0,03:24,4,2004.0,40.0,SF,31.0,69.0,15.0,17.0,0.0,0.0,SF,MIN,(3:24) A.Smith scrambles left end to SF 41 for 10 yards (C.Greenway). MIN-M.Raymond was injured during the play. His return is Probable.,1,10.0,0,0,0,0,Run,,,0,,,0.0,0.0,0,,0,A.Smith,00-0023436,1,left,end,,,0,C.Greenway,0,0,0,0,0.0,3.0,14.0,-11.0,11.0,MIN,SF,0,3,3,3,3,3,0.4257920474265128,0.0917015298687208,0.0021692819851336,0.1366206335567571,0.1437089343298837,0.002145998496317,0.187097901461638,0.0,0.0,0.5093165217400218,0.3118108253687743,,,0.8305096468467827,0.1694903531532172,0.8252096440104756,0.1747903559895244,0.1694903531532172,0.0053000028363071,,,2012
2009-12-27,2009122711.0,6.0,2,2.0,12:51,13,2571.0,38.0,DET,47.0,47.0,4.0,20.0,0.0,1.0,SF,DET,(12:51) A.Smith pass short left to V.Davis to DET 33 for 14 yards (J.Peterson). Caught at DET 36.,1,14.0,0,0,0,0,Pass,A.Smith,00-0023436,1,Complete,Short,10.0,0.0,0,left,0,,,0,,,V.Davis,00-0024221,1,J.Peterson,0,0,0,0,0.0,3.0,3.0,0.0,0.0,SF,DET,0,3,3,3,3,3,0.0443929566336725,0.0779381559756724,0.0005174182269663198,0.1158551875609065,0.3115938863369326,0.0032815253537309,0.4464208699121185,0.0,0.0,3.020455181795794,0.9032672610341348,0.7801432533304431,0.1231240077036917,0.5647150448765054,0.4352849551234946,0.5974203028941169,0.4025796971058831,0.5647150448765054,0.0327052580176114,0.0268800847142569,0.0058251733033545,2009
2012-12-23,2012122314.0,18.0,4,3.0,14:55,15,895.0,5.0,NYJ,18.0,18.0,9.0,9.0,0.0,0.0,SD,NYJ,(14:55) (Shotgun) P.Rivers left end ran ob at NYJ 10 for 8 yards.,1,8.0,0,0,0,0,Run,,,0,,,0.0,0.0,0,,0,J.Battle,00-0022942,1,left,tackle,,,0,,0,0,0,0,0.0,23.0,14.0,9.0,9.0,NYJ,SD,0,2,3,2,3,2,0.0133515971386129,0.0415034124774584,0.0001062076039032354,0.0666149780851757,0.5436819820984263,0.0035767470453384,0.3311650755510848,0.0,0.0,3.3653274700071374,-0.5029107353525499,,,0.1173940982479727,0.8826059017520272,0.1239966806229817,0.8760033193770183,0.8826059017520272,-0.0066025823750089,,,2012
2012-11-04,2012110402.0,12.0,3,4.0,08:23,9,1403.0,21.0,DET,37.0,63.0,2.0,21.0,0.0,1.0,DET,JAC,"(8:23) N.Harris punts 49 yards to JAC 14, Center-D.Muhlbach. M.Spurlock pushed ob at JAC 21 for 7 yards (T.Lewis).",1,7.0,0,0,0,0,Punt,,,0,,,0.0,0.0,0,,0,,,0,,,,,0,T.Lewis,0,0,0,0,0.0,21.0,0.0,20.5,21.0,JAC,DET,0,3,3,3,3,3,0.006654178145421,0.2268419403703834,0.0035899535564672,0.3471233838126155,0.1393510452567238,0.0055255695799708,0.2709139292784181,0.0,0.0,-0.792067635033354,0.2476337700836275,,,0.0351456454064169,0.964854354593583,0.033314962454833,0.966685037545167,0.964854354593583,0.0018306829515839,,,2012
2012-09-23,2012092304.0,10.0,2,1.0,07:51,8,2271.0,11.0,WAS,49.0,49.0,10.0,9.0,0.0,0.0,CIN,WAS,(7:51) A.Dalton pass short right to A.Binns to WAS 40 for 9 yards (D.Hall).,1,9.0,0,0,0,0,Pass,A.Dalton,00-0027973,1,Complete,Short,10.0,0.0,0,right,0,,,0,,,A.Binns,00-0028400,1,D.Hall,0,0,0,0,0.0,14.0,6.0,8.0,8.0,WAS,CIN,0,3,3,3,3,3,0.132167425676982,0.0679961941282686,0.0003785226627368185,0.1006712677467548,0.280278121342657,0.0027975942186085,0.415710874223992,0.0,0.0,2.846961170095569,0.7614209715740836,0.5837555706012543,0.1776654009728293,0.1694291014495205,0.8305708985504795,0.1526524188481344,0.8473475811518656,0.8305708985504795,0.016776682601386,0.0120573673682536,0.0047193152331324,2012
2011-11-20,2011112004.0,3.0,1,2.0,08:29,9,3209.0,0.0,BAL,18.0,18.0,11.0,75.0,0.0,1.0,CIN,BAL,"(8:29) (Shotgun) A.Dalton pass incomplete deep left to A.Caldwell [J.Johnson]. PENALTY on BAL-C.Carr, Defensive Pass Interference, 11 yards, enforced at BAL 18 - No Play.",1,0.0,0,0,0,0,No Play,A.Dalton,,1,Incomplete Pass,Deep,0.0,0.0,0,left,0,,,0,,,A.Caldwell,,0,,0,0,0,1,0.0,0.0,0.0,0.0,0.0,BAL,CIN,0,2,3,2,3,2,0.0015342528168785,0.036772373204293,7.202216467560983e-05,0.0576032121255384,0.4430619415976894,0.0028149525068608,0.458141245584064,0.0,0.0,4.028120800074238,1.4029179954648665,,,0.3978190705618135,0.6021809294381865,0.3479392229736929,0.652060777026307,0.6021809294381865,0.0498798475881205,,,2011
2009-10-18,2009101808.0,11.0,2,2.0,10:15,11,2415.0,37.0,PHI,27.0,27.0,5.0,76.0,0.0,1.0,OAK,PHI,"(10:15) J.Fargas up the middle to PHI 25 for 2 yards (C.Gocong). PENALTY on PHI-A.Samuel, Unnecessary Roughness, 13 yards, enforced at PHI 25.",1,2.0,0,0,0,0,Run,,,0,,,0.0,0.0,0,,0,J.Fargas,00-0022093,1,middle,,,,0,C.Gocong,0,0,0,1,0.0,7.0,3.0,4.0,4.0,OAK,PHI,0,3,3,3,3,3,0.045623241365675,0.0412906371616228,0.00010825060181928945,0.0615827361245138,0.3757838997425721,0.0026980601299654,0.4729131748738313,0.0,0.0,3.887972478044362,0.687922618878356,,,0.743129876750547,0.256870123249453,0.7663436647251398,0.2336563352748601,0.743129876750547,0.0232137879745928,,,2009
2012-09-09,2012090900.0,12.0,2,,03:17,4,1997.0,0.0,IND,35.0,35.0,0.0,0.0,0.0,,CHI,IND,P.McAfee kicks 68 yards from IND 35 to CHI -3. D.Hester to CHI 28 for 31 yards (M.Harvey).,1,17.5,0,0,0,0,Kickoff,,,0,,,0.0,0.0,0,,0,,,0,,,,,0,M.Harvey,0,0,0,0,0.0,17.0,13.0,4.0,4.0,CHI,IND,0,1,1,3,1,3,0.4257920474265128,0.0869681097677898,0.003137869418177,0.128012215486034,0.1145056513368417,0.0017237708507478,0.1758292733387615,0.0,0.0,0.4145038325413895,0.4366088686194738,,,0.6064359116891789,0.3935640883108211,0.6223797278029676,0.3776202721970324,0.6064359116891789,0.0159438161137887,,,2012
2016-01-03,2016010300.0,18.0,3,3.0,00:14,1,914.0,18.0,BUF,28.0,72.0,2.0,8.0,0.0,0.0,BUF,NYJ,"(:14) T.Taylor sacked at BUF 28 for 0 yards (D.Harris). Handoff to A.Dixon, followed by backward pass to T.Taylor, caught at BUF 16. T.Taylor then scrambles.",1,0.0,0,0,0,0,Sack,,00-0028118,1,Complete,,0.0,0.0,1,,0,,,0,,,T.Taylor,,1,D.Harris,0,1,0,0,0.0,19.0,17.0,2.0,2.0,BUF,NYJ,0,2,2,2,2,2,0.0452235209195993,0.1743513780781341,0.0043725788368704,0.2542447055444106,0.1728865437084266,0.0032277557969596,0.3456935171155992,0.0,0.0,0.6334575318093763,-0.6334575318093763,-0.6334575318093763,0.0,0.5764944129450037,0.4235055870549963,,,0.5764944129450037,,,0.0,2015
2009-11-29,2009112901.0,10.0,2,4.0,00:18,1,1818.0,3.0,MID,50.0,50.0,11.0,-1.0,0.0,1.0,MIA,BUF,"(:18) B.Fields punts 46 yards to BUF 4, Center-J.Denney, downed by MIA-J.Allen.",1,0.0,0,0,0,0,Punt,,,0,,,0.0,0.0,0,,0,,,0,,,,,0,,0,0,0,0,0.0,7.0,7.0,0.0,0.0,BUF,MIA,0,1,1,1,1,1,0.4257920474265128,0.0500326804983587,0.001297237645005,0.0350928224435058,0.175244272440794,0.0008538347284084626,0.0610813820727911,0.0,0.0,0.55666788739911,-0.55666788739911,,,0.4818842118261841,0.5181157881738159,0.5009061248143533,0.4990938751856467,0.5181157881738159,-0.0190219129881691,,,2009
2015-09-13,2015091304.0,4.0,1,1.0,05:39,6,3039.0,24.0,BUF,32.0,68.0,20.5,3.0,0.0,0.0,BUF,IND,"(5:39) T.Taylor pass short right to C.Clay to BUF 37 for 5 yards (D.Jackson, E.Walden). Caught at BUF 36, crossing from middle.",1,5.0,0,0,0,0,Pass,T.Taylor,00-0028118,1,Complete,Short,4.0,0.0,0,right,0,,,0,,,C.Clay,00-0028112,1,D.Jackson,0,0,0,0,0.0,0.0,0.0,0.0,0.0,BUF,IND,0,3,3,3,3,3,0.0108451300160416,0.1466407148230866,0.0026699501355631,0.2239765254152087,0.2908326284394565,0.004319073149338,0.3207159780213052,0.0,0.0,1.1130501551193352,-0.0844337389107325,-0.2101533263107857,0.1257195874000531,0.5274521580562285,0.4725478419437715,0.5236366646151736,0.4763633353848264,0.5274521580562285,-0.0038154934410549,-0.0063709151094539,0.002555421668399,2015
2009-10-04,2009100404.0,18.0,3,2.0,01:52,2,1012.0,4.0,TEN,20.0,80.0,10.0,10.0,0.0,1.0,TEN,JAC,(1:52) K.Collins pass short left to K.Britt to TEN 30 for 10 yards (M.Stanley).,1,10.0,0,0,0,0,Pass,K.Collins,00-0003292,1,Complete,Short,4.0,0.0,0,left,0,,,0,,,K.Britt,00-0027006,1,M.Stanley,0,0,0,0,0.0,3.0,30.0,-23.5,23.0,JAC,TEN,0,3,3,3,3,3,0.0353849757795101,0.195750443536015,0.0074443946914246,0.2973533646874534,0.1890251148075376,0.0036764739625575,0.2713652325355015,0.0,0.0,-0.2096287527068299,1.6891018493743182,-0.2706258907179499,1.959727740092268,0.9977052204156832,0.0022947795843166,0.9951416083700072,0.0048583916299928,0.0022947795843166,0.0025636120456761,-0.0002918941872568693,0.002855506232933,2009
2014-09-21,2014092109.0,7.0,2,2.0,02:23,3,1943.0,36.0,STL,27.0,27.0,6.0,53.0,0.0,0.0,DAL,STL,(2:23) (Shotgun) T.Romo pass incomplete short left to J.Witten (R.McLeod).,1,0.0,0,0,0,0,Pass,T.Romo,00-0021678,1,Incomplete Pass,Short,10.0,0.0,0,left,0,,,0,,,J.Witten,00-0022127,0,,0,0,0,0,0.0,0.0,20.0,-20.0,20.0,STL,DAL,0,3,3,3,3,3,0.2404543467334268,0.0325557637889665,8.736143157568149e-05,0.0478832993468428,0.3025450271383376,0.0020975660063522,0.3743766355544982,0.0,0.0,3.0994415526512538,-0.6439297702888829,0.8438167147507047,-1.4877464850395876,0.9242342427435456,0.0757657572564545,0.931546468126742,0.068453531873258,0.0757657572564545,-0.0073122253831964,0.0096087772895288,-0.0169210026727252,2014
2009-12-20,2009122010.0,8.0,2,3.0,00:15,1,1815.0,7.0,SD,7.0,7.0,7.0,75.0,1.0,0.0,CIN,SD,(:15) (Shotgun) C.Palmer pass incomplete short right to J.Foschi.,1,0.0,0,0,0,0,Pass,C.Palmer,00-0021429,1,Incomplete Pass,Short,7.0,0.0,0,right,0,,,0,,,J.Foschi,00-0022484,0,,0,0,0,0,0.0,10.0,14.0,-4.0,4.0,SD,CIN,0,2,3,2,3,2,0.201979593349256,0.0095770358315146,4.292403459595968e-05,0.0057702278706608,0.5392282168636193,0.0006521769841391823,0.2427498250662138,0.0,0.0,3.249029229364272,-0.3484050082322927,3.750970770635728,-3.1387746044711373,0.5187077151443515,0.4812922848556484,0.5297045057861262,0.4702954942138738,0.4812922848556484,-0.0109967906417746,0.10628588579079232,-0.06361267904339468,2009
2009-12-13,2009121310.0,19.0,3,1.0,06:04,7,1264.0,11.0,STL,23.0,23.0,10.0,0.0,0.0,0.0,TEN,STL,"(6:04) C.Johnson right end to STL 23 for no gain (C.Dahl, D.Vobora).",1,0.0,0,0,0,0,Run,,,0,,,0.0,0.0,0,,0,C.Johnson,00-0026164,1,right,end,,,0,C.Dahl,0,0,0,0,0.0,26.0,0.0,20.5,23.0,TEN,STL,0,3,3,3,3,3,0.0029169616810942,0.036073461804769,4.222935060256875e-05,0.0548267085780429,0.3736065317924021,0.0027464470137069,0.5297876597793821,0.0,0.0,4.3427343036984825,-0.4353042668450424,,,0.999697433354368,0.0003025666456318854,0.9996081085558896,0.0003918914441104482,0.999697433354368,-8.932479847856278e-05,,,2009
2013-09-15,2013091510.0,11.0,2,,01:12,2,1872.0,5.0,TB,1.0,1.0,0.0,55.0,1.0,0.0,,,Timeout #3 by TB at 01:12.,1,0.0,0,0,0,0,Timeout,,,0,,,0.0,0.0,0,,0,,,0,,,,,0,,0,0,0,0,0.0,,,,,TB,NO,1,1,1,1,0,1,0.0,0.0,0.0,0.0,0.0,0.0,0.0,0.0,0.0,0.0,0.0,,,,,,,,0.0,,,2013
2012-10-07,2012100709.0,22.0,4,2.0,03:37,4,217.0,0.0,NE,12.0,88.0,9.0,7.0,0.0,0.0,NE,DEN,(3:37) B.Bolden right end to NE 18 for 6 yards (M.Adams; T.Porter).,1,6.0,0,0,0,0,Run,,,0,,,0.0,0.0,0,,0,B.Bolden,00-0029239,1,left,guard,,,0,M.Adams,0,0,0,0,0.0,31.0,21.0,10.0,10.0,NE,DEN,0,3,3,1,3,1,0.4257920474265128,0.1119622483716732,0.0060814428179176,0.1643666183196641,0.0822337934975525,0.0017578330778781,0.1277154771502799,0.0,0.0,-0.354390572288131,0.1677361444459876,,,0.9196683989383042,0.0803316010616957,0.9255677242474027,0.0744322757525971,0.9196683989383042,0.0058993253090986,,,2012
2015-11-29,2015112910.0,17.0,3,4.0,00:17,1,917.0,8.0,PIT,47.0,53.0,1.0,20.0,0.0,1.0,PIT,SEA,"(:17) J.Berry punts 36 yards to SEA 17, Center-G.Warren, fair catch by T.Lockett. PENALTY on PIT-S.Thomas, Fair Catch Interference, 15 yards, enforced at SEA 17.",1,0.0,0,0,0,0,Punt,,,0,,,0.0,0.0,0,,0,,,0,,,,,0,,0,0,0,1,0.0,21.0,20.0,1.0,1.0,SEA,PIT,0,3,3,3,3,3,0.0412598658788283,0.1707414231260309,0.0019780020291401,0.2639656262665865,0.2019291418475196,0.0055088689559743,0.3146170718959198,0.0,0.0,0.4551850094234675,-2.1147225746034595,,,0.4749341193814624,0.5250658806185375,0.4969575254871045,0.5030424745128955,0.5250658806185375,-0.022023406105642,,,2015
2009-11-22,2009112202.0,25.0,4,,00:00,0,0.0,0.0,,,,0.0,87.0,,,,,Timeout #3 by CLE at 00:00.,1,0.0,0,0,0,0,Timeout,,,0,,,0.0,0.0,0,,0,,,0,,,,,0,,0,0,0,0,0.0,,,,,DET,CLE,1,1,0,1,0,0,0.0,0.0,0.0,0.0,0.0,0.0,0.0,0.0,0.0,0.0,0.0,,,,,,,,0.0,,,2009
2009-10-25,2009102507.0,6.0,1,2.0,04:42,5,2982.0,34.0,CAR,7.0,7.0,7.0,7.0,1.0,0.0,BUF,CAR,"(4:42) M.Lynch up the middle for 7 yards, TOUCHDOWN.",1,7.0,1,1,0,0,Run,,,0,,,0.0,0.0,0,,0,M.Lynch,00-0025399,1,middle,,,,0,,0,0,0,0,0.0,0.0,0.0,0.0,0.0,CAR,BUF,0,3,2,3,2,3,0.0018256375469759,0.0147186144809847,2.302202933433621e-05,0.0176109050253226,0.3897496209569518,0.001885127121288,0.5741870728391425,0.0,0.0,5.024850404308547,1.9751495956914529,,,0.3333894904542342,0.6666105095457657,0.2674090241483482,0.7325909758516518,0.6666105095457657,0.05888471184731932,,,2009
2012-09-16,2012091605.0,8.0,2,3.0,08:57,9,2337.0,5.0,BUF,25.0,75.0,9.0,0.0,0.0,0.0,BUF,KC,"(8:57) (Shotgun) R.Fitzpatrick pass short middle to D.Jones to BUF 24 for -1 yards (A.Elam). Screen pass, caught at BUF 24.",1,-1.0,0,0,0,0,Pass,R.Fitzpatrick,00-0023682,1,Complete,Short,-1.0,0.0,0,middle,0,,,0,,,D.Jones,00-0027518,1,A.Elam,0,0,0,0,0.0,14.0,0.0,14.0,14.0,BUF,KC,0,3,3,3,3,3,0.1850360257122676,0.1787077253217548,0.0051493024520449,0.2634130370582488,0.1465366777189992,0.0035204519591295,0.217636779777555,0.0,0.0,-0.420204644758954,-1.2523916757357971,-1.2523916757357971,0.0,0.8757333081664636,0.1242666918335364,0.8572126933921824,0.1427873066078175,0.8757333081664636,-0.0185206147742811,-0.0185206147742811,0.0,2012
2016-11-13,2016111302.0,8.0,2,4.0,00:34,1,1834.0,2.0,HOU,40.0,40.0,3.0,20.0,0.0,1.0,JAX,HOU,(:34) (Shotgun) B.Bortles pass incomplete short left to J.Thomas.,1,0.0,0,0,0,0,Pass,B.Bortles,00-0031407,1,Incomplete Pass,Short,10.0,0.0,0,left,0,,,0,,,J.Thomas,00-0028067,0,,0,0,0,0,0.0,10.0,13.0,-3.0,3.0,JAX,HOU,0,3,3,1,3,1,0.4257920474265128,0.0403094623333508,0.0007272874135232623,0.0295411854220653,0.2462821863039526,0.000911110003857197,0.0838139912383406,0.0,0.0,0.9981954578064002,-2.276353435036207,1.6361555069787466,-3.1387746044711373,0.4293228346438058,0.5706771653561942,0.3516358330864201,0.6483641669135798,0.4293228346438058,-0.05867359827459407,0.0519908631118778,-0.06361267904339468,2016
2009-11-02,2009110200.0,22.0,4,3.0,01:31,2,91.0,0.0,ATL,46.0,46.0,10.0,0.0,0.0,1.0,NO,ATL,"(1:31) M.Bell right guard to ATL 46 for no gain (C.Wire). FUMBLES (C.Wire), RECOVERED by ATL-C.Wire at ATL 46. C.Wire to ATL 46 for no gain (M.Bell). The Replay Assistant challenged the fumble ruling, and the play was Upheld.",1,0.0,0,0,0,0,Run,,,0,,,0.0,0.0,0,,0,M.Bell,00-0024011,1,left,guard,,,0,C.Wire,1,0,1,0,0.0,34.0,23.0,11.0,11.0,NO,ATL,0,1,1,0,1,0,0.4257920474265128,0.0447534645152418,0.0007228324520155751,0.0334047475969041,0.2710969514088521,0.0009074022572159676,0.147650117092759,0.0,0.0,1.479117186762216,-2.3435852439389357,,,0.9903851614993476,0.0096148385006523,0.9803458352764376,0.0196541647235622,0.9903851614993476,-0.0100393262229099,,,2009
2012-09-30,2012093000.0,19.0,3,3.0,08:18,9,1398.0,33.0,BUF,17.0,17.0,9.0,80.0,0.0,0.0,NE,BUF,"(8:18) (Shotgun) T.Brady pass short left to D.Woodhead for 17 yards, TOUCHDOWN. Caught in flat at BUF 10, slanted toward middle after catch.",1,17.0,1,1,0,0,Pass,T.Brady,00-0019596,1,Complete,Short,7.0,0.0,0,left,0,,,0,,,D.Woodhead,00-0026019,1,,0,0,0,0,0.0,7.0,21.0,-14.0,14.0,BUF,NE,0,3,3,3,3,3,0.0017485069823744,0.0417114013389825,0.0001030456523072772,0.0683219982905108,0.5557677577792182,0.0036984175710547,0.3286488723855519,0.0,0.0,3.371647931823489,2.311291607352805,-0.0197247230347263,2.659125528472397,0.8472364607539528,0.1527635392460472,0.7551134120464732,0.2448865879535268,0.1527635392460472,0.05888471184731932,-0.0005588442318381348,0.05636049994176793,2012
2013-09-08,2013090807.0,2.0,1,2.0,10:20,11,3320.0,41.0,TB,42.0,42.0,7.0,33.0,0.0,0.0,NYJ,TB,(10:20) (Shotgun) Direct snap to B.Powell.  B.Powell right tackle to TB 38 for 4 yards (M.Foster).,1,4.0,0,0,0,0,Run,,,0,,,0.0,0.0,0,,0,B.Powell,00-0028064,1,right,tackle,,,0,M.Foster,0,0,0,0,0.0,0.0,0.0,0.0,0.0,NYJ,TB,0,3,3,2,3,2,0.0020304402803159,0.0777317825348995,0.0004498128603804578,0.1204512755612706,0.3539722805374031,0.0035516995933121,0.4418127086324179,0.0,0.0,3.084455298971405,-0.1476145268728159,,,0.5965966397430963,0.4034033602569037,0.592792317787303,0.407207682212697,0.5965966397430963,-0.0038043219557932,,,2013
2016-10-16,2016101610.0,7.0,2,1.0,11:40,12,2500.0,31.0,DAL,30.0,70.0,10.0,10.0,0.0,0.0,DAL,GB,(11:40) E.Elliott right tackle to DAL 34 for 4 yards (M.Burnett).,1,4.0,0,0,0,0,Run,,,0,,,0.0,0.0,0,,0,E.Elliott,00-0033045,1,right,tackle,,,0,M.Burnett,0,0,0,0,0.0,7.0,6.0,1.0,1.0,GB,DAL,0,1,3,1,3,1,0.0936806357301527,0.12627690978327,0.0025084226805021,0.1891688954383542,0.2339960905357341,0.0031745924453618,0.3511944533866248,0.0,0.0,1.458668787425006,-0.0981358671540586,,,0.4827751947831782,0.5172248052168218,0.4834928862927448,0.5165071137072552,0.5172248052168218,-0.0007176915095665759,,,2016
2014-10-12,2014101205.0,3.0,1,1.0,06:14,7,3074.0,43.0,DET,28.0,72.0,10.0,15.0,0.0,1.0,DET,MIN,"(6:14) M.Stafford pass incomplete short right to G.Tate. PENALTY on MIN-C.Munnerlyn, Illegal Use of Hands, 5 yards, enforced at DET 28 - No Play.",1,0.0,0,0,0,0,No Play,M.Stafford,,1,Incomplete Pass,Short,0.0,0.0,0,right,0,,,0,,,G.Tate,,0,,0,0,0,1,0.0,7.0,0.0,7.0,7.0,MIN,DET,0,3,3,3,3,3,0.0106302136374061,0.1479203524456104,0.0033436728664834,0.2265274343222209,0.2452303412578962,0.0035583880171949,0.3627895974531878,0.0,0.0,1.246194538655049,0.4561204298027339,,,0.2380960708484509,0.761903929151549,0.2249892879436046,0.7750107120563954,0.761903929151549,0.0131067829048463,,,2014
2014-12-14,2014121409.0,18.0,4,1.0,11:24,12,684.0,6.0,WAS,28.0,72.0,10.0,0.0,0.0,0.0,WAS,NYG,(11:24) R.Griffin pass incomplete deep left to D.Jackson.,1,0.0,0,0,0,0,Pass,R.Griffin,00-0029665,1,Incomplete Pass,Deep,10.0,0.0,0,left,0,,,0,,,D.Jackson,00-0026189,0,,0,0,0,0,0.0,13.0,17.0,-4.0,4.0,NYG,WAS,0,2,2,2,2,2,0.1032472834482236,0.1308285249398423,0.0029319428997102,0.1959262455190698,0.2251977717811171,0.0031376678492671,0.3387305635627695,0.0,0.0,1.2831494167288362,-0.6768481897419207,3.108397854971388,-3.1387746044711373,0.6203192285879273,0.3796807714120727,0.6471544287725554,0.3528455712274446,0.3796807714120727,-0.026835200184628,0.10628588579079232,-0.06361267904339468,2014
2014-10-05,2014100502.0,20.0,3,2.0,00:47,1,947.0,36.0,DET,20.0,80.0,10.0,23.0,0.0,1.0,DET,BUF,"(:47) M.Stafford scrambles up the middle to DET 28 for 8 yards (P.Brown). PENALTY on BUF-P.Brown, Unnecessary Roughness, 15 yards, enforced at DET 28.",1,8.0,0,0,0,0,Run,,,0,,,0.0,0.0,0,,0,M.Stafford,00-0026498,1,middle,,,,0,P.Brown,0,0,0,1,0.0,13.0,6.0,7.0,7.0,DET,BUF,0,3,3,3,3,3,0.0455127898921253,0.193360647922281,0.0073465322251971,0.2930011016622206,0.1874918114097766,0.0036303735582503,0.2696567433301489,0.0,0.0,-0.1884493351959086,2.311291607352805,,,0.7283758443683429,0.2716241556316571,0.8166137172704463,0.1833862827295537,0.7283758443683429,0.05888471184731932,,,2014
2010-10-31,2010103105.0,14.0,3,2.0,05:32,6,1232.0,36.0,CAR,11.0,89.0,6.0,7.0,0.0,0.0,CAR,STL,(5:32) J.Stewart right tackle to CAR 14 for 3 yards (G.Gibson).,1,3.0,0,0,0,0,Run,,,0,,,0.0,0.0,0,,0,J.Stewart,00-0026153,1,right,tackle,,,0,G.Gibson,0,0,0,0,0.0,3.0,10.0,-7.0,7.0,STL,CAR,0,3,3,3,3,3,0.0171476282741284,0.2259516213007983,0.009553273933919493,0.3416243067522657,0.1523631898064394,0.0035773910341871,0.2471131344097837,0.0,0.0,-0.8996341756568711,-0.1329326096574372,,,0.787819755028194,0.212180244971806,0.7931459147443022,0.2068540852556978,0.212180244971806,-0.0053261597161081,,,2010
2011-11-13,2011111300.0,10.0,3,2.0,11:19,12,1579.0,38.0,DAL,20.0,20.0,5.0,60.0,0.0,0.0,BUF,DAL,(11:19) (Shotgun) R.Fitzpatrick pass short left to F.Jackson to DAL 23 for -3 yards (D.McCray). Screen pass,1,-3.0,0,0,0,0,Pass,R.Fitzpatrick,00-0023682,1,Complete,Short,-6.0,0.0,0,left,0,,,0,,,F.Jackson,00-0024204,1,D.McCray,0,0,0,0,0.0,7.0,28.0,-21.0,21.0,DAL,BUF,0,2,3,2,3,2,0.0008125703398871262,0.0362453865184257,6.877790311918527e-05,0.0561543073389231,0.4139158156638927,0.0027906465258437,0.4900124957099083,0.0,0.0,4.175462343278746,-0.9756403151685688,-1.3059580406761775,0.3303177255076086,0.9254266335531134,0.0745733664468865,0.9370273518197084,0.0629726481802915,0.0745733664468865,-0.011600718266595,-0.0144773525797394,0.0028766343131444,2011
2014-11-16,2014111607.0,8.0,2,1.0,13:08,14,2588.0,8.0,DEN,20.0,80.0,10.0,1.0,0.0,0.0,DEN,STL,"(13:08) (Shotgun) C.Anderson left tackle to DEN 21 for 1 yard (A.Ogletree, E.Gaines).",1,1.0,0,0,0,0,Run,,,0,,,0.0,0.0,0,,0,C.Anderson,00-0029854,1,left,tackle,,,0,A.Ogletree,0,0,0,0,0.0,0.0,10.0,-10.0,10.0,STL,DEN,0,3,3,3,3,3,0.0816587285107591,0.1598635070437088,0.0058179944196977,0.2406355935039129,0.2027090782870259,0.0031782783080232,0.3061368199268721,0.0,0.0,0.5817658664673164,-0.5643777527861917,,,0.8153563408335565,0.1846436591664436,0.8273369480881624,0.1726630519118376,0.1846436591664436,-0.0119806072546059,,,2014
2015-12-06,2015120604.0,10.0,2,1.0,01:45,2,1905.0,7.0,TEN,25.0,75.0,10.0,0.0,0.0,0.0,TEN,JAC,(1:45) (Shotgun) M.Mariota pass incomplete short right to D.Walker.,1,0.0,0,0,0,0,Pass,M.Mariota,00-0032268,1,Incomplete Pass,Short,9.0,0.0,0,right,0,,,0,,,D.Walker,00-0024389,0,,0,0,0,0,0.0,14.0,12.0,2.0,2.0,TEN,JAC,0,3,3,3,3,3,0.4257920474265128,0.0505509860356781,0.0026079652282643,0.0367205581413638,0.1405340921763001,0.0005435262531119932,0.1252123681359964,0.0,0.0,0.8852631104339893,-0.2350733061222499,0.4425257824536764,-0.6775990885759264,0.5921609580022892,0.4078390419977108,0.5843160940972529,0.415683905902747,0.5921609580022892,-0.0078448639050362,0.0150001751204835,-0.0228450390255198,2015
2011-09-18,2011091805.0,18.0,4,1.0,11:09,12,669.0,9.0,ARI,32.0,68.0,10.0,-5.0,0.0,1.0,ARI,WAS,"(11:09) (Shotgun) PENALTY on ARI-C.Wells, False Start, 5 yards, enforced at ARI 32 - No Play.",1,0.0,0,0,0,0,No Play,,,0,,,0.0,0.0,0,,0,,,0,,,,,0,,0,0,0,1,0.0,14.0,13.0,1.0,1.0,WAS,ARI,0,2,3,2,3,2,0.1006635608910625,0.1192604673189293,0.0020984510187016,0.1783959429233395,0.2386183697030201,0.0031420625756308,0.357821145569316,0.0,0.0,1.6161373487879658,-0.6309959926650153,,,0.412745383148711,0.587254616851289,0.4375485912221344,0.5624514087778656,0.587254616851289,-0.0248032080734234,,,2011
2016-09-11,2016091108.0,11.0,3,2.0,09:24,10,1464.0,39.0,MIN,42.0,58.0,8.0,29.0,0.0,1.0,MIN,TEN,(9:24) S.Hill pass short middle to S.Diggs pushed ob at TEN 44 for 14 yards (J.McCourty).,1,14.0,0,0,0,0,Pass,S.Hill,00-0020679,1,Complete,Short,10.0,0.0,0,middle,0,,,0,,,S.Diggs,00-0031588,1,J.McCourty,0,0,0,0,0.0,3.0,10.0,-7.0,7.0,TEN,MIN,0,3,3,3,3,3,0.0038537671620645,0.1238728785307579,0.0015830923492497,0.1914213528172889,0.290898878867892,0.0038999297245721,0.3844701005481746,0.0,0.0,1.857052909878247,1.5234636664691878,1.273621759283314,0.2498419071858739,0.690308612771344,0.3096913872286559,0.6373202378212353,0.3626797621787648,0.3096913872286559,0.0529883749501088,0.0447734459313086,0.0082149290188002,2016
2012-12-03,2012120300.0,2.0,1,1.0,09:02,10,3242.0,0.0,WAS,23.0,23.0,10.0,62.0,0.0,1.0,NYG,WAS,"(9:02) PENALTY on NYG-S.Locklear, False Start, 5 yards, enforced at WAS 23 - No Play.",1,0.0,0,0,0,0,No Play,,,0,,,0.0,0.0,0,,0,,,0,,,,,0,,0,0,0,1,0.0,0.0,0.0,0.0,0.0,WAS,NYG,0,3,3,3,3,3,0.0014356835827718,0.0365829147150319,4.293723411905623e-05,0.0559770378912101,0.3746128563630517,0.0027877909293568,0.5285607792844584,0.0,0.0,4.327665722087273,-0.3486626847531546,,,0.3733978083047359,0.6266021916952641,0.3834150833777102,0.6165849166222898,0.6266021916952641,-0.0100172750729743,,,2012
2015-09-20,2015092006.0,21.0,4,3.0,08:35,9,515.0,42.0,CHI,3.0,97.0,11.0,3.0,0.0,0.0,CHI,ARI,(8:35) J.Clausen pass short left to E.Royal to CHI 7 for 4 yards (T.Mathieu).,1,4.0,0,0,0,0,Pass,J.Clausen,00-0027659,1,Complete,Short,-2.0,0.0,0,left,0,,,0,,,E.Royal,00-0026182,1,T.Mathieu,0,0,0,0,0.0,23.0,38.0,-18.0,18.0,CHI,ARI,0,2,2,3,2,3,0.2292023420690077,0.2299967207938111,0.009553273933919493,0.3307622931570897,0.0636703679800096,0.0026137267152829,0.1268157720097002,0.0,0.0,-1.955254807592762,-0.3666468769638786,-0.8032363130856415,0.4365894361217628,0.0197561360506334,0.9802438639493666,0.0165825013748902,0.9834174986251096,0.0197561360506334,-0.0031736346757431,-0.0041343696618503,0.0009607349861071728,2015
2011-12-24,2011122403.0,4.0,1,3.0,05:56,6,3056.0,34.0,JAC,23.0,77.0,7.0,-2.0,0.0,0.0,JAC,TEN,"(5:56) (Shotgun) PENALTY on JAC-W.Rackley, False Start, 5 yards, enforced at JAC 23 - No Play.",1,0.0,0,0,0,0,No Play,,,0,,,0.0,0.0,0,,0,,,0,,,,,0,,0,0,0,1,0.0,0.0,3.0,-3.0,3.0,TEN,JAC,0,3,3,3,3,3,0.0126368508048129,0.2236123975444784,0.0070701905224028,0.3362274266252444,0.1605846730942447,0.0041003477296868,0.2557681136791295,0.0,0.0,-0.7582380495589374,-0.7712211352494776,,,0.6225628887084222,0.3774371112915777,0.649003633423545,0.350996366576455,0.3774371112915777,-0.0264407447151227,,,2011
2012-10-08,2012100800.0,21.0,4,1.0,05:46,6,346.0,43.0,HOU,32.0,68.0,10.0,26.0,0.0,0.0,HOU,NYJ,(5:46) A.Foster left guard to HOU 40 for 8 yards (L.Landry; E.Smith).,1,8.0,0,0,0,0,Run,,,0,,,0.0,0.0,0,,0,A.Foster,00-0026796,1,left,guard,,,0,L.Landry,0,0,0,0,0.0,23.0,17.0,6.0,6.0,NYJ,HOU,0,2,1,2,1,2,0.2904918099253367,0.0926914530503454,0.0016232783781285,0.1369671246978243,0.1893123881091505,0.0024380067602662,0.2864759390789482,0.0,0.0,1.3380539626085572,0.5344240485543834,,,0.1784106646547196,0.8215893353452803,0.1488049926934653,0.8511950073065346,0.8215893353452803,0.0296056719612543,,,2012
2011-10-16,2011101605.0,23.0,4,1.0,04:08,5,248.0,5.0,GB,42.0,58.0,10.0,2.0,0.0,0.0,GB,STL,(4:08) J.Starks left end to GB 44 for 2 yards (D.Scott).,1,2.0,0,0,0,0,Run,,,0,,,0.0,0.0,0,,0,J.Starks,00-0027791,1,left,end,,,0,D.Scott,0,0,0,0,0.0,24.0,3.0,20.5,21.0,GB,STL,0,2,2,3,2,3,0.3217594606658251,0.0678775526453243,0.0006487372883370592,0.0997823260779256,0.2027229157942429,0.0022574620003244,0.3049515455280204,0.0,0.0,1.843938075021394,-0.3507573643984272,,,0.9973044976640638,0.0026955023359361,0.9976883629726369,0.0023116370273631,0.9973044976640638,0.0003838653085730392,,,2011
2009-12-25,2009122500.0,13.0,3,3.0,05:31,6,1231.0,47.0,TEN,30.0,30.0,13.0,56.0,0.0,1.0,SD,TEN,(5:31) (Shotgun) P.Rivers pass deep right to M.Floyd to TEN 9 for 21 yards (C.Hope).,1,17.5,0,0,0,0,Pass,P.Rivers,00-0022942,1,Complete,Deep,10.0,0.0,0,right,0,,,0,,,M.Floyd,00-0022414,1,C.Hope,0,0,0,0,0.0,28.0,10.0,18.0,18.0,TEN,SD,0,3,3,3,3,3,0.0051941670467565,0.0693072748664865,0.00029826416653402964,0.1117637285180898,0.4855018588296413,0.0045415823321245,0.3233931242403673,0.0,0.0,2.7384761582765877,2.311291607352805,2.4761899557575284,0.0,0.0291898141461636,0.9708101858538364,0.0124860723578219,0.987513927642178,0.9708101858538364,0.0167037417883416,0.0167037417883416,0.0,2009
2011-09-25,2011092509.0,15.0,4,3.0,13:12,14,792.0,29.0,SD,18.0,18.0,11.0,58.0,0.0,0.0,KC,SD,"(13:12) T.Jones up the middle to SD 15 for 3 yards (O.Nwagbuo, S.Cooper).",1,3.0,0,0,0,0,Run,,,0,,,0.0,0.0,0,,0,T.Jones,00-0019641,1,middle,,,,0,O.Nwagbuo,0,0,0,0,0.0,7.0,17.0,-10.0,10.0,SD,KC,0,2,3,2,3,2,0.020129534777116,0.0419132255545372,0.00010733290842635032,0.0672687912435276,0.5477450041545713,0.0036790205971919,0.3191570907646294,0.0,0.0,3.287856807825345,-0.5533868109675479,,,0.7632948727507581,0.2367051272492418,0.7819368390601191,0.2180631609398808,0.2367051272492418,-0.0186419663093609,,,2011
2009-11-15,2009111506.0,3.0,1,2.0,06:14,7,3074.0,34.0,TEN,35.0,65.0,8.0,15.0,0.0,0.0,TEN,BUF,(6:14) V.Young pass incomplete short left to K.Britt (G.Wilson).,1,0.0,0,0,0,0,Pass,V.Young,00-0024218,1,Incomplete Pass,Short,10.0,0.0,0,left,0,,,0,,,K.Britt,00-0027006,0,,0,0,0,0,0.0,0.0,7.0,-7.0,7.0,TEN,BUF,0,3,3,3,3,3,0.0096219961930815,0.1454913666100807,0.0025981236069984,0.2228727956148645,0.2591950960672152,0.0039029994668402,0.3563176224409193,0.0,0.0,1.2778347278734707,-0.9765871748389032,1.615878531843676,-2.59246570668258,0.3110779721130804,0.6889220278869196,0.279089078869022,0.720910921130978,0.3110779721130804,-0.0319888932440584,0.0547174594684181,-0.06361267904339468,2009
2014-10-27,2014102700.0,16.0,3,,00:00,0,900.0,25.0,WAS,47.0,47.0,0.0,72.0,0.0,,,,END QUARTER 3,1,0.0,0,0,0,0,Quarter End,,,0,,,0.0,0.0,0,,0,,,0,,,,,0,,0,0,0,0,0.0,,,,,DAL,WAS,0,2,3,2,3,2,0.0,0.0,0.0,0.0,0.0,0.0,0.0,0.0,0.0,0.0,0.0,,,,,,,,0.0,,,2014
2016-10-30,2016103006.0,13.0,3,1.0,06:57,7,1317.0,4.0,SEA,49.0,49.0,10.0,68.0,0.0,1.0,NO,SEA,"(6:57) D.Brees pass deep right to B.Coleman to SEA 11 for 38 yards (R.Sherman). Flea-flicker: Brees handed off to Hightower, who lateralled back to Brees, who threw deep.  Pass 28, YAC 10.",1,17.5,0,0,0,0,Pass,D.Brees,00-0020531,1,Complete,Deep,10.0,0.0,0,right,0,,,0,,,B.Coleman,00-0030801,1,R.Sherman,0,0,0,0,0.0,13.0,16.0,-3.0,3.0,NO,SEA,0,3,3,3,3,3,0.0051291268527895,0.0819610054192403,0.0004619354916449323,0.1252970648265723,0.3201232975802163,0.0033868920506654,0.463640677778871,0.0,0.0,3.0887420802670595,1.577908367967293,1.3138215478290745,0.2640868201382185,0.4841534026774604,0.5158465973225397,0.5355381230413128,0.4644618769586873,0.4841534026774604,0.0513847203638523,0.042951801388613,0.0084329189752393,2016
2013-12-12,2013121200.0,3.0,1,,05:15,6,3015.0,5.0,SD,35.0,35.0,0.0,0.0,0.0,,DEN,SD,N.Novak kicks 70 yards from SD 35 to DEN -5. T.Holliday pushed ob at DEN 26 for 31 yards (R.Marshall).,1,17.5,0,0,0,0,Kickoff,,,0,,,0.0,0.0,0,,0,,,0,,,,,0,R.Marshall,0,0,0,0,0.0,7.0,3.0,4.0,4.0,DEN,SD,0,3,3,3,3,3,0.0156778259376861,0.1738560183655814,0.0063668182815243,0.2659637110449386,0.214538720031537,0.0034640827042667,0.3201328236344656,0.0,0.0,0.495426421970041,0.5782324942406418,,,0.6361507118946766,0.3638492881053233,0.6561642166991222,0.3438357833008778,0.6361507118946766,0.0200135048044455,,,2013
2014-10-26,2014102610.0,21.0,4,2.0,07:46,8,466.0,5.0,OAK,24.0,76.0,15.0,5.0,0.0,0.0,OAK,CLE,(7:46) (Shotgun) D.Carr pass short right to M.Rivera to OAK 34 for 10 yards (D.Whitner).,1,10.0,0,0,0,0,Pass,D.Carr,00-0031280,1,Complete,Short,10.0,0.0,0,right,0,,,0,,,M.Rivera,00-0030514,1,D.Whitner,0,0,0,0,0.0,6.0,16.0,-10.0,10.0,CLE,OAK,0,2,3,2,3,2,0.2349705030326493,0.1455742462025714,0.004843774290422,0.2187072632313119,0.1681574996164787,0.0029095779899909,0.2248371356365754,0.0,0.0,0.1067904744777039,0.4749088316998506,0.4749088316998506,0.0,0.877418172660054,0.122581827339946,0.8727691396779843,0.1272308603220156,0.122581827339946,0.0046490329820696,0.0046490329820696,0.0,2014
2016-09-18,2016091811.0,12.0,3,1.0,11:17,12,1577.0,0.0,ATL,25.0,75.0,10.0,2.0,0.0,0.0,ATL,OAK,(11:17) D.Freeman up the middle to ATL 27 for 2 yards (J.Ellis).,1,2.0,0,0,0,0,Run,,,0,,,0.0,0.0,0,,0,D.Freeman,00-0031285,1,middle,,,,0,J.Ellis,0,0,0,0,0.0,13.0,14.0,-1.0,1.0,OAK,ATL,0,3,3,3,3,3,0.0033635092825882,0.1609818335457906,0.0043813862714279,0.2494847046754808,0.234016258929041,0.0036144734357985,0.3441578338598728,0.0,0.0,0.8802813547692367,-0.447241057370493,,,0.5175723839431389,0.4824276160568611,0.5323276907422153,0.4676723092577847,0.4824276160568611,-0.0147553067990764,,,2016
2015-10-25,2015102506.0,1.0,1,2.0,14:20,15,3560.0,35.0,DET,30.0,70.0,5.0,7.0,0.0,0.0,DET,MIN,(14:20) A.Abdullah left tackle to DET 32 for 2 yards (L.Joseph).,1,2.0,0,0,0,0,Run,,,0,,,0.0,0.0,0,,0,A.Abdullah,00-0032104,1,left,tackle,,,0,L.Joseph,0,0,0,0,0.0,0.0,0.0,0.0,0.0,DET,MIN,0,3,3,3,3,3,0.001529980142453,0.1613195552680837,0.003415425150895,0.2488916160536094,0.2321873074417668,0.0039903986355709,0.3486657173076211,0.0,0.0,0.912171912268483,-0.3979327820571701,,,0.5052353719956413,0.4947646280043587,0.4957179923923291,0.5042820076076708,0.5052353719956413,-0.0095173796033121,,,2015
2013-12-08,2013120801.0,10.0,2,1.0,03:42,4,2022.0,38.0,IND,33.0,33.0,10.0,38.0,0.0,0.0,CIN,IND,(3:42) (Shotgun) B.Green-Ellis up the middle to IND 28 for 5 yards (L.Landry; J.Freeman).,1,5.0,0,0,0,0,Run,,,0,,,0.0,0.0,0,,0,B.Green-Ellis,00-0025860,1,middle,,,,0,L.Landry,0,0,0,0,0.0,7.0,0.0,7.0,7.0,CIN,IND,0,3,3,2,3,2,0.2041896943667654,0.0372589808178185,7.860249988519977e-05,0.0545176253528219,0.2837559042993315,0.0022302994142959,0.4179688932490814,0.0,0.0,3.2879530395471765,-0.0721023077467131,,,0.8296918358974138,0.1703081641025862,0.8277985462264514,0.1722014537735485,0.8296918358974138,-0.0018932896709623,,,2013
2010-12-19,2010121906.0,27.0,4,2.0,04:25,5,265.0,39.0,PHI,46.0,46.0,3.0,21.0,0.0,0.0,NYG,PHI,"(4:25) A.Bradshaw left tackle to PHI 44 for 2 yards (M.Patterson, T.Cole).",1,2.0,0,0,0,0,Run,,,0,,,0.0,0.0,0,,0,A.Bradshaw,00-0025637,1,left,tackle,,,0,M.Patterson,0,0,0,0,0.0,31.0,24.0,7.0,7.0,NYG,PHI,0,3,3,3,3,3,0.2535557559126929,0.0553543964100307,0.0003314543156602517,0.0802402332274635,0.2416285976961569,0.0024221034677258,0.3664674589702698,0.0,0.0,2.5665944823621536,-0.0288773784133931,,,0.9038272824237912,0.0961727175762087,0.9053506362616826,0.0946493637383174,0.9038272824237912,0.0015233538378912,,,2010
2011-09-25,2011092511.0,25.0,4,,04:09,5,249.0,13.0,GB,38.0,38.0,0.0,11.0,0.0,0.0,,,Timeout #2 by CHI at 04:09.,1,0.0,0,0,0,0,Timeout,,,0,,,0.0,0.0,0,,0,,,0,,,,,0,,0,0,0,0,0.0,,,,,CHI,GB,1,1,2,1,1,1,0.0,0.0,0.0,0.0,0.0,0.0,0.0,0.0,0.0,0.0,0.0,,,,,,,,0.0,,,2011
2009-11-29,2009112906.0,3.0,1,3.0,06:49,7,3109.0,44.0,WAS,46.0,54.0,5.0,12.0,0.0,0.0,WAS,PHI,"(6:49) PENALTY on WAS-E.Williams, False Start, 5 yards, enforced at WAS 46 - No Play.",1,0.0,0,0,0,0,No Play,,,0,,,0.0,0.0,0,,0,,,0,,,,,0,,0,0,0,1,0.0,7.0,3.0,4.0,4.0,PHI,WAS,0,3,3,3,3,3,0.0069400735359371,0.1318078392729335,0.0015609105785804,0.2030975144174945,0.2956607210789427,0.0042454964526734,0.356687444663438,0.0,0.0,1.5720573288878177,-0.8495825546521838,,,0.3260379891082503,0.6739620108917497,0.3553725994917774,0.6446274005082225,0.6739620108917497,-0.0293346103835271,,,2009
2013-09-30,2013093000.0,17.0,3,2.0,06:59,7,1319.0,34.0,MIA,25.0,75.0,2.0,12.0,0.0,1.0,MIA,NO,"(6:59) (Shotgun) R.Tannehill pass short right to M.Wallace pushed ob at MIA 32 for 7 yards (C.White). Pass 6, YAC 1",1,7.0,0,0,0,0,Pass,R.Tannehill,00-0029701,1,Complete,Short,6.0,0.0,0,right,0,,,0,,,M.Wallace,00-0026901,1,C.White,0,0,0,0,0.0,10.0,35.0,-23.5,23.0,NO,MIA,0,3,3,3,3,3,0.0099683680877534,0.1628249039705833,0.0037449752662942,0.2419439076876904,0.2054012084977689,0.0038029265989753,0.3723137098909343,0.0,0.0,1.0404334316696269,0.5664774092196603,0.4727587343955159,0.0937186748241443,0.9889021685935862,0.0110978314064138,0.986554763697966,0.0134452363020338,0.0110978314064138,0.0023474048956199,0.0020119336073971,0.0003354712882228713,2013
2013-10-27,2013102701.0,1.0,1,2.0,11:48,12,3408.0,7.0,JAC,19.0,19.0,10.0,76.0,0.0,0.0,SF,JAC,"(11:48) (Shotgun) F.Gore right guard for 19 yards, TOUCHDOWN.",1,17.5,1,1,0,0,Run,,,0,,,0.0,0.0,0,,0,F.Gore,00-0023500,1,right,guard,,,0,,0,0,0,0,0.0,0.0,0.0,0.0,0.0,JAC,SF,0,3,3,3,3,3,0.0007147353478551544,0.0381909590764913,7.748966092340573e-05,0.060140651588811,0.4381160872918606,0.0028782452024861,0.4598818318315723,0.0,0.0,4.003565157428563,2.311291607352805,,,0.3893911766731388,0.6106088233268612,0.2856134235712256,0.7143865764287743,0.6106088233268612,0.05888471184731932,,,2013
2016-09-11,2016091104.0,3.0,1,1.0,08:27,9,3207.0,0.0,KC,25.0,75.0,10.0,11.0,0.0,1.0,KC,SD,(8:27) S.Ware up the middle to KC 36 for 11 yards (D.Perryman).,1,11.0,0,0,0,0,Run,,,0,,,0.0,0.0,0,,0,S.Ware,00-0030414,1,middle,,,,0,D.Perryman,0,0,0,0,0.0,3.0,7.0,-4.0,4.0,KC,SD,0,3,3,2,3,2,0.0066444028347111,0.1594367356616412,0.0043285719214083,0.2455046689357142,0.2342926134438766,0.0035766461705665,0.3462163610320818,0.0,0.0,0.9280456265195968,1.014091227046908,,,0.4118095289719202,0.5881904710280798,0.4456384106139749,0.5543615893860251,0.4118095289719202,0.0338288816420546,,,2016
2014-11-30,2014113007.0,14.0,2,,00:00,0,1800.0,14.0,STL,20.0,20.0,0.0,-1.0,0.0,0.0,,,END QUARTER 2,1,0.0,0,0,0,0,Quarter End,,,0,,,0.0,0.0,0,,0,,,0,,,,,0,,0,0,0,0,0.0,,,,,STL,OAK,0,3,1,3,1,3,0.0,0.0,0.0,0.0,0.0,0.0,0.0,0.0,0.0,0.0,0.0,,,,,,,,0.0,,,2014
2013-10-27,2013102707.0,1.0,1,1.0,10:49,11,3349.0,14.0,NYJ,47.0,47.0,15.0,37.0,0.0,0.0,CIN,NYJ,(10:49) G.Bernard right guard to NYJ 43 for 4 yards (D.Harrison).,1,4.0,0,0,0,0,Run,,,0,,,0.0,0.0,0,,0,G.Bernard,00-0030456,1,right,guard,,,0,D.Harrison,0,0,0,0,0.0,0.0,0.0,0.0,0.0,CIN,NYJ,0,3,3,3,3,3,0.0019155933049398,0.082550646023422,0.0004184638878751721,0.1272338856013316,0.3465496709519141,0.0037559354195008,0.4375758048110164,0.0,0.0,2.9710654523165214,-0.1300221762862889,,,0.5779078707295191,0.4220921292704809,0.5746996085592456,0.4253003914407544,0.5779078707295191,-0.0032082621702734,,,2013
2012-11-11,2012111100.0,1.0,1,2.0,13:08,14,3488.0,39.0,CAR,43.0,57.0,5.0,24.0,0.0,0.0,CAR,DEN,(13:08) (Shotgun) C.Newton scrambles to CAR 44 for 1 yard (E.Dumervil).,1,1.0,0,0,0,0,Run,,,0,,,0.0,0.0,0,,0,C.Newton,00-0027939,1,,,,,0,E.Dumervil,0,0,0,0,0.0,0.0,0.0,0.0,0.0,CAR,DEN,0,3,3,3,3,3,0.0015333753544619,0.1168210808468887,0.0013205497232726,0.1802619935485049,0.2885588406329661,0.0038815625476556,0.4076225973462499,0.0,0.0,2.1118595315912136,-0.6587614996981079,,,0.5453846784540873,0.4546153215459126,0.5274511594444591,0.4725488405555409,0.5453846784540873,-0.0179335190096282,,,2012
2016-11-10,2016111000.0,3.0,1,3.0,07:40,8,3160.0,39.0,CLE,37.0,37.0,4.0,22.0,0.0,0.0,BAL,CLE,(7:40) (Shotgun) J.Flacco sacked at CLE 46 for -9 yards (J.Collins).,1,-9.0,0,0,0,0,Sack,,00-0026158,0,,,0.0,0.0,1,,0,,,0,,,,,0,J.Collins,0,1,0,0,0.0,0.0,0.0,0.0,0.0,BAL,CLE,0,3,3,1,3,1,0.00367225476575,0.0772766899636038,0.00044304211032493305,0.1213592505162217,0.4015005071427364,0.0037839447964597,0.3919643107049032,0.0,0.0,2.8735886782304374,-2.3435852439389357,,,0.6088312050125788,0.3911687949874212,0.5328828328116548,0.4671171671883452,0.6088312050125788,-0.05867359827459407,,,2016
2013-09-22,2013092211.0,15.0,3,3.0,03:50,4,1130.0,37.0,SF,46.0,54.0,13.0,35.0,0.0,0.0,SF,IND,(3:50) (Shotgun) C.Kaepernick pass short middle to A.Boldin to IND 45 for 9 yards (D.Butler). Caught at IND 48.  3-yds YAC,1,9.0,0,0,0,0,Pass,C.Kaepernick,00-0027974,1,Complete,Short,6.0,0.0,0,middle,0,,,0,,,A.Boldin,00-0022084,1,D.Butler,0,0,0,0,0.0,7.0,13.0,-6.0,6.0,SF,IND,0,2,2,3,2,3,0.0143410917322011,0.143159307394688,0.0017088668000763,0.223142914346041,0.3112698616384699,0.0050406425876155,0.301337315500908,0.0,0.0,1.058356022390493,-0.3836710477572501,-0.7863808249295634,0.4027097771723132,0.3141694325299852,0.6858305674700147,0.298601291138196,0.7013987088618039,0.3141694325299852,-0.0155681413917891,-0.0283858161522526,0.0128176747604634,2013
2016-12-11,2016121105.0,10.0,2,3.0,01:31,2,1891.0,5.0,JAX,35.0,65.0,10.0,44.0,0.0,1.0,JAX,MIN,"(1:31) (Shotgun) B.Bortles pass short right to T.Yeldon to JAX 45 for 10 yards (E.Kendricks). The Replay Official reviewed the first down ruling, and the play was Upheld. The ruling on the field stands.",1,10.0,0,0,0,0,Pass,B.Bortles,00-0031407,1,Complete,Short,-3.0,0.0,0,right,0,,,0,,,T.Yeldon,00-0032209,1,E.Kendricks,0,0,1,0,0.0,6.0,9.0,-3.0,3.0,JAX,MIN,0,3,3,0,3,0,0.4257920474265128,0.0621203074348449,0.0022527483629847,0.0452737236782098,0.1482787501188472,0.0007705914213225525,0.1083324681630066,0.0,0.0,0.6969222255622599,0.9135438932387862,-0.6448701899271321,1.558414083165918,0.4157617076984166,0.5842382923015834,0.4451801466547778,0.5548198533452222,0.4157617076984166,0.0294184389563611,-0.0215451864704745,0.0509636254268356,2016
2011-09-11,2011091105.0,1.0,1,3.0,12:27,13,3447.0,6.0,MID,50.0,50.0,10.0,50.0,0.0,1.0,CHI,ATL,(12:27) J.Cutler pass short middle to M.Forte to ATL 27 for 23 yards (T.DeCoud).,1,17.5,0,0,0,0,Pass,J.Cutler,00-0024226,1,Complete,Short,10.0,0.0,0,middle,0,,,0,,,M.Forte,00-0026184,1,T.DeCoud,0,0,0,0,0.0,0.0,0.0,0.0,0.0,CHI,ATL,0,3,3,3,3,3,0.0016612064450287,0.1296836611638804,0.001311725022051,0.2061354481262028,0.3358377743388603,0.0049533740629769,0.3204168108409997,0.0,0.0,1.4257151766103695,2.311291607352805,2.1468857160291472,0.5968857690095679,0.5264189199960304,0.4735810800039696,0.6165480989400103,0.3834519010599897,0.5264189199960304,0.05888471184731932,0.0683006990085367,0.0218284799354431,2011
2015-09-17,2015091700.0,7.0,2,,09:11,10,2351.0,9.0,DEN,15.0,15.0,0.0,78.0,0.0,0.0,KC,DEN,"C.Santos extra point is GOOD, Center-J.Winchester, Holder-D.Colquitt.",1,0.0,1,0,0,0,Extra Point,,,0,,,0.0,0.0,0,,0,,,0,,,,,0,,0,0,0,0,0.0,6.0,0.0,6.0,6.0,KC,DEN,0,3,3,1,3,1,0.0,0.0,0.0,0.0,0.0,0.0,0.0,0.931114949971538,0.0,0.931114949971538,0.0688850500284619,,,0.7399515639363436,0.2600484360636563,0.7486883213332164,0.2513116786667836,0.7399515639363436,0.0087367573968727,,,2015
2013-10-13,2013101303.0,6.0,2,1.0,10:48,11,2448.0,42.0,STL,10.0,10.0,10.0,75.0,1.0,0.0,HOU,STL,(10:48) A.Foster right end to STL 5 for 5 yards (C.Long).,1,5.0,0,0,0,0,Run,,,0,,,0.0,0.0,0,,0,A.Foster,00-0026796,1,right,end,,,0,C.Long,0,0,0,0,0.0,0.0,10.0,-10.0,10.0,HOU,STL,0,3,3,3,3,3,0.015193888551453,0.012648938548819,5.538866346792108e-06,0.0141122109028976,0.3711906161192648,0.001388184594463,0.5854606224167557,0.0,0.0,5.077829204764576,0.1494353840419258,,,0.3193966175704459,0.6806033824295541,0.3272403329760581,0.672759667023942,0.3193966175704459,0.0078437154056121,,,2013
2012-12-16,2012121610.0,5.0,2,2.0,15:00,15,2700.0,0.0,SEA,40.0,60.0,4.0,12.0,0.0,1.0,SEA,BUF,"(15:00) (Shotgun) M.Lynch left end to SEA 46 for 6 yards (K.Sheppard, D.Searcy).",1,6.0,0,0,0,0,Run,,,0,,,0.0,0.0,0,,0,M.Lynch,00-0025399,1,left,end,,,0,K.Sheppard,0,0,0,0,0.0,14.0,7.0,7.0,7.0,BUF,SEA,0,3,3,3,3,3,0.0374850978722431,0.1148052450163818,0.0014286937203721,0.1710034096371763,0.2664787579090873,0.0035996383785993,0.40519915746614,0.0,0.0,2.0987326627973166,0.66540887082465,,,0.2282237404972119,0.771776259502788,0.2107854199240427,0.7892145800759572,0.771776259502788,0.0174383205731691,,,2012
2014-09-14,2014091408.0,4.0,2,3.0,12:11,13,2531.0,0.0,SEA,8.0,8.0,8.0,80.0,1.0,0.0,SD,SEA,"(12:11) (Shotgun) P.Rivers pass short right to A.Gates for 8 yards, TOUCHDOWN.",1,8.0,1,1,0,0,Pass,P.Rivers,00-0022942,1,Complete,Short,8.0,0.0,0,right,0,,,0,,,A.Gates,00-0021547,1,,0,0,0,0,0.0,3.0,7.0,-4.0,4.0,SD,SEA,0,3,3,3,3,3,0.0133284278717607,0.0176505340650068,3.4816173095494616e-05,0.0218268501817221,0.560267499068484,0.0023117798341545,0.3845800928057762,0.0,0.0,4.1716775207009285,2.311291607352805,2.8283224792990715,0.0,0.4770316742496164,0.5229683257503837,0.5653254093819822,0.4346745906180179,0.4770316742496164,0.05888471184731932,0.0882937351323657,0.0,2014
2009-10-18,2009101802.0,19.0,4,2.0,06:14,7,374.0,40.0,JAC,33.0,67.0,7.0,4.0,0.0,0.0,JAC,STL,(6:14) D.Garrard pass short left to M.Sims-Walker to JAC 34 for 1 yard (R.Bartell).,1,1.0,0,0,0,0,Pass,D.Garrard,00-0021231,1,Complete,Short,0.0,0.0,0,left,0,,,0,,,M.Sims-Walker,00-0025466,1,R.Bartell,0,0,0,0,0.0,13.0,10.0,3.0,3.0,JAC,STL,0,2,2,1,2,1,0.2744001575804036,0.1064673889496423,0.0020210945722225,0.1571054588369261,0.1862200637088314,0.0027398362370172,0.2710460001149565,0.0,0.0,1.0382792965533696,-0.5746818770313797,-0.7033146774688603,0.1286328004374806,0.6789171092818621,0.3210828907181379,0.661756863842405,0.338243136157595,0.6789171092818621,-0.0171602454394571,-0.0313239075554856,0.0141636621160284,2009
2009-12-27,2009122713.0,5.0,1,1.0,05:20,6,3020.0,15.0,WAS,8.0,92.0,10.0,4.0,0.0,0.0,WAS,DAL,(5:20) Q.Ganther left end to WAS 12 for 4 yards (B.James).,1,4.0,0,0,0,0,Run,,,0,,,0.0,0.0,0,,0,Q.Ganther,00-0024460,1,left,end,,,0,B.James,0,0,0,0,0.0,0.0,7.0,-7.0,7.0,WAS,DAL,0,3,3,3,3,3,0.0185051993499011,0.2134239112607093,0.009553273933919493,0.3271320035949709,0.1681233318460252,0.0032070863063724,0.2534695556869533,0.0,0.0,-0.6774025248975661,-0.108130020468963,,,0.2482964132981173,0.7517035867018826,0.243781452200017,0.756218547799983,0.2482964132981173,-0.0045149610981003,,,2009
2015-11-08,2015110806.0,31.0,4,3.0,00:55,1,55.0,7.0,PIT,28.0,72.0,2.0,65.0,0.0,0.0,PIT,OAK,(:55) (Shotgun) L.Jones pass short right to A.Brown ran ob at OAK 15 for 57 yards (C.Woodson).,1,17.5,0,0,0,0,Pass,L.Jones,00-0030524,1,Complete,Short,4.0,0.0,0,right,0,,,0,,,A.Brown,00-0027793,1,C.Woodson,0,0,0,0,0.0,35.0,35.0,0.0,0.0,PIT,OAK,0,2,2,0,2,0,0.4257920474265128,0.0530063520490671,0.0025425316198211,0.0370807047475781,0.0966707805559294,0.0004714094313706507,0.1151034790221734,0.0,0.0,0.6730104610658527,2.311291607352805,0.3474765568834268,2.305519628761976,0.6791306977679321,0.3208693022320679,0.9155974223964318,0.0844025776035681,0.6791306977679321,0.05888471184731932,0.0547090385125978,0.05636049994176793,2015
2014-09-21,2014092107.0,9.0,2,2.0,05:36,6,2136.0,31.0,NYG,47.0,53.0,12.0,31.0,0.0,0.0,NYG,HOU,"(5:36) (No Huddle, Shotgun) E.Manning pass short left to V.Cruz to NYG 48 for 1 yard (A.J. Bouye).",1,1.0,0,0,0,0,Pass,E.Manning,00-0022803,1,Complete,Short,-1.0,0.0,0,left,0,,,0,,,V.Cruz,00-0027265,1,,0,0,0,0,0.0,0.0,0.0,0.0,0.0,NYG,HOU,0,3,3,3,3,3,0.2402756228699499,0.0811613486912564,0.0008574951752844653,0.1213658479044232,0.2465552244807576,0.0027734104202323,0.3070110504580958,0.0,0.0,1.799529875734107,-0.6819781123053241,-0.852035831230962,0.1700577189256379,0.5515347489772792,0.4484652510227208,0.5295418905681322,0.4704581094318678,0.5515347489772792,-0.0219928584091469,-0.0265595397449087,0.0045666813357617,2014
2014-12-14,2014121401.0,13.0,3,1.0,15:00,15,1800.0,0.0,BAL,20.0,80.0,10.0,6.0,0.0,0.0,BAL,JAC,(15:00) J.Forsett right guard to BAL 26 for 6 yards (G.Hayes).,1,6.0,0,0,0,0,Run,,,0,,,0.0,0.0,0,,0,J.Forsett,00-0026373,1,right,guard,,,0,G.Hayes,0,0,0,0,0.0,9.0,12.0,-3.0,3.0,BAL,JAC,0,3,3,3,3,3,0.0015063265025897,0.1797487862643072,0.0066391083784486,0.281137706070735,0.2137001434842491,0.0035923127788396,0.3136756165208305,0.0,0.0,0.3235258536112761,0.3120559495847572,,,0.4061376206635768,0.5938623793364233,0.4154598753630955,0.5845401246369046,0.4061376206635768,0.0093222546995186,,,2014
2011-10-30,2011103005.0,17.0,3,2.0,03:30,4,1110.0,38.0,BAL,44.0,56.0,1.0,35.0,0.0,1.0,BAL,ARI,"(3:30) (No Huddle, Shotgun) J.Flacco up the middle to BAL 47 for 3 yards (C.Campbell).",1,3.0,0,0,0,0,Run,,,0,,,0.0,0.0,0,,0,J.Flacco,00-0026158,1,middle,,,,0,C.Campbell,0,0,0,0,0.0,13.0,23.0,-10.0,10.0,BAL,ARI,0,3,3,3,3,3,0.014616434838894,0.0912603968935744,0.000746820566718405,0.1330921109921453,0.2642249226510429,0.0034274614632871,0.4926318525943378,0.0,0.0,3.0410330502808907,-0.1978864889589977,,,0.2350969620168348,0.7649030379831652,0.2281351514187427,0.7718648485812574,0.2350969620168348,-0.0069618105980921,,,2011
2015-12-20,2015122000.0,27.0,4,2.0,06:14,7,374.0,29.0,CAR,12.0,12.0,8.0,6.0,0.0,0.0,NYG,CAR,"(6:14) (No Huddle, Shotgun) E.Manning pass short right to S.Vereen to CAR 8 for 4 yards (S.Lotulelei, K.Coleman).",1,4.0,0,0,0,0,Pass,E.Manning,00-0022803,1,Complete,Short,-3.0,0.0,0,right,0,,,0,,,S.Vereen,00-0027994,1,S.Lotulelei,0,0,0,0,0.0,21.0,35.0,-14.0,14.0,NYG,CAR,0,3,3,2,3,2,0.0721141156962776,0.0246902117001653,3.384074499987107e-05,0.0369840629484325,0.4134042984665037,0.0021989276978967,0.4505745427457242,0.0,0.0,4.06560579278585,-0.4586081647797231,-0.9011550905913016,0.4425469258115786,0.1027969817587255,0.8972030182412745,0.0875758174684024,0.9124241825315976,0.1027969817587255,-0.0152211642903231,-0.0169901044603554,0.0017689401700323,2015
2014-11-02,2014110209.0,20.0,3,1.0,02:58,3,1078.0,0.0,SEA,20.0,80.0,10.0,0.0,0.0,0.0,SEA,OAK,(2:58) R.Wilson pass incomplete short right to W.Tukuafu.,1,0.0,0,0,0,0,Pass,R.Wilson,00-0029263,1,Incomplete Pass,Short,3.0,0.0,0,right,0,,,0,,,W.Tukuafu,00-0027905,0,,0,0,0,0,0.0,23.0,16.0,7.0,7.0,SEA,OAK,0,3,3,3,3,3,0.0269120788436636,0.1710826084675447,0.0062527274886622,0.2603667474878629,0.2129660150295443,0.0034064159761391,0.319013406706583,0.0,0.0,0.5304842111919932,-0.7592355088045228,-0.2854430093067519,-0.4737924994977709,0.7499621060202186,0.2500378939797814,0.7234769026090762,0.2765230973909238,0.7499621060202186,-0.0264852034111424,-0.0096901460269087,-0.0167950573842337,2014
2012-09-16,2012091610.0,11.0,3,1.0,07:57,8,1377.0,42.0,NYJ,49.0,51.0,10.0,34.0,0.0,1.0,NYJ,PIT,"(7:57) (Shotgun) J.McKnight right end to PIT 39 for 12 yards (R.Mundy, B.Keisel).",1,12.0,0,0,0,0,Run,,,0,,,0.0,0.0,0,,0,J.McKnight,00-0027712,1,right,end,,,0,R.Mundy,0,0,0,0,0.0,10.0,20.0,-10.0,10.0,PIT,NYJ,0,3,3,3,3,3,0.0042634428287059,0.0872017837469564,0.0005550828813919814,0.1336513091891011,0.3148550909749879,0.003438983396085,0.4560343069827716,0.0,0.0,2.9454087072691744,0.726352497697456,,,0.7569751970189718,0.2430248029810282,0.7355565829765972,0.2644434170234028,0.2430248029810282,0.0214186140423745,,,2012
2009-12-28,2009122800.0,10.0,2,1.0,03:14,4,1994.0,13.0,MIN,32.0,68.0,10.0,7.0,0.0,0.0,MIN,CHI,(3:14) A.Peterson left tackle to MIN 39 for 7 yards (M.Anderson).,1,7.0,0,0,0,0,Run,,,0,,,0.0,0.0,0,,0,A.Peterson,00-0025394,1,left,tackle,,,0,M.Anderson,0,0,0,0,0.0,0.0,13.0,-13.0,13.0,CHI,MIN,0,3,2,3,2,3,0.4257920474265128,0.0739669542365678,0.0012924888545186,0.1086712607196761,0.1525388130273431,0.0019439839058272,0.2318178573957492,0.0,0.0,1.0990447432074548,0.2497806564074829,,,0.8496857552744501,0.1503142447255499,0.8462972542835062,0.1537027457164938,0.1503142447255499,0.0033885009909439,,,2009
2011-10-30,2011103003.0,5.0,1,4.0,02:59,3,2879.0,27.0,MIN,42.0,58.0,9.0,31.0,0.0,1.0,MIN,CAR,"(2:59) C.Kluwe punts 53 yards to CAR 5, Center-C.Loeffler. A.Edwards to CAR 10 for 5 yards (R.D'Imperio).",1,5.0,0,0,0,0,Punt,,,0,,,0.0,0.0,0,,0,,,0,,,,,0,,0,0,0,0,0.0,7.0,0.0,7.0,7.0,CAR,MIN,0,3,3,3,3,3,0.0235071647910231,0.2159820116905275,0.0034865052875773,0.3167184471184631,0.2268231945853631,0.0061014885098244,0.2073811880172214,0.0,0.0,-0.7276072985796906,1.1602172086335163,,,0.309275203558883,0.690724796441117,0.2470586079389625,0.7529413920610375,0.690724796441117,0.05888471184731932,,,2011
2012-09-16,2012091601.0,20.0,4,2.0,03:41,4,221.0,4.0,NO,30.0,70.0,10.0,28.0,0.0,1.0,NO,CAR,(3:41) (Shotgun) D.Brees pass short middle to J.Graham to NO 47 for 17 yards (C.Godfrey).,1,17.0,0,0,0,0,Pass,D.Brees,00-0020531,1,Complete,Short,10.0,0.0,0,middle,0,,,0,,,J.Graham,00-0027696,1,C.Godfrey,0,0,0,0,0.0,20.0,34.0,-14.0,14.0,CAR,NO,0,3,2,3,2,3,0.4257920474265128,0.0925440892216092,0.0021486950456122,0.1367311055555196,0.1418860259951884,0.0021727622237524,0.1984004644259505,0.0,0.0,0.5797594567700345,1.4643141513180082,1.3815286747280573,0.0827854765899509,0.9701467347894795,0.0298532652105204,0.9641226299398392,0.0358773700601605,0.0298532652105204,0.0060241048496401,0.0095204875790348,-0.0034963827293946,2012
2013-12-08,2013120800.0,21.0,3,1.0,01:43,2,1003.0,44.0,BAL,31.0,69.0,10.0,16.0,0.0,0.0,BAL,MIN,"(1:43) (No Huddle, Shotgun) B.Pierce left guard to BAL 36 for 5 yards (E.Griffen; A.Cole).",1,5.0,0,0,0,0,Run,,,0,,,0.0,0.0,0,,0,B.Pierce,00-0029264,1,left,guard,,,0,E.Griffen,0,0,0,0,0.0,7.0,6.0,1.0,1.0,BAL,MIN,0,3,3,2,3,2,0.0290607832468416,0.1338867650745902,0.0025147665180499,0.2028535383562613,0.2526248817179041,0.0034513727052081,0.3756078923811446,0.0,0.0,1.567368040478442,0.0850722662109957,,,0.5616774796795525,0.4383225203204475,0.5651132649413192,0.4348867350586808,0.5616774796795525,0.0034357852617666,,,2013
2016-11-06,2016110610.0,14.0,3,1.0,13:51,14,1731.0,16.0,MID,50.0,50.0,10.0,30.0,0.0,0.0,TEN,SD,(13:51) (Shotgun) M.Mariota pass short right to D.Murray to SD 45 for 5 yards (C.Liuget).,1,5.0,0,0,0,0,Pass,M.Mariota,00-0032268,1,Complete,Short,5.0,0.0,0,right,0,,,0,,,D.Murray,00-0028009,1,C.Liuget,0,0,0,0,0.0,14.0,19.0,-5.0,5.0,SD,TEN,0,3,3,3,3,3,0.0010088500787615,0.0867567579504306,0.0005225676923495879,0.1347438733626204,0.3179304846806274,0.0035092344029862,0.4555282318322242,0.0,0.0,2.9449850228990897,0.0530566111638082,0.0530566111638082,0.0,0.5754353972613722,0.4245646027386279,0.5747687051911623,0.4252312948088377,0.4245646027386279,0.0006666920702098622,0.0006666920702098622,0.0,2016
2009-10-18,2009101802.0,23.0,5,2.0,09:16,10,-344.0,38.0,STL,24.0,24.0,8.0,60.0,0.0,0.0,JAC,STL,(9:16) M.Jones-Drew up the middle to STL 20 for 4 yards (P.Lenon).,1,4.0,0,0,0,0,Run,,,0,,,0.0,0.0,0,,0,M.Jones-Drew,00-0024275,1,middle,,,,0,P.Lenon,0,0,0,0,0.0,20.0,19.0,1.0,1.0,JAC,STL,0,2,2,2,2,2,0.0528099626922536,0.0390196631495847,9.560759101962122e-05,0.0586973203920166,0.3939310263525203,0.0026480755464717,0.4527983442761333,0.0,0.0,3.828546192708527,-0.358715696803709,,,0.8493774461751253,0.1506225538248746,0.8445479159639804,0.1554520840360196,0.8493774461751253,-0.0048295302111449,,,2009
2009-12-20,2009122005.0,26.0,4,,00:00,0,0.0,38.0,SF,46.0,46.0,0.0,26.0,0.0,0.0,PHI,SF,END GAME,1,0.0,0,0,0,0,End of Game,,,0,,,0.0,0.0,0,,0,,,0,,,,,0,,0,0,0,0,0.0,,,14.0,,PHI,SF,0,1,1,0,1,0,0.0,0.0,0.0,0.0,0.0,0.0,0.0,0.0,0.0,0.0,0.0,,,1.0,0.0,1.0,0.0,1.272210585266956e-09,0.0,,,2009
2011-09-18,2011091801.0,2.0,1,1.0,13:22,14,3502.0,11.0,BUF,16.0,84.0,10.0,1.0,0.0,0.0,BUF,OAK,"(13:22) (Shotgun) F.Jackson left guard to BUF 17 for 1 yard (T.Branch, R.McClain).",1,1.0,0,0,0,0,Run,,,0,,,0.0,0.0,0,,0,F.Jackson,00-0024204,1,left,guard,,,0,T.Branch,0,0,0,0,0.0,0.0,0.0,0.0,0.0,BUF,OAK,0,3,3,3,3,3,0.0023895865841336,0.19273294560936,0.0090517728221116,0.3005055380194594,0.1985518290129457,0.0035042683756838,0.2932640595763057,0.0,0.0,-0.044328707784174,-0.6133887792116164,,,0.4805993581507281,0.5194006418492719,0.4648153189023247,0.5351846810976753,0.4805993581507281,-0.0157840392484033,,,2011
2010-12-19,2010121910.0,7.0,2,3.0,02:48,3,1968.0,40.0,ATL,25.0,25.0,8.0,7.0,0.0,0.0,SEA,ATL,(2:48) (Shotgun) M.Hasselbeck pass short left to B.Stokley to ATL 20 for 5 yards (D.Robinson).,1,5.0,0,0,0,0,Pass,M.Hasselbeck,00-0007091,1,Complete,Short,5.0,0.0,0,left,0,,,0,,,B.Stokley,00-0015754,1,D.Robinson,0,0,0,0,0.0,7.0,10.0,-3.0,3.0,SEA,ATL,0,1,1,3,1,3,0.2368152901827794,0.0393885353657642,0.00013417724147855482,0.0608279069153627,0.385482372511794,0.0027907105853921,0.2745610071974287,0.0,0.0,2.5397262801003784,-0.066698553533528,-0.066698553533528,0.0,0.4452577562089078,0.5547422437910923,0.4424515598437958,0.5575484401562043,0.4452577562089078,-0.0028061963651119,-0.0028061963651119,0.0,2010
2012-12-16,2012121608.0,12.0,2,1.0,06:25,7,2185.0,10.0,ARI,19.0,81.0,10.0,15.0,0.0,1.0,ARI,DET,"(6:25) R.Lindley pass incomplete deep left to A.Roberts. PENALTY on DET-J.Green, Face Mask (15 Yards), 15 yards, enforced at ARI 19 - No Play.",1,0.0,0,0,0,0,No Play,R.Lindley,,1,Incomplete Pass,Deep,0.0,0.0,0,left,0,,,0,,,A.Roberts,,0,,0,0,0,1,0.0,7.0,7.0,0.0,0.0,ARI,DET,0,3,3,3,3,3,0.3145839196817571,0.1200448721692798,0.0046137064607191,0.1779878927507983,0.1504454214777247,0.0023263344384257,0.2299978530212951,0.0,0.0,0.4506966257742253,1.0773916509113002,,,0.5095875046042618,0.4904124953957381,0.5427713109333968,0.4572286890666032,0.5095875046042618,0.0331838063291349,,,2012
2016-12-18,2016121812.0,10.0,3,,15:00,15,1800.0,0.0,CIN,35.0,35.0,0.0,0.0,0.0,,PIT,CIN,"R.Bullock kicks 65 yards from CIN 35 to end zone, Touchback.",1,0.0,0,0,0,0,Kickoff,,,0,,,0.0,0.0,0,,0,,,0,,,,,0,,0,0,0,0,0.0,9.0,20.0,-11.0,11.0,CIN,PIT,0,3,3,3,3,3,0.0013736795911316,0.1626315095188615,0.004440726358228,0.2541786337864296,0.23308117414857,0.0036557130265806,0.3406385635701985,0.0,0.0,0.8149984757122131,0.0,,,0.8266111241594631,0.1733888758405368,0.8266111241594631,0.1733888758405368,0.1733888758405368,0.0,,,2016
2012-09-23,2012092313.0,17.0,4,2.0,13:39,14,819.0,31.0,BAL,25.0,75.0,5.0,14.0,0.0,1.0,BAL,NE,(13:39) (No Huddle) R.Rice left guard to BAL 34 for 9 yards (T.Scott).,1,9.0,0,0,0,0,Run,,,0,,,0.0,0.0,0,,0,R.Rice,00-0026195,1,left,guard,,,0,T.Scott,0,0,0,0,0.0,21.0,30.0,-9.0,9.0,BAL,NE,0,3,3,3,3,3,0.0693245393036569,0.1620152359422706,0.0043051226048766,0.2409493472725732,0.2015016917021453,0.0035598006788681,0.3183442624956089,0.0,0.0,0.6587331299888561,1.1608213399086411,,,0.1812818253816154,0.8187181746183846,0.2135717530425839,0.7864282469574161,0.1812818253816154,0.0322899276609685,,,2012
2013-12-08,2013120812.0,12.0,3,1.0,14:55,15,1795.0,5.0,SF,18.0,82.0,10.0,0.0,0.0,0.0,SF,SEA,(14:55) C.Kaepernick pass incomplete short left to B.Miller.,1,0.0,0,0,0,0,Pass,C.Kaepernick,00-0027974,1,Incomplete Pass,Short,2.0,0.0,0,left,0,,,0,,,B.Miller,00-0028149,0,,0,0,0,0,0.0,16.0,14.0,2.0,2.0,SF,SEA,0,3,3,3,3,3,0.0015904992087781,0.1865658611164924,0.00777538744792,0.2918304427657042,0.2058940646773937,0.0035571769494803,0.3027865678342311,0.0,0.0,0.126241065165513,-0.7797547149853712,-0.4657455123883143,-0.3140092025970569,0.5590471804838392,0.4409528195161608,0.533866344377451,0.466133655622549,0.5590471804838392,-0.0251808361063882,-0.0152296783957827,-0.0099511577106055,2013
2015-11-08,2015110802.0,7.0,2,3.0,13:48,14,2628.0,39.0,NE,32.0,32.0,7.0,10.0,0.0,0.0,WAS,NE,(13:48) (Shotgun) K.Cousins sacked at NE 36 for -4 yards (C.Jones).,1,-4.0,0,0,0,0,Sack,,00-0029604,0,,,0.0,0.0,1,,0,,,0,,,,,0,C.Jones,0,1,0,0,0.0,0.0,14.0,-14.0,14.0,NE,WAS,0,3,3,3,3,3,0.0266316905650844,0.066161683437299,0.00030610886380308465,0.103576967022579,0.4431640245036174,0.0038757260721301,0.3562837995354866,0.0,0.0,2.9070940852059626,-1.5799595445833383,,,0.8489456687495788,0.1510543312504212,0.8811402286238748,0.1188597713761252,0.1510543312504212,-0.0321945598742959,,,2015
2016-12-18,2016121811.0,9.0,2,1.0,02:47,3,1967.0,29.0,OAK,34.0,34.0,10.0,49.0,0.0,0.0,SD,OAK,(2:47) R.Hillman left guard to OAK 31 for 3 yards (B.Irvin).,1,3.0,0,0,0,0,Run,,,0,,,0.0,0.0,0,,0,R.Hillman,00-0029683,1,left,guard,,,0,B.Irvin,0,0,0,0,0.0,7.0,3.0,4.0,4.0,SD,OAK,0,2,2,3,2,3,0.2479134763345544,0.036238643380457,8.114603605235378e-05,0.0529221108736715,0.2667927726556037,0.0021182106893732,0.3939336400302876,0.0,0.0,3.082817221228394,-0.285103206009305,,,0.7172908679141273,0.2827091320858726,0.7072253083832194,0.2927746916167806,0.7172908679141273,-0.0100655595309079,,,2016
2013-09-08,2013090804.0,25.0,4,4.0,06:22,7,382.0,9.0,MIN,16.0,84.0,10.0,0.0,0.0,1.0,MIN,DET,"(6:22) J.Locke punts 54 yards to DET 30, Center-C.Loeffler. M.Spurlock to DET 41 for 11 yards (A.Jefferson).",1,11.0,0,0,0,0,Punt,,,0,,,0.0,0.0,0,,0,,,0,,,,,0,A.Jefferson,0,0,0,0,0.0,24.0,34.0,-10.0,10.0,DET,MIN,0,3,1,3,1,3,0.3050975541762622,0.2197094524266264,0.00659408696004,0.3034461433666814,0.0395045436397896,0.0029368178939398,0.1227114015366605,0.0,0.0,-1.8130724573028572,-0.2038315491029925,,,0.9273535345818362,0.0726464654181637,0.9278200701286574,0.0721799298713425,0.0726464654181637,-0.000466535546821148,,,2013
2013-09-16,2013091600.0,12.0,2,2.0,04:33,5,2073.0,40.0,CIN,24.0,76.0,6.0,4.0,0.0,0.0,CIN,PIT,(4:33) (Shotgun) A.Dalton pass incomplete deep right to Al.Smith.,1,0.0,0,0,0,0,Pass,A.Dalton,00-0027973,1,Incomplete Pass,Deep,10.0,0.0,0,right,0,,,0,,,Al.Smith,00-0023506,0,,0,0,0,0,0.0,10.0,3.0,7.0,7.0,CIN,PIT,0,3,3,2,3,2,0.405396609802047,0.105206402864186,0.0029994649389956,0.1538325461065117,0.1288240177029915,0.002227221842273,0.2015137367429949,0.0,0.0,0.4030766927783547,-0.5628217150398007,2.0047771235108973,-2.567598838550698,0.7533270913773711,0.2466729086226289,0.7352018235235009,0.264798176476499,0.7533270913773711,-0.0181252678538701,0.0563430048201674,-0.06361267904339468,2013
2009-11-26,2009112602.0,17.0,3,,00:31,1,931.0,5.0,NYG,30.0,30.0,0.0,0.0,0.0,,DEN,NYG,L.Tynes kicks 75 yards from NYG 30 to DEN -5. C.Buckhalter to DEN 36 for 41 yards (C.Brown).,1,17.5,0,0,0,0,Kickoff,,,0,,,0.0,0.0,0,,0,,,0,,,,,0,C.Brown,0,0,0,0,0.0,16.0,6.0,10.0,10.0,DEN,NYG,0,2,2,3,2,3,0.0476125708254489,0.1666083000862962,0.0060761396521771,0.2521499202344782,0.2093466866474364,0.0033148154814469,0.3148915670727161,0.0,0.0,0.5618840392096252,1.4382419940941802,,,0.8467315478285619,0.1532684521714381,0.8751684649091056,0.1248315350908944,0.8467315478285619,0.0284369170805437,,,2009
2016-10-30,2016103000.0,22.0,5,1.0,12:53,13,-127.0,30.0,CIN,48.0,48.0,10.0,30.0,0.0,0.0,WAS,CIN,(12:53) R.Kelley right guard to CIN 45 for 3 yards (S.Williams).,1,3.0,0,0,0,0,Run,,,0,,,0.0,0.0,0,,0,R.Kelley,00-0032371,1,right,guard,,,0,S.Williams,0,0,0,0,0.0,27.0,27.0,0.0,0.0,CIN,WAS,0,2,2,2,2,2,0.0423572437799581,0.0741788761937134,0.0003904491077489487,0.1110718212993988,0.3113625059922985,0.0031294520834046,0.4575096515434774,0.0,0.0,3.1420937070556163,-0.2271949110632589,,,0.4042529712521236,0.5957470287478763,0.4273354667702282,0.5726645332297717,0.5957470287478763,-0.0230824955181045,,,2016
2011-11-13,2011111307.0,12.0,2,4.0,08:28,9,2308.0,44.0,DET,36.0,64.0,1.0,9.0,0.0,1.0,DET,CHI,"(8:28) R.Malone punts 41 yards to CHI 23, Center-D.Muhlbach, out of bounds.",1,0.0,0,0,0,0,Punt,,,0,,,0.0,0.0,0,,0,,,0,,,,,0,,0,0,0,0,0.0,3.0,19.0,-16.0,16.0,CHI,DET,0,2,3,2,3,2,0.1972318906580109,0.1745462477877513,0.0026131949516438,0.2622405513172486,0.0980664468354092,0.0041001361605887,0.261201532289347,0.0,0.0,-0.2337386536344476,-0.5654785621634264,,,0.9190587022062128,0.0809412977937872,0.9248300870168078,0.0751699129831922,0.0809412977937872,-0.005771384810595,,,2011
2013-10-06,2013100605.0,21.0,4,2.0,13:52,14,832.0,5.0,PHI,36.0,64.0,10.0,0.0,0.0,0.0,PHI,NYG,"(13:52) (No Huddle, Shotgun) N.Foles pass incomplete deep right to J.Avant [J.Hankins].",1,0.0,0,0,0,0,Pass,N.Foles,00-0029567,1,Incomplete Pass,Deep,10.0,0.0,1,right,0,,,0,,,J.Avant,00-0024324,0,,0,0,0,0,0.0,22.0,21.0,1.0,1.0,NYG,PHI,0,3,0,3,0,3,0.0531161650751157,0.1359022572894519,0.0023842904959132,0.2057630570486047,0.2566030596021637,0.0036684399262506,0.3425627305624999,0.0,0.0,1.3222684203960764,-0.9512909247861928,1.9580924195804403,-2.909383344366633,0.4507776435395717,0.5492223564604283,0.4859559480468983,0.5140440519531017,0.5492223564604283,-0.0351783045073266,0.077138240041404,-0.06361267904339468,2013
2012-12-09,2012120907.0,17.0,3,3.0,11:41,12,1601.0,6.0,PHI,1.0,1.0,1.0,5.0,1.0,0.0,TB,PHI,"(11:41) (Shotgun) J.Freeman pass short left to M.Williams for 1 yard, TOUCHDOWN.",1,1.0,1,1,0,0,Pass,J.Freeman,00-0026993,1,Complete,Short,1.0,0.0,0,left,0,,,0,,,M.Williams,00-0027702,1,,0,0,0,0,0.0,0.0,10.0,-10.0,10.0,TB,PHI,0,3,3,3,3,3,0.00027436999446466746,0.015823752096105,0.0006447088792759763,0.0234117285223519,0.2046738668676328,0.0056508720086828,0.7325144085922225,0.0,0.0,5.659325482337341,1.340674517662659,1.340674517662659,0.0,0.3419431702540028,0.6580568297459972,0.388244423060489,0.6117555769395109,0.3419431702540028,0.0463012528064862,0.0463012528064862,0.0,2012
2015-12-06,2015120609.0,1.0,1,1.0,12:22,13,3442.0,23.0,STL,29.0,29.0,10.0,80.0,0.0,0.0,ARI,STL,(12:22) D.Johnson right tackle to STL 26 for 3 yards (C.Long).,1,3.0,0,0,0,0,Run,,,0,,,0.0,0.0,0,,0,D.Johnson,00-0032187,1,right,tackle,,,0,C.Long,0,0,0,0,0.0,0.0,0.0,0.0,0.0,STL,ARI,0,3,3,3,3,3,0.0007806495047334318,0.0452434386127666,7.652678581386564e-05,0.0698166174944845,0.3655383561845778,0.0029971893038935,0.51554722211373,0.0,0.0,4.086840310086312,-0.2206614516623632,,,0.3878199121641554,0.6121800878358445,0.3939120803810667,0.6060879196189333,0.6121800878358445,-0.0060921682169112,,,2015
2011-12-04,2011120403.0,3.0,1,2.0,09:29,10,3269.0,42.0,OAK,23.0,77.0,7.0,2.0,0.0,0.0,OAK,MIA,(9:29) M.Bush right tackle to OAK 22 for -1 yards (K.Dansby).,1,-1.0,0,0,0,0,Run,,,0,,,0.0,0.0,0,,0,M.Bush,00-0025487,1,right,tackle,,,0,K.Dansby,0,0,0,0,0.0,0.0,3.0,-3.0,3.0,MIA,OAK,0,3,3,3,3,3,0.005556938697664,0.1887718823266578,0.0058957134007452,0.2897095418104584,0.2039700603473399,0.003892163755334,0.3022036996618004,0.0,0.0,0.1290465397306184,-1.1201185294346692,,,0.5975428191968394,0.4024571808031606,0.633330822534599,0.366669177465401,0.4024571808031606,-0.0357880033377596,,,2011
2014-10-19,2014101905.0,14.0,2,4.0,04:23,5,2063.0,5.0,CIN,27.0,73.0,8.0,2.0,0.0,1.0,CIN,IND,"(4:23) K.Huber punts 45 yards to IND 28, Center-C.Harris. G.Whalen to IND 35 for 7 yards (J.Wright). PENALTY on IND-D.McDonald, Offensive Holding, 10 yards, enforced at IND 32.",1,7.0,0,0,0,0,Punt,,,0,,,0.0,0.0,0,,0,,,0,,,,,0,J.Wright,0,0,0,1,0.0,0.0,10.0,-10.0,10.0,IND,CIN,0,3,3,3,3,3,0.4163651768239732,0.1628079103109078,0.003672747378343,0.2280253860585781,0.0621820724842199,0.0029780650585065,0.1239686418854711,0.0,0.0,-1.0316640873314853,0.46349913175778,,,0.8394763349709704,0.1605236650290296,0.8277923654963814,0.1722076345036186,0.1605236650290296,0.011683969474589,,,2014
2010-11-28,2010112805.0,4.0,1,3.0,00:55,1,2755.0,45.0,ATL,4.0,4.0,1.0,81.0,0.0,0.0,GB,ATL,(:55) D.Nance left guard to ATL 4 for no gain (C.Wire).,1,0.0,0,0,0,0,Run,,,0,,,0.0,0.0,0,,0,D.Nance,00-0027201,1,left,guard,,,0,C.Wire,0,0,0,0,0.0,0.0,3.0,-3.0,3.0,ATL,GB,0,2,3,2,3,2,0.005953039911519,0.0181569676249914,2.501023938950784e-05,0.0285030464536865,0.5190024003833096,0.0018278741260796,0.4265316612610241,0.0,0.0,4.292342329699698,-1.3372165172490518,,,0.502971982885692,0.497028017114308,0.5453258949214562,0.4546741050785438,0.497028017114308,-0.0423539120357642,,,2010
2015-10-08,2015100800.0,16.0,4,2.0,03:49,4,229.0,12.0,IND,28.0,72.0,13.0,8.0,0.0,0.0,IND,HOU,(3:49) M.Hasselbeck pass incomplete deep right to T.Hilton.,1,0.0,0,0,0,0,Pass,M.Hasselbeck,00-0007091,1,Incomplete Pass,Deep,10.0,0.0,0,right,0,,,0,,,T.Hilton,00-0029608,0,,0,0,0,0,0.0,27.0,20.0,7.0,7.0,HOU,IND,0,3,3,3,3,3,0.4257920474265128,0.098653617050042,0.0026345601562697,0.1465662407989548,0.1373978688170088,0.0021765978206932,0.1857226073561027,0.0,0.0,0.3894113965297827,-0.5925905979835393,2.339150684348513,-2.931741282332053,0.1389945176574781,0.8610054823425218,0.1559981650280216,0.8440018349719783,0.8610054823425218,-0.0170036473705434,0.0597118978313077,-0.06361267904339468,2015
2013-12-22,2013122210.0,13.0,3,3.0,03:15,4,1095.0,0.0,NYG,49.0,49.0,10.0,33.0,0.0,0.0,DET,NYG,(3:15) (Shotgun) M.Stafford pass short left to N.Burleson to NYG 43 for 6 yards (J.Beason).,1,6.0,0,0,0,0,Pass,M.Stafford,00-0026498,1,Complete,Short,6.0,0.0,0,left,0,,,0,,,N.Burleson,00-0021999,1,J.Beason,0,0,0,0,0.0,10.0,13.0,-3.0,3.0,DET,NYG,0,3,3,2,3,2,0.0147152119652806,0.1214562889053581,0.0011678525901999,0.1893020758582721,0.34214943175791,0.0047471259936533,0.3264620129293258,0.0,0.0,1.629357534861939,-0.7706400475321883,-0.7706400475321883,0.0,0.4268376223433481,0.5731623776566519,0.3990946829084729,0.6009053170915271,0.4268376223433481,-0.0277429394348752,-0.0277429394348752,0.0,2013
2012-10-07,2012100702.0,19.0,3,,03:57,4,1137.0,44.0,IND,38.0,38.0,0.0,41.0,0.0,0.0,,,Timeout #1 by GB at 03:57.,1,0.0,0,0,0,0,Timeout,,,0,,,0.0,0.0,0,,0,,,0,,,,,0,,0,0,0,0,0.0,,,,,IND,GB,1,3,3,3,3,2,0.0,0.0,0.0,0.0,0.0,0.0,0.0,0.0,0.0,0.0,0.0,,,,,,,,0.0,,,2012
2010-11-28,2010112806.0,12.0,2,2.0,00:51,1,1851.0,4.0,TB,41.0,41.0,10.0,21.0,0.0,0.0,BAL,TB,"(:51) (No Huddle, Shotgun) J.Flacco pass short left to D.Mason to TB 34 for 7 yards (A.Talib).",1,7.0,0,0,0,0,Pass,J.Flacco,00-0026158,1,Complete,Short,7.0,0.0,0,left,0,,,0,,,D.Mason,00-0010500,1,A.Talib,0,0,0,0,0.0,10.0,3.0,7.0,7.0,BAL,TB,0,3,3,2,3,2,0.4257920474265128,0.0310102613384198,0.00034388146897690504,0.0227050734790484,0.2763670965847218,0.000678504527726105,0.1960425954803413,0.0,0.0,1.950102405865454,0.1134771527737021,0.1134771527737021,0.0,0.7921015608437489,0.207898439156251,0.7979293346077102,0.2020706653922898,0.7921015608437489,0.0058277737639612,0.0058277737639612,0.0,2010
2009-12-07,2009120700.0,11.0,2,1.0,01:27,2,1887.0,33.0,GB,46.0,54.0,10.0,27.0,0.0,1.0,GB,BAL,"(1:27) (No Huddle, Shotgun) A.Rodgers pass incomplete short middle to D.Driver. PENALTY on BAL-L.Webb, Defensive Pass Interference, 13 yards, enforced at GB 46 - No Play.",1,0.0,0,0,0,0,No Play,A.Rodgers,,1,Incomplete Pass,Short,0.0,0.0,0,middle,0,,,0,,,D.Driver,,0,,0,0,0,1,0.0,10.0,0.0,10.0,10.0,GB,BAL,0,3,3,2,3,2,0.4257920474265128,0.0365471667807659,0.000530023236562252,0.0264483422894268,0.222992826586717,0.0006438031011789737,0.1951826434292206,0.0,0.0,1.740704647125643,0.6048312906060485,,,0.854388145299079,0.1456118547009209,0.8649982913491598,0.1350017086508401,0.854388145299079,0.0106101460500808,,,2009
2013-12-08,2013120807.0,24.0,3,,00:07,1,907.0,4.0,TB,35.0,35.0,0.0,0.0,0.0,,BUF,TB,"M.Koenen kicks 70 yards from TB 35 to BUF -5. M.Goodwin to BUF 13 for 18 yards (K.McCray, K.Tandy).",1,17.5,0,0,0,0,Kickoff,,,0,,,0.0,0.0,0,,0,,,0,,,,,0,K.McCray,0,0,0,0,0.0,6.0,27.0,-21.0,21.0,TB,BUF,0,3,1,3,1,3,0.0521919355821471,0.1656709589615602,0.0060398374545786,0.250503559764602,0.2084872595131604,0.003295758508414,0.3138106902155374,0.0,0.0,0.5661106569190195,-0.657200280281675,,,0.9746318400583284,0.0253681599416716,0.9788386996732809,0.0211613003267193,0.0253681599416716,-0.0042068596149523,,,2013
2014-11-27,2014112700.0,15.0,3,3.0,06:11,7,1271.0,4.0,CHI,50.0,50.0,8.0,12.0,0.0,0.0,CHI,DET,(6:11) (Shotgun) J.Cutler pass incomplete deep right to M.Wilson (D.Slay) [G.Johnson].,1,0.0,0,0,0,0,Pass,J.Cutler,00-0024226,1,Incomplete Pass,Deep,10.0,0.0,1,right,0,,,0,,,M.Wilson,00-0030047,0,,0,0,0,0,0.0,17.0,24.0,-7.0,7.0,DET,CHI,0,3,3,3,3,3,0.0074541913936659,0.123926193903,0.0012435524810463,0.1933712759493167,0.3319875560561864,0.0046260549367662,0.3373911752800181,0.0,0.0,1.639088386685909,-1.6238799621335671,2.449623533130164,-3.1387746044711373,0.7045616266736768,0.2954383733263231,0.7589657351714616,0.2410342648285384,0.2954383733263231,-0.0544041084977847,0.0867103798244361,-0.06361267904339468,2014
2013-09-22,2013092209.0,22.0,4,1.0,02:00,2,120.0,0.0,DET,3.0,3.0,3.0,72.0,1.0,0.0,WAS,DET,(2:00) (Shotgun) R.Griffin pass incomplete short right to P.Garcon [W.Young].,1,0.0,0,0,0,0,Pass,R.Griffin,00-0029665,1,Incomplete Pass,Short,1.0,0.0,1,right,0,,,0,,,P.Garcon,00-0026345,0,,0,0,0,0,0.0,16.0,27.0,-11.0,11.0,WAS,DET,0,3,3,3,3,3,0.0771840623473973,0.0082908751772792,1.5743140158024006e-05,0.010047007362166,0.1504197309904849,0.0016678867228485,0.7325144085922225,0.0,0.0,5.625984662887498,-0.9073495088434004,-0.6165404408151041,-0.2908090680282962,0.1265202444953294,0.8734797555046706,0.0956843865043955,0.9043156134956044,0.1265202444953294,-0.0308358579909338,-0.0196075847766424,-0.0112282732142913,2013
2013-09-08,2013090804.0,3.0,1,1.0,06:20,7,3080.0,45.0,MIN,20.0,20.0,10.0,60.0,0.0,0.0,DET,MIN,"(6:20) (Shotgun) M.Stafford pass deep middle to C.Johnson for 20 yards, TOUCHDOWN. The Replay Assistant challenged the incomplete pass ruling, and the play was REVERSED. (Shotgun) M.Stafford pass incomplete deep middle to C.Johnson.",1,17.5,0,1,0,0,Pass,M.Stafford,00-0026498,1,Incomplete Pass,Deep,10.0,0.0,0,middle,0,,,0,,,C.Johnson,00-0025389,0,,0,0,1,0,0.0,0.0,7.0,-7.0,7.0,DET,MIN,0,3,3,3,3,3,0.0024868120995967,0.0326636605686188,3.1906285800064e-05,0.0496524933095682,0.3780482534768376,0.0026688220218739,0.5344480522377046,0.0,0.0,4.434996522693759,-0.4304148962966128,0.7587150083963925,-1.1891299046930053,0.4167881314183029,0.583211868581697,0.4028547271153822,0.5971452728846178,0.4167881314183029,-0.0139334043029207,0.023906324938735,-0.0378397292416557,2013
2011-10-02,2011100213.0,14.0,3,3.0,12:01,13,1621.0,23.0,SD,41.0,59.0,15.0,15.0,0.0,1.0,SD,MIA,"(12:01) (Shotgun) P.Rivers pass short middle to V.Brown to MIA 39 for 20 yards (Y.Bell, R.Jones).",1,17.5,0,0,0,0,Pass,P.Rivers,00-0022942,1,Complete,Short,10.0,0.0,0,middle,0,,,0,,,V.Brown,00-0028020,1,Y.Bell,0,0,0,0,0.0,13.0,10.0,3.0,3.0,SD,MIA,0,3,3,3,3,3,0.0022204815814231,0.1690577819499654,0.0025186309964295,0.2675064990762631,0.27705862710073,0.0053149613134108,0.2763230179817778,0.0,0.0,0.391310828424859,2.311291607352805,-0.272763052344164,2.659125528472397,0.5986482360391895,0.4013517639608105,0.7157349489740684,0.2842650510259316,0.5986482360391895,0.05888471184731932,-0.0096420046484324,0.05636049994176793,2011
2012-12-23,2012122301.0,21.0,4,1.0,01:54,2,114.0,6.0,OAK,19.0,19.0,10.0,-1.0,0.0,0.0,CAR,OAK,(1:54) C.Newton kneels to OAK 20 for -1 yards.,1,-1.0,0,0,0,0,QB Kneel,,,0,,,0.0,0.0,0,,0,,00-0027939,0,,,,,0,,0,0,0,0,0.0,17.0,6.0,11.0,11.0,CAR,OAK,0,2,2,0,2,0,0.4257920474265128,0.0,0.0,0.0,0.0,0.0,0.0,0.0,0.0,0.0,0.0,,,0.9821200513508423,0.0178799486491576,0.9907930399826838,0.0092069600173162,0.9821200513508423,0.0086729886318414,,,2012
2009-12-27,2009122707.0,2.0,1,,06:47,7,3107.0,5.0,TB,2.0,2.0,0.0,75.0,0.0,0.0,NO,TB,"G.Hartley extra point is GOOD, Center-J.Kyle, Holder-M.Brunell.",1,0.0,1,0,0,0,Extra Point,,,0,,,0.0,0.0,0,,0,,,0,,,,,0,,0,0,0,0,0.0,6.0,0.0,6.0,6.0,NO,TB,0,3,3,2,3,2,0.0,0.0,0.0,0.0,0.0,0.0,0.0,0.9907954004544308,0.0,0.9907954004544308,0.009204599545569,,,0.7339307766904863,0.2660692233095136,0.7283961242386221,0.2716038757613779,0.7339307766904863,-0.0055346524518642,,,2009
2015-10-08,2015100800.0,7.0,2,3.0,02:59,3,1979.0,40.0,IND,30.0,30.0,20.5,62.0,0.0,0.0,HOU,IND,(2:59) (Shotgun) B.Hoyer pass short middle to D.Hopkins to IND 18 for 12 yards (M.Adams).,1,12.0,0,0,0,0,Pass,B.Hoyer,00-0026625,1,Complete,Short,4.0,0.0,0,middle,0,,,0,,,D.Hopkins,00-0030564,1,M.Adams,0,0,0,0,0.0,0.0,13.0,-13.0,13.0,HOU,IND,0,2,2,3,2,3,0.262698740391702,0.0509835265355461,0.0002172105728205629,0.0797330821363523,0.373813962214203,0.0034763006917368,0.2290771774576391,0.0,0.0,2.0204181545228104,0.5854396472336991,-0.4653376667965463,1.0507773140302454,0.1507393025573848,0.8492606974426152,0.1608950807003336,0.8391049192996664,0.1507393025573848,0.0101557781429488,-0.0083645658801328,0.0185203440230817,2015
2009-10-25,2009102511.0,10.0,2,4.0,10:12,11,2412.0,26.0,NYG,28.0,72.0,13.0,-3.0,0.0,1.0,NYG,ARI,"(10:12) J.Feagles punts 28 yards to ARI 44, Center-Z.DeOssie, out of bounds.",1,0.0,0,0,0,0,Punt,,,0,,,0.0,0.0,0,,0,,,0,,,,,0,,0,0,0,0,0.0,7.0,0.0,7.0,7.0,NYG,ARI,0,3,3,3,3,3,0.1479388602936034,0.2406612006831249,0.0055813418645802,0.337973086328545,0.1017073472253372,0.0045479369122068,0.1615902266926022,0.0,0.0,-1.6536083877297088,-0.8525539615469648,,,0.6557825576402053,0.3442174423597947,0.6628867643599968,0.3371132356400032,0.6557825576402053,0.0071042067197915,,,2009
2010-12-12,2010121207.0,12.0,2,2.0,00:22,1,1822.0,18.0,ATL,45.0,55.0,1.0,9.0,0.0,0.0,ATL,CAR,"(:22) (No Huddle, Shotgun) M.Ryan pass incomplete short right to R.White.",1,0.0,0,0,0,0,Pass,M.Ryan,00-0026143,1,Incomplete Pass,Short,10.0,0.0,0,right,0,,,0,,,R.White,00-0023462,0,,0,0,0,0,0.0,17.0,0.0,17.0,17.0,CAR,ATL,0,0,2,0,2,0,0.4257920474265128,0.0292444620662435,0.0004347331524015457,0.0202878879103713,0.1646604105718417,0.0005391217119084516,0.1831005579821663,0.0,0.0,1.5461453131383736,-0.2170105799594219,0.5789584238942949,-0.7959690038537168,0.0511026932847777,0.9488973067152222,0.0533531608910755,0.9466468391089244,0.9488973067152222,-0.0022504676062977,0.0060079426610195,-0.0082584102673173,2010
2014-12-07,2014120712.0,9.0,2,2.0,07:19,8,2239.0,39.0,SEA,27.0,73.0,10.0,31.0,0.0,1.0,SEA,PHI,(7:19) (Shotgun) R.Wilson pass deep right to D.Baldwin to SEA 47 for 20 yards (M.Jenkins).,1,17.5,0,0,0,0,Pass,R.Wilson,00-0029263,1,Complete,Deep,10.0,0.0,0,right,0,,,0,,,D.Baldwin,00-0028434,1,M.Jenkins,0,0,0,0,0.0,7.0,7.0,0.0,0.0,PHI,SEA,0,3,3,3,3,3,0.2466631571305186,0.1308282168417891,0.0035212369234614,0.1947682253379785,0.1748210855577909,0.0028723760575235,0.2465257021509377,0.0,0.0,0.4929832221068442,1.9860084455942228,1.9685747578739516,0.0174336877202714,0.4912046975275465,0.5087953024724535,0.4275186174752485,0.5724813825247514,0.5087953024724535,0.05888471184731932,0.0617023859685019,0.0019836940837959,2014
2009-12-27,2009122703.0,7.0,1,1.0,01:15,2,2775.0,0.0,SEA,27.0,27.0,10.0,70.0,0.0,1.0,GB,SEA,(1:15) A.Rodgers pass short right to G.Jennings to SEA 3 for 24 yards (D.Hawthorne).,1,17.5,0,0,0,0,Pass,A.Rodgers,00-0023459,1,Complete,Short,-1.0,0.0,0,right,0,,,0,,,G.Jennings,00-0024267,1,D.Hawthorne,0,0,0,0,0.0,7.0,0.0,7.0,7.0,GB,SEA,0,3,3,2,3,2,0.0104149682062486,0.0400782793466274,5.949190792461152e-05,0.0602859026061784,0.3640797712266972,0.002773307962604,0.5223082787437194,0.0,0.0,4.211588740712355,1.8307350240203792,-0.5189021231297515,2.3496371471501307,0.8337887625275195,0.1662112374724804,0.8654163051161139,0.1345836948838861,0.8337887625275195,0.0316275425885943,-0.011027249112224,0.0426547917008184,2009
2010-12-26,2010122607.0,19.0,4,3.0,06:45,7,405.0,5.0,MIA,11.0,89.0,9.0,12.0,0.0,1.0,MIA,DET,(6:45) (Shotgun) C.Henne pass short right to B.Marshall to MIA 22 for 11 yards (A.Fluellen).,1,11.0,0,0,0,0,Pass,C.Henne,00-0026197,1,Complete,Short,7.0,0.0,0,right,0,,,0,,,B.Marshall,00-0024334,1,A.Fluellen,0,0,0,0,0.0,27.0,17.0,10.0,10.0,MIA,DET,0,2,2,3,2,3,0.3087883993152248,0.1871225981386179,0.009553273933919493,0.2696554183071923,0.0779043535996962,0.0025648178240775,0.1441982699111813,0.0,0.0,-1.2202574225487064,1.8683851241809504,-0.1191301385749559,1.9875152627559065,0.8547858303455499,0.1452141696544501,0.9051036573818972,0.0948963426181028,0.8547858303455499,0.0503178270363472,-0.002064832883053,0.0523826599194002,2010
2013-09-22,2013092202.0,22.0,4,2.0,02:14,3,134.0,21.0,STL,32.0,68.0,5.0,68.0,0.0,0.0,STL,DAL,"(2:14) (No Huddle, Shotgun) S.Bradford pass short right to L.Kendricks to DAL 50 for 18 yards (J.Heath; B.Webb).",1,17.5,0,0,0,0,Pass,S.Bradford,00-0027854,1,Complete,Short,5.0,0.0,0,right,0,,,0,,,L.Kendricks,00-0027985,1,J.Heath,0,0,0,0,0.0,7.0,31.0,-23.5,23.0,DAL,STL,0,1,3,1,3,1,0.4257920474265128,0.071627673051958,0.0013448294267671,0.1039574105000699,0.1241585043450589,0.0018387008021899,0.1932845390303125,0.0,0.0,0.7838701363418465,1.224679421954701,0.4794251885628877,0.7452542333918133,0.9989551319854916,0.0010448680145083,0.9985359937172388,0.0014640062827612,0.0010448680145083,0.000419138268252894,0.0001522699098935793,0.00026686835835931463,2013
2013-09-15,2013091512.0,21.0,4,1.0,02:57,3,177.0,4.0,OAK,13.0,13.0,10.0,49.0,0.0,0.0,JAC,OAK,"(2:57) (No Huddle, Shotgun) C.Henne pass short middle to C.Harbor for 13 yards, TOUCHDOWN.",1,13.0,1,1,0,0,Pass,C.Henne,00-0026197,1,Complete,Short,10.0,0.0,0,middle,0,,,0,,,C.Harbor,00-0027725,1,,0,0,0,0,0.0,3.0,19.0,-16.0,16.0,OAK,JAC,0,2,1,2,1,2,0.1390016349261645,0.0204707670560153,1.2890689500978645e-05,0.0298143200980861,0.3301771943200058,0.001960660860052,0.478562532050175,0.0,0.0,4.074252305797695,2.311291607352805,2.925747694202305,0.0,0.96819149493456,0.0318085050654399,0.934902455755454,0.0650975442445459,0.0318085050654399,0.0332890391791059,0.0332890391791059,0.0,2013
2015-10-04,2015100408.0,8.0,2,2.0,12:13,13,2533.0,34.0,CLE,42.0,42.0,3.0,50.0,0.0,1.0,SD,CLE,"(12:13) (Shotgun) P.Rivers pass short left to L.Green to CLE 34 for 8 yards (K.Dansby, P.Desir).",1,8.0,0,0,0,0,Pass,P.Rivers,00-0022942,1,Complete,Short,6.0,0.0,0,left,0,,,0,,,L.Green,00-0029275,1,K.Dansby,0,0,0,0,0.0,7.0,10.0,-3.0,3.0,SD,CLE,0,3,3,3,3,3,0.0444661592377522,0.0643034380047768,0.0003197139136684034,0.0949627605024402,0.3212542843342621,0.0030889062761632,0.471604737730937,0.0,0.0,3.4128847643129223,0.4595449625925818,0.3741664874963035,0.0853784750962782,0.4841568431945431,0.5158431568054569,0.4990872527423536,0.5009127472576465,0.4841568431945431,0.0149304095478104,0.0114598146287366,0.0034705949190738,2015
2012-11-04,2012110407.0,5.0,2,2.0,12:27,13,2547.0,43.0,MIA,29.0,29.0,7.0,55.0,0.0,0.0,IND,MIA,(12:27) D.Carter left end to MIA 25 for 4 yards (K.Dansby).,1,4.0,0,0,0,0,Run,,,0,,,0.0,0.0,0,,0,D.Carter,00-0028057,1,left,end,,,0,K.Dansby,0,0,0,0,0.0,7.0,10.0,-3.0,3.0,IND,MIA,0,2,2,3,2,3,0.0294556703199875,0.0472716890659914,0.00014456501572896648,0.0713420311164266,0.3862943265056265,0.0028908494473945,0.4626008685288443,0.0,0.0,3.76137234306916,-0.2527960272865681,,,0.4781373326579349,0.5218626673420651,0.4722903951570862,0.5277096048429137,0.4781373326579349,-0.0058469375008486,,,2012
2016-01-03,2016010312.0,9.0,2,1.0,05:09,6,2109.0,39.0,TB,20.0,20.0,10.0,35.0,0.0,0.0,CAR,TB,"(5:09) (No Huddle, Shotgun) C.Artis-Payne left guard to TB 11 for 9 yards (K.Tandy; L.David).",1,9.0,0,0,0,0,Run,,,0,,,0.0,0.0,0,,0,C.Artis-Payne,00-0031599,1,left,guard,,,0,K.Tandy,0,0,0,0,0.0,10.0,3.0,7.0,7.0,CAR,TB,0,2,2,3,2,3,0.107121326180125,0.0272655897041705,2.6258297024606955e-05,0.039950549575556,0.3356978134568349,0.0022166435040011,0.4877218192822874,0.0,0.0,4.064076329619065,0.3706470749474393,,,0.8297942850766817,0.1702057149233182,0.8371199500547304,0.1628800499452696,0.8297942850766817,0.0073256649780486,,,2015
2016-12-12,2016121200.0,27.0,4,1.0,06:15,7,375.0,3.0,BAL,19.0,81.0,10.0,0.0,0.0,0.0,BAL,NE,(6:15) (Shotgun) J.Flacco pass incomplete short left to K.Aiken.,1,0.0,0,0,0,0,Pass,J.Flacco,00-0026158,1,Incomplete Pass,Short,4.0,0.0,0,left,0,,,0,,,K.Aiken,00-0028497,0,,0,0,0,0,0.0,20.0,30.0,-10.0,10.0,NE,BAL,0,2,3,2,3,2,0.3233300716758575,0.1184717630379167,0.0045525818302569,0.1755889762540418,0.1485685022242744,0.0022957310103448,0.2271923739673076,0.0,0.0,0.447000299912109,-0.5279107708841111,-0.0736338786709291,-0.4542768922131819,0.8834108050370096,0.1165891949629903,0.8953586810161194,0.1046413189838806,0.1165891949629903,-0.0119478759791097,-0.0026395812950116,-0.009308294684098,2016
2011-12-11,2011121112.0,1.0,1,1.0,10:03,11,3303.0,41.0,BUF,27.0,27.0,10.0,55.0,0.0,0.0,SD,BUF,"(10:03) R.Mathews up the middle to BUF 25 for 2 yards (K.Sheppard, C.Kelsay).",1,2.0,0,0,0,0,Run,,,0,,,0.0,0.0,0,,0,R.Mathews,00-0027864,1,middle,,,,0,K.Sheppard,0,0,0,0,0.0,0.0,0.0,0.0,0.0,SD,BUF,0,2,2,3,2,3,0.0012770965037174,0.0419545675793051,6.275922234630994e-05,0.0643826791017413,0.3685240651557942,0.0029110544330109,0.5208877780040846,0.0,0.0,4.1809407754672,-0.3011801205106184,,,0.6045736237482121,0.3954263762517879,0.5953420758932679,0.404657924106732,0.6045736237482121,-0.0092315478549441,,,2011
2009-10-04,2009100407.0,16.0,3,1.0,04:02,5,1142.0,45.0,TB,12.0,12.0,10.0,52.0,0.0,1.0,WAS,TB,"(4:02) PENALTY on WAS-S.Moss, False Start, 5 yards, enforced at TB 12 - No Play.",1,0.0,0,0,0,0,No Play,,,0,,,0.0,0.0,0,,0,,,0,,,,,0,,0,0,0,1,0.0,3.0,10.0,-7.0,7.0,WAS,TB,0,2,2,3,2,3,0.0033195124229492,0.024581190285609,1.4778410270386518e-05,0.0371278344615297,0.3870466210636663,0.0024223867703287,0.5454876765856466,0.0,0.0,4.650730403923107,-0.2852973216136929,,,0.4085446216664389,0.591455378333561,0.3975954246268809,0.6024045753731191,0.4085446216664389,-0.010949197039558,,,2009
2009-10-04,2009100411.0,6.0,2,2.0,14:29,15,2669.0,31.0,SF,29.0,71.0,20.5,-3.0,0.0,0.0,SF,STL,(14:29) (Shotgun) S.Hill pass short right to D.Walker to SF 39 for 10 yards (A.Smith). Caught at SF 27.,1,10.0,0,0,0,0,Pass,S.Hill,00-0020679,1,Complete,Short,-2.0,0.0,0,right,0,,,0,,,D.Walker,00-0024389,1,A.Smith,0,0,0,0,0.0,0.0,0.0,0.0,0.0,SF,STL,0,3,3,3,3,3,0.0519719744149428,0.1701055502293075,0.0048024466005018,0.2621888214787982,0.2303206611779955,0.003714208713151,0.2768963373853029,0.0,0.0,0.2814214684168958,0.2081802722224455,-1.2548983100038045,1.46307858222625,0.4790338544946991,0.5209661455053008,0.4847166753819076,0.5152833246180923,0.4790338544946991,0.0056828208872084,-0.0374755891011663,0.0431584099883747,2009
2016-12-18,2016121811.0,18.0,4,3.0,09:27,10,567.0,5.0,SD,1.0,1.0,1.0,12.0,1.0,0.0,OAK,SD,(9:27) (Shotgun) L.Murray left end to SD 2 for -1 yards (K.Emanuel).,1,-1.0,0,0,0,0,Run,,,0,,,0.0,0.0,0,,0,L.Murray,00-0030513,1,left,end,,,0,K.Emanuel,0,0,0,0,0.0,13.0,16.0,-3.0,3.0,SD,OAK,0,3,1,3,1,3,0.0165396357321104,0.0143118020013802,0.0005743665129643549,0.0203616952144294,0.1977154597713694,0.005083765138284,0.7325144085922225,0.0,0.0,5.634590833465835,-2.3435852439389357,,,0.4217170607682819,0.578282939231718,0.5277774021912809,0.4722225978087191,0.578282939231718,-0.05867359827459407,,,2016
2013-10-07,2013100700.0,11.0,3,1.0,05:34,6,1234.0,8.0,ATL,18.0,82.0,10.0,8.0,0.0,0.0,ATL,NYJ,(5:34) (Shotgun) M.Ryan pass short left to J.Snelling to ATL 26 for 8 yards (D.Davis).,1,8.0,0,0,0,0,Pass,M.Ryan,00-0026143,1,Complete,Short,-4.0,0.0,0,left,0,,,0,,,J.Snelling,00-0025631,1,D.Davis,0,0,0,0,0.0,14.0,17.0,-3.0,3.0,ATL,NYJ,0,2,2,3,2,3,0.0150554442770754,0.1809178240552601,0.0074784638807651,0.2770473391884155,0.2069218909812082,0.0034395270065744,0.3091395106107011,0.0,0.0,0.2945795269854623,0.8740722451730127,-1.3220354121513445,2.196107657324357,0.3992631167789642,0.6007368832210358,0.4281777434063187,0.5718222565936814,0.3992631167789642,0.0289146266273544,-0.0477144119001486,0.05636049994176793,2013
2013-09-15,2013091505.0,16.0,3,1.0,08:39,9,1419.0,27.0,TEN,16.0,16.0,10.0,39.0,0.0,0.0,HOU,TEN,(8:39) M.Schaub pass incomplete deep left to G.Graham [M.Fokou].,1,0.0,0,0,0,0,Pass,M.Schaub,00-0022787,1,Incomplete Pass,Deep,10.0,0.0,1,left,0,,,0,,,G.Graham,00-0027718,0,,0,0,0,0,0.0,7.0,10.0,-3.0,3.0,HOU,TEN,0,3,3,3,3,3,0.0012562969315072,0.028836665627296,2.216576046119709e-05,0.0440404871419845,0.3841621361702269,0.0025903494972231,0.5390918988713008,0.0,0.0,4.53647266120753,-0.423734872069577,2.4635273387924697,-2.8872622108620467,0.533116998117305,0.466883001882695,0.5191299920498251,0.4808700079501748,0.533116998117305,-0.0139870060674798,0.0859600158704215,-0.06361267904339468,2013
2015-11-29,2015112909.0,4.0,1,3.0,02:04,3,2824.0,32.0,SF,36.0,64.0,3.0,20.0,0.0,1.0,SF,ARI,(2:04) (Shotgun) B.Gabbert pass deep right intended for Q.Patton INTERCEPTED by T.Mathieu at ARI 43. T.Mathieu to SF 42 for 15 yards (A.Boldin).,1,0.0,0,0,0,0,Pass,B.Gabbert,00-0027948,1,Incomplete Pass,Deep,10.0,0.0,0,right,1,,,0,,,,00-0030450,0,A.Boldin,0,0,0,0,0.0,0.0,3.0,-3.0,3.0,SF,ARI,0,3,3,3,3,3,0.025953242320912,0.1557187344917008,0.002795086128696,0.2321203172238744,0.2228880378839288,0.0036854539387147,0.3568391280121729,0.0,0.0,1.0763203213148111,-2.3435852439389357,2.4002082913087803,-3.1387746044711373,0.4217647787990634,0.5782352212009366,0.30482240541121,0.69517759458879,0.4217647787990634,-0.05867359827459407,0.07152549720978,-0.06361267904339468,2015
2010-12-28,2010122800.0,21.0,4,3.0,04:14,5,254.0,0.0,MIN,18.0,82.0,6.0,10.0,0.0,1.0,MIN,PHI,(4:14) (Shotgun) J.Webb left end to MIN 24 for 6 yards (T.Lindley; A.Jordan).,1,6.0,0,0,0,0,Run,,,0,,,0.0,0.0,0,,0,J.Webb,00-0027796,1,left,end,,,0,T.Lindley,0,0,0,0,0.0,23.0,14.0,9.0,9.0,PHI,MIN,0,3,0,3,0,3,0.4257920474265128,0.1338921749709333,0.0051526773663214,0.1920454762252947,0.080764238770107,0.0021153333665541,0.1482344586633258,0.0,0.0,-0.4721356195357957,1.111065694706839,,,0.120322679910018,0.879677320089982,0.075228945664004,0.924771054335996,0.879677320089982,0.0450937342460139,,,2010
2015-11-01,2015110106.0,4.0,1,3.0,06:16,7,3076.0,39.0,NYG,27.0,73.0,11.0,6.0,0.0,0.0,NYG,NO,"(6:16) (Shotgun) E.Manning pass short right to S.Vereen to NYG 34 for 7 yards (D.Breaux; K.Vaccaro). Pass -6, YAC 13",1,7.0,0,0,0,0,Pass,E.Manning,00-0022803,1,Complete,Short,-6.0,0.0,0,right,0,,,0,,,S.Vereen,00-0027994,1,D.Breaux,0,0,0,0,0.0,7.0,7.0,0.0,0.0,NO,NYG,0,3,3,3,3,3,0.0110342208191565,0.2159734254981847,0.0057900352510593,0.3294633295332213,0.184696865633204,0.0045833018524804,0.2484588214126936,0.0,0.0,-0.6632747032357946,-0.577020050461784,-1.9836902882058147,1.4066702377440308,0.5247170251071667,0.4752829748928334,0.5423156430410894,0.4576843569589107,0.4752829748928334,-0.0175986179339226,-0.0611332098833622,0.0435345919494395,2015
2009-12-13,2009121301.0,21.0,4,2.0,07:14,8,434.0,38.0,DET,17.0,83.0,7.0,14.0,0.0,0.0,DET,BAL,(7:14) D.Culpepper pass incomplete deep left to C.Johnson (L.Webb).,1,0.0,0,0,0,0,Pass,D.Culpepper,00-0003739,1,Incomplete Pass,Deep,10.0,0.0,0,left,0,,,0,,,C.Johnson,00-0025389,0,,0,0,0,0,0.0,3.0,38.0,-23.5,23.0,BAL,DET,0,2,2,2,2,2,0.2857913607165242,0.1472668993038583,0.0060493410448813,0.2170379871305431,0.1327440266325895,0.0026352298210119,0.2084751553505915,0.0,0.0,-0.1103366629212068,-0.6691563918355934,1.625143456627724,-2.294299848463317,0.9999989024774584,1.097522541476867e-06,0.9999993219714062,6.780285937732444e-07,1.097522541476867e-06,-4.194939477036227e-07,2.123305431840133e-06,-2.5427993795437558e-06,2009
2015-11-29,2015112904.0,2.0,1,2.0,03:44,4,2924.0,40.0,IND,25.0,25.0,11.0,60.0,0.0,0.0,TB,IND,(3:44) D.Martin up the middle to IND 20 for 5 yards (D.Jackson).,1,5.0,0,0,0,0,Run,,,0,,,0.0,0.0,0,,0,D.Martin,00-0029613,1,middle,,,,0,D.Jackson,0,0,0,0,0.0,0.0,3.0,-3.0,3.0,IND,TB,0,3,3,3,3,3,0.0059681173127168,0.0457487386518592,0.00012502980369567907,0.0707860296453204,0.4207001851192669,0.0029826107288138,0.4536892887383272,0.0,0.0,3.8108923149035063,-0.3625695722551816,,,0.487480618507996,0.5125193814920039,0.5020240350215062,0.4979759649784938,0.5125193814920039,-0.01454341651351,,,2015
2011-11-06,2011110604.0,24.0,4,,01:10,2,70.0,0.0,WAS,35.0,35.0,0.0,-2.0,0.0,,SF,WAS,"G.Gano kicks onside 11 yards from WAS 35 to WAS 46. V.Davis (didn't try to advance) to WAS 46 for no gain (L.Alexander). PENALTY on SF-V.Davis, Invalid Fair Catch Signal, 5 yards, enforced at WAS 46.",1,0.0,0,0,0,1,Kickoff,,,0,,,0.0,0.0,0,,0,,,0,,,,,0,L.Alexander,0,0,0,1,0.0,19.0,11.0,8.0,8.0,WAS,SF,0,1,0,1,0,1,0.4257920474265128,0.048185372507988,0.0033609327992849,0.0349814704884233,0.1113708377123292,0.00046054124806676496,0.0997594501166205,0.0,0.0,0.6372014699079676,-0.6372014699079676,,,0.0190428457053665,0.9809571542946336,0.0210334572411915,0.9789665427588083,0.9809571542946336,-0.001990611535825,,,2011
2015-11-02,2015110200.0,5.0,1,2.0,05:32,6,3032.0,31.0,CAR,44.0,44.0,5.0,26.0,0.0,0.0,IND,CAR,(5:32) F.Gore up the middle to CAR 46 for -2 yards (L.Kuechly).,1,-2.0,0,0,0,0,Run,,,0,,,0.0,0.0,0,,0,F.Gore,00-0023500,1,middle,,,,0,L.Kuechly,0,0,0,0,0.0,0.0,10.0,-10.0,10.0,CAR,IND,0,3,3,3,3,3,0.0067312354655892,0.0778980780926817,0.0004675198787806787,0.1184825552392275,0.3383922689612458,0.0034698327588089,0.454558509603666,0.0,0.0,3.1400188789168184,-1.1034939803726926,,,0.7265131395781076,0.2734868604218924,0.7610312088733192,0.2389687911266808,0.2734868604218924,-0.0345180692952116,,,2015
2015-12-13,2015121307.0,3.0,1,1.0,07:37,8,3157.0,29.0,CAR,23.0,77.0,10.0,19.0,0.0,0.0,CAR,ATL,(7:37) (Shotgun) C.Newton left end to CAR 26 for 3 yards (R.Therezie).,1,3.0,0,0,0,0,Run,,,0,,,0.0,0.0,0,,0,C.Newton,00-0027939,1,left,end,,,0,R.Therezie,0,0,0,0,0.0,7.0,0.0,7.0,7.0,CAR,ATL,0,3,3,3,3,3,0.0084319408652637,0.1656682658432424,0.0050717305692925,0.2546923720569989,0.2266348668871311,0.0035447963019017,0.3359560274761695,0.0,0.0,0.7486915225310782,-0.2780160964071814,,,0.7454070539093538,0.2545929460906462,0.7375549338387059,0.2624450661612941,0.7454070539093538,-0.0078521200706479,,,2015
2011-09-25,2011092501.0,21.0,4,,04:48,5,288.0,32.0,HOU,40.0,40.0,0.0,21.0,0.0,0.0,,,Timeout #1 by HOU at 04:48.,1,0.0,0,0,0,0,Timeout,,,0,,,0.0,0.0,0,,0,,,0,,,,,0,,0,0,0,0,0.0,,,,,NO,HOU,1,3,3,3,3,2,0.0,0.0,0.0,0.0,0.0,0.0,0.0,0.0,0.0,0.0,0.0,,,,,,,,0.0,,,2011
2016-09-25,2016092506.0,16.0,3,2.0,04:20,5,1160.0,37.0,NYG,45.0,45.0,5.0,31.0,0.0,0.0,WAS,NYG,"(4:20) R.Kelley left end to NYG 44 for 1 yard (N.Berhe, J.Casillas).",1,1.0,0,0,0,0,Run,,,0,,,0.0,0.0,0,,0,R.Kelley,00-0032371,1,left,end,,,0,N.Berhe,0,0,0,0,0.0,23.0,24.0,-1.0,1.0,NYG,WAS,0,2,3,2,3,2,0.0092126424026032,0.079782423969711,0.0005019403234480694,0.1209915843780431,0.3341195542412681,0.0034726201279132,0.451919234557013,0.0,0.0,3.0854463016763907,-0.6030066761784618,,,0.4406002996179614,0.5593997003820386,0.4619918740622387,0.5380081259377613,0.5593997003820386,-0.0213915744442773,,,2016
2014-09-14,2014091407.0,14.0,3,1.0,14:50,15,1790.0,6.0,JAC,25.0,75.0,10.0,-5.0,0.0,0.0,JAC,WAS,(14:50) T.Gerhart right end to JAC 23 for -2 yards (C.Baker). JAC-M.Lewis was injured during the play. He is Out.  89 - Lewis was reported as having an ankle injury,1,-2.0,0,0,0,0,Run,,,0,,,0.0,0.0,0,,0,T.Gerhart,00-0027888,1,right,end,,,0,C.Baker,0,0,0,0,0.0,7.0,21.0,-14.0,14.0,WAS,JAC,0,3,3,3,3,3,0.0014300159894315,0.162563035224259,0.0044382083041668,0.2539754244540385,0.2331314341395523,0.0036539854644358,0.3408078964241158,0.0,0.0,0.8179640548569596,-1.056824685175781,,,0.8793188312591441,0.1206811687408559,0.8943514094871573,0.1056485905128427,0.1206811687408559,-0.0150325782280131,,,2014
2012-12-09,2012120901.0,7.0,2,1.0,11:27,12,2487.0,7.0,CLE,9.0,91.0,10.0,0.0,0.0,0.0,CLE,KC,(11:27) B.Weeden pass incomplete short left to J.Gordon.,1,0.0,0,0,0,0,Pass,B.Weeden,00-0029677,1,Incomplete Pass,Short,7.0,0.0,0,left,0,,,0,,,J.Gordon,00-0029664,0,,0,0,0,0,0.0,9.0,7.0,2.0,2.0,CLE,KC,0,3,3,3,3,3,0.1379618596333857,0.1823472598744394,0.009553273933919493,0.2738735693609495,0.1542609601172488,0.002797598713775,0.2358789163627264,0.0,0.0,-0.3703859447065327,-0.6634794570577662,0.477444889043725,-1.1409243461014913,0.5234410361971082,0.4765589638028917,0.5032617050270156,0.4967382949729844,0.5234410361971082,-0.0201793311700926,0.0153779444029066,-0.0355572755729992,2012
2015-11-29,2015112901.0,15.0,4,1.0,06:16,7,376.0,8.0,ATL,39.0,61.0,10.0,0.0,0.0,0.0,ATL,MIN,(6:16) (Shotgun) M.Ryan pass incomplete deep right to T.Coleman (A.Barr).,1,0.0,0,0,0,0,Pass,M.Ryan,00-0026143,1,Incomplete Pass,Deep,10.0,0.0,0,right,0,,,0,,,T.Coleman,00-0032058,0,,0,0,0,0,0.0,3.0,13.0,-10.0,10.0,ATL,MIN,0,2,2,2,2,2,0.2346873661012894,0.0836588497738002,0.0009602476489600516,0.1236333394442027,0.2215392888027396,0.0025945209586795,0.3329263872703284,0.0,0.0,1.881961198489137,-0.5412986209283275,1.9511180376281367,-2.492416658556465,0.1517061180450249,0.848293881954975,0.1356084996054704,0.8643915003945296,0.1517061180450249,-0.0160976184395545,0.0644246331665751,-0.06361267904339468,2015
2015-09-20,2015092010.0,19.0,4,1.0,04:54,5,294.0,12.0,OAK,37.0,37.0,10.0,11.0,0.0,1.0,BAL,OAK,(4:54) (Shotgun) J.Flacco pass short middle to K.Aiken to OAK 26 for 11 yards (T.Carrie; M.Smith).,1,11.0,0,0,0,0,Pass,J.Flacco,00-0026158,1,Complete,Short,7.0,0.0,0,middle,0,,,0,,,K.Aiken,00-0028497,1,T.Carrie,0,0,0,0,0.0,30.0,30.0,0.0,0.0,OAK,BAL,0,3,2,3,2,3,0.1786956265043129,0.0439591426465095,0.00011821345913631535,0.0645348430014097,0.2869731040091827,0.0023960463768496,0.4233230240025992,0.0,0.0,3.2451148169317725,0.490602429171552,0.2571775519662176,0.2334248772053344,0.3466029348409851,0.6533970651590149,0.3132074951938665,0.6867925048061335,0.6533970651590149,0.0333954396471186,0.0145927374413848,0.0188027022057337,2015
2013-09-22,2013092205.0,19.0,3,1.0,03:56,4,1136.0,6.0,BUF,46.0,46.0,10.0,48.0,0.0,0.0,NYJ,BUF,(3:56) (Shotgun) A.Green right tackle to BUF 44 for 2 yards (C.Bryant; K.Alonso).,1,2.0,0,0,0,0,Run,,,0,,,0.0,0.0,0,,0,A.Green,00-0028034,1,right,tackle,,,0,C.Bryant,0,0,0,0,0.0,20.0,12.0,8.0,8.0,NYJ,BUF,0,3,3,3,3,3,0.0096891927480702,0.0738823832383873,0.00034645757127857755,0.1121260841540123,0.3265534827781062,0.0032731454180819,0.4741292540920632,0.0,0.0,3.29788886387912,-0.333886502877045,,,0.8502457585616015,0.1497542414383985,0.843946617543561,0.1560533824564389,0.8502457585616015,-0.0062991410180404,,,2013
2011-11-14,2011111400.0,3.0,1,2.0,09:34,10,3274.0,21.0,GB,23.0,77.0,17.0,24.0,0.0,0.0,GB,MIN,(9:34) (Shotgun) A.Rodgers scrambles right end ran ob at GB 32 for 9 yards (A.Allen).,1,9.0,0,0,0,0,Run,,,0,,,0.0,0.0,0,,0,A.Rodgers,00-0023459,1,right,end,,,0,A.Allen,0,0,0,0,0.0,6.0,0.0,6.0,6.0,GB,MIN,0,3,3,3,3,3,0.0053048062751764,0.1999371797889498,0.0072329219563147,0.3128440654955753,0.2065526493022502,0.0038954212183968,0.2642329559633364,0.0,0.0,-0.327106359661607,0.2886051767992019,,,0.6726465123839691,0.3273534876160309,0.6836363438483275,0.3163636561516725,0.6726465123839691,0.0109898314643583,,,2011
2013-11-17,2013111704.0,3.0,1,1.0,05:12,6,3012.0,4.0,ARI,1.0,1.0,1.0,46.0,1.0,0.0,JAC,ARI,"(5:12) M.Jones-Drew up the middle for 1 yard, TOUCHDOWN.",1,1.0,1,1,0,0,Run,,,0,,,0.0,0.0,0,,0,M.Jones-Drew,00-0024275,1,middle,,,,0,,0,0,0,0,0.0,7.0,7.0,0.0,0.0,JAC,ARI,0,3,3,3,3,3,0.0007406343538673479,0.0073808840540915,7.129732351578609e-05,0.0102437753475962,0.0662994058458178,0.0023471277139228,0.7325144085922225,0.0,0.0,6.500018926251138,0.4999810737488621,,,0.7057042104203006,0.2942957895796994,0.7220163468573687,0.2779836531426313,0.7057042104203006,0.016312136437068,,,2013
2012-12-16,2012121607.0,17.0,4,4.0,12:07,13,727.0,6.0,IND,3.0,97.0,15.0,-5.0,0.0,1.0,IND,HOU,"(12:07) P.McAfee punts 63 yards to HOU 34, Center-M.Overton. K.Martin to HOU 46 for 12 yards (J.Lefeged). PENALTY on IND, Unsportsmanlike Conduct, 15 yards, enforced at HOU 46. (The Penalty was called on the visiting coach.)",1,12.0,0,0,0,0,Punt,,,0,,,0.0,0.0,0,,0,,,0,,,,,0,J.Lefeged,0,0,0,1,0.0,17.0,22.0,-5.0,5.0,HOU,IND,0,3,3,3,3,3,0.0928833498904384,0.3174261986858458,0.009553273933919493,0.4330833142146459,0.0234898645051468,0.0029335798191946,0.1166109926577523,0.0,0.0,-3.1183934942559137,-0.5142250308157372,,,0.817792213266854,0.1822077867331459,0.8028986905027445,0.1971013094972554,0.1822077867331459,0.0148935227641095,,,2012
2010-11-07,2010110700.0,17.0,3,1.0,04:38,5,1178.0,10.0,DET,1.0,99.0,10.0,1.0,0.0,0.0,DET,NYJ,(4:38) J.Felton right tackle to DET 2 for 1 yard (B.Scott).,1,1.0,0,0,0,0,Run,,,0,,,0.0,0.0,0,,0,J.Felton,00-0026286,1,right,tackle,,,0,B.Scott,0,0,0,0,0.0,13.0,10.0,3.0,3.0,DET,NYJ,0,3,3,3,3,3,0.0236898173111838,0.232931717226851,0.009553273933919493,0.3568323186405237,0.1416269347619057,0.0029683783653745,0.2150809595678288,0.0,0.0,-1.313976852425616,-0.5511827245791661,,,0.53441422999467,0.4655857700053299,0.5150234781796876,0.4849765218203123,0.53441422999467,-0.0193907518149824,,,2010
2010-10-17,2010101710.0,1.0,1,2.0,12:36,13,3456.0,22.0,SF,26.0,26.0,6.0,64.0,0.0,0.0,OAK,SF,(12:36) M.Bush up the middle to SF 24 for 2 yards (J.Smith).,1,2.0,0,0,0,0,Run,,,0,,,0.0,0.0,0,,0,M.Bush,00-0025487,1,middle,,,,0,J.Smith,0,0,0,0,0.0,0.0,0.0,0.0,0.0,SF,OAK,0,3,3,3,3,3,0.0007278461582378358,0.0458383271736556,0.0001198368457080715,0.0714105349486087,0.4031268127500186,0.0030449085810119,0.4757317335427591,0.0,0.0,3.907963990358749,-0.4893199115798534,,,0.3945470442763913,0.6054529557236087,0.4095976079379955,0.5904023920620045,0.6054529557236087,-0.0150505636616041,,,2010
2009-10-04,2009100402.0,4.0,1,1.0,07:58,8,3178.0,8.0,OAK,14.0,86.0,10.0,2.0,0.0,0.0,OAK,HOU,(7:58) D.McFadden left tackle to OAK 16 for 2 yards (M.Williams).,1,2.0,0,0,0,0,Run,,,0,,,0.0,0.0,0,,0,D.McFadden,00-0026144,1,left,tackle,,,0,M.Williams,0,0,0,0,0.0,0.0,3.0,-3.0,3.0,HOU,OAK,0,3,3,3,3,3,0.0090525878425451,0.1964693110656844,0.009553273933919493,0.302684716747314,0.1917373947607255,0.0034024134412598,0.2862903532718415,0.0,0.0,-0.1428779121019237,-0.4541351901203594,,,0.6037967048218358,0.3962032951781641,0.6179152680440751,0.3820847319559248,0.3962032951781641,-0.0141185632222393,,,2009
2016-12-11,2016121111.0,9.0,2,1.0,05:21,6,2121.0,32.0,SEA,9.0,9.0,9.0,48.0,1.0,0.0,GB,SEA,"(5:21) (Shotgun) A.Rodgers pass short left to J.Nelson for 9 yards, TOUCHDOWN.",1,9.0,1,1,0,0,Pass,A.Rodgers,00-0023459,1,Complete,Short,8.0,0.0,0,left,0,,,0,,,J.Nelson,00-0026176,1,,0,0,0,0,0.0,14.0,3.0,11.0,11.0,GB,SEA,0,3,3,3,3,3,0.0517664898303821,0.0115098395730667,5.574993726445749e-06,0.0127970256082155,0.3344955889700032,0.0013422103114303,0.5880832707131756,0.0,0.0,4.998634234560937,2.001365765439063,0.992870011308705,1.008495754130358,0.9139082305454824,0.0860917694545174,0.937217000890852,0.0627829991091478,0.9139082305454824,0.0233087703453696,0.0121755089637607,0.0111332613816088,2016
2011-10-30,2011103002.0,20.0,4,1.0,14:33,15,873.0,20.0,TEN,7.0,7.0,7.0,75.0,1.0,0.0,IND,TEN,(14:33) D.Brown right tackle to TEN 5 for 2 yards (J.McCourty).,1,2.0,0,0,0,0,Run,,,0,,,0.0,0.0,0,,0,D.Brown,00-0027003,1,right,tackle,,,0,J.McCourty,0,0,0,0,0.0,3.0,19.0,-16.0,16.0,TEN,IND,0,3,3,3,3,3,0.0055205367782252,0.0117769877286627,7.5729228975521e-06,0.0136591168945524,0.3028289442189268,0.0015838157892726,0.6646230256674625,0.0,0.0,5.433055716613913,-0.1666363210272816,,,0.8667312538111864,0.1332687461888136,0.8712470549202956,0.1287529450797043,0.1332687461888136,-0.0045158011091092,,,2011
2011-12-26,2011122600.0,9.0,2,1.0,00:24,1,1824.0,0.0,ATL,20.0,80.0,10.0,5.0,0.0,0.0,ATL,NO,(:24) (Shotgun) M.Turner right tackle to ATL 25 for 5 yards (J.Galette).,1,5.0,0,0,0,0,Run,,,0,,,0.0,0.0,0,,0,M.Turner,00-0022821,1,right,tackle,,,0,J.Galette,0,0,0,0,0.0,10.0,21.0,-11.0,11.0,NO,ATL,0,2,0,2,0,2,0.4257920474265128,0.0420883609785795,0.0029336939924417,0.0305020039270333,0.0975641635133796,0.0004021724761968951,0.0875054284731478,0.0,0.0,0.560388336394712,0.029373950645975,,,0.8312297676142657,0.1687702323857343,0.8283781755419305,0.1716218244580695,0.1687702323857343,0.0028515920723351,,,2011
2016-11-06,2016110608.0,1.0,1,2.0,14:23,15,3563.0,2.0,NO,28.0,72.0,2.0,13.0,0.0,1.0,NO,SF,(14:23) T.Hightower left tackle to NO 33 for 5 yards (N.Bellore).,1,5.0,0,0,0,0,Run,,,0,,,0.0,0.0,0,,0,T.Hightower,00-0026289,1,left,tackle,,,0,N.Bellore,0,0,0,0,0.0,0.0,0.0,0.0,0.0,SF,NO,0,3,3,3,3,3,0.0015872068189976,0.1561749244471841,0.0031287526517953,0.2361532242818999,0.2167133240551746,0.0039139393601768,0.3823286283847716,0.0,0.0,1.206413400960836,0.3795809918225903,,,0.486249607483285,0.513750392516715,0.4731971951262762,0.5268028048737238,0.513750392516715,0.0130524123570088,,,2016
2011-10-16,2011101603.0,13.0,3,1.0,12:40,13,1660.0,0.0,PHI,20.0,80.0,10.0,59.0,0.0,1.0,PHI,WAS,(12:40) M.Vick pass deep left to J.Maclin to WAS 21 for 59 yards (L.Landry).,1,17.5,0,0,0,0,Pass,M.Vick,00-0020245,1,Complete,Deep,10.0,0.0,0,left,0,,,0,,,J.Maclin,00-0026995,1,L.Landry,0,0,0,0,0.0,20.0,6.0,14.0,14.0,WAS,PHI,0,3,3,3,3,3,0.002644971579986,0.1787438396302421,0.0065885031229699,0.2780877621485098,0.2144081921383603,0.0035696516601901,0.3159570797197414,0.0,0.0,0.3660405775974165,2.311291607352805,3.678619244275113,0.330014488639144,0.1052339245917228,0.8947660754082771,0.0555270533649094,0.9444729466350904,0.8947660754082771,0.0497068712268133,0.0457522982647967,0.0039545729620166,2011
2014-12-28,2014122809.0,5.0,1,1.0,06:44,7,3104.0,9.0,PIT,42.0,42.0,10.0,2.0,0.0,0.0,CIN,PIT,(6:44) J.Hill right guard to PIT 40 for 2 yards (C.Heyward).,1,2.0,0,0,0,0,Run,,,0,,,0.0,0.0,0,,0,J.Hill,00-0031301,1,right,guard,,,0,C.Heyward,0,0,0,0,0.0,0.0,6.0,-6.0,6.0,PIT,CIN,0,3,3,3,3,3,0.0044363341341503,0.066505811844219,0.0002455155048425308,0.1015156817996814,0.3377211153483875,0.0032397201012739,0.4863358212674452,0.0,0.0,3.5133752959797158,-0.3214168784099218,,,0.5808823612988487,0.4191176387011512,0.5911233474271254,0.4088766525728746,0.4191176387011512,-0.0102409861282766,,,2014
2015-10-01,2015100100.0,9.0,2,1.0,04:46,5,2086.0,8.0,PIT,33.0,67.0,10.0,10.0,0.0,1.0,PIT,BAL,(4:46) (Shotgun) M.Vick scrambles left end ran ob at PIT 43 for 10 yards.,1,10.0,0,0,0,0,Run,,,0,,,0.0,0.0,0,,0,M.Vick,00-0020245,1,left,end,,,0,,0,0,0,0,0.0,3.0,7.0,-4.0,4.0,PIT,BAL,0,3,3,3,3,3,0.337294049942881,0.084216833931899,0.0013871796446838,0.1241438149233465,0.1792380358529618,0.0022671050664903,0.2714529806377375,0.0,0.0,1.3179876166075375,0.5981630911603908,,,0.4103466703774858,0.5896533296225142,0.4287027130251055,0.5712972869748945,0.4103466703774858,0.0183560426476196,,,2015
2010-11-07,2010110704.0,13.0,3,1.0,00:05,1,905.0,42.0,CHI,48.0,52.0,10.0,27.0,0.0,0.0,CHI,BUF,(:05) J.Cutler pass incomplete deep right to G.Olsen (L.McKelvin). Receiver and breakup in flat at CHI 28.,1,0.0,0,0,0,0,Pass,J.Cutler,00-0024226,1,Incomplete Pass,Deep,10.0,0.0,0,right,0,,,0,,,G.Olsen,00-0025418,0,,0,0,0,0,0.0,14.0,13.0,1.0,1.0,BUF,CHI,0,3,3,3,3,3,0.0282933605119152,0.0852325095091272,0.0005723773077496095,0.1283378381275713,0.305499282918423,0.0032752274312456,0.4487894041939679,0.0,0.0,2.909366982939656,-2.3435852439389357,1.2591918948995775,-3.1387746044711373,0.382649801080408,0.617350198919592,,,0.617350198919592,,0.049954594021071,,2010
2011-09-18,2011091801.0,4.0,1,4.0,04:08,5,2948.0,43.0,BUF,42.0,58.0,20.5,27.0,0.0,1.0,BUF,OAK,"(4:08) B.Moorman punts 41 yards to OAK 17, Center-G.Sanborn. N.Miller to OAK 29 for 12 yards (G.Wilson, A.Williams).",1,12.0,0,0,0,0,Punt,,,0,,,0.0,0.0,0,,0,,,0,,,,,0,G.Wilson,0,0,0,0,0.0,0.0,0.0,0.0,0.0,BUF,OAK,0,3,3,3,3,3,0.0175969947771453,0.2239714632141755,0.0040476012564863,0.3201250667104291,0.2663479525724201,0.006114872387977125,0.1615490461173455,0.0,0.0,-0.978274127885828,-0.3893710962207786,,,0.4613098826145288,0.5386901173854712,0.4697149084226044,0.5302850915773956,0.4613098826145288,0.0084050258080756,,,2011
2014-11-02,2014110206.0,15.0,3,2.0,09:53,10,1493.0,43.0,WAS,40.0,60.0,14.0,6.0,0.0,0.0,WAS,MIN,(9:53) (Shotgun) R.Griffin pass short left to R.Helu to 50 for 10 yards (R.Blanton).,1,10.0,0,0,0,0,Pass,R.Griffin,00-0029665,1,Complete,Short,-4.0,0.0,0,left,0,,,0,,,R.Helu,00-0028043,1,R.Blanton,0,0,0,0,0.0,10.0,14.0,-4.0,4.0,MIN,WAS,0,3,3,3,3,3,0.003582630136579,0.1372506109417894,0.002119904774945,0.2148154706724561,0.2880659007872869,0.0039847491964675,0.3501807334904759,0.0,0.0,1.403732398105676,0.5885974494853046,-1.55893570327597,2.1475331527612744,0.6003234463884796,0.3996765536115204,0.5814247523230781,0.4185752476769219,0.3996765536115204,0.0188986940654014,-0.0544987362849695,0.05636049994176793,2014
2009-10-18,2009101800.0,19.0,3,3.0,01:42,2,1002.0,4.0,CIN,10.0,90.0,15.0,-5.0,0.0,0.0,CIN,HOU,(1:42) (Shotgun) C.Palmer pass incomplete short left to A.Caldwell.,1,0.0,0,0,0,0,Pass,C.Palmer,00-0021429,1,Incomplete Pass,Short,10.0,0.0,0,left,0,,,0,,,A.Caldwell,00-0026237,0,,0,0,0,0,0.0,17.0,28.0,-11.0,11.0,CIN,HOU,0,3,3,3,3,3,0.0377689139169249,0.2717897320425027,0.009553273933919493,0.4040498039940277,0.101388906810567,0.0038208643950416,0.1661656731690788,0.0,0.0,-2.198781874024079,-0.8810732426130432,-0.0081795662473607,-0.8728936763656825,0.0975284462906687,0.9024715537093312,0.0864498553831196,0.9135501446168804,0.0975284462906687,-0.0110785909075491,-0.00032144663984304267,-0.010757144267706,2009
2009-11-22,2009112213.0,25.0,4,3.0,03:25,4,205.0,7.0,PHI,28.0,72.0,1.0,10.0,0.0,0.0,PHI,CHI,(3:25) L.McCoy right guard to PHI 29 for 1 yard (A.Adams). Measurement.,1,1.0,0,0,0,0,Run,,,0,,,0.0,0.0,0,,0,L.McCoy,00-0027029,1,right,guard,,,0,A.Adams,0,0,0,0,0.0,24.0,20.0,4.0,4.0,CHI,PHI,0,3,2,3,2,3,0.4257920474265128,0.0909902071789684,0.0022412044030375,0.1274673258772467,0.0973522129351438,0.0015722927368172,0.2338088206652517,0.0,0.0,0.762138657452121,0.1650780468376531,,,0.2335485099282842,0.7664514900717158,0.2242067391580319,0.7757932608419681,0.7664514900717158,0.0093417707702523,,,2009
2010-10-10,2010101012.0,14.0,3,1.0,11:20,12,1580.0,32.0,SF,38.0,62.0,10.0,36.0,0.0,1.0,SF,PHI,"(11:20) F.Gore right tackle to PHI 46 for 16 yards (N.Allen, T.Cole).",1,16.0,0,0,0,0,Run,,,0,,,0.0,0.0,0,,0,F.Gore,00-0023500,1,right,tackle,,,0,N.Allen,0,0,0,0,0.0,10.0,17.0,-7.0,7.0,SF,PHI,0,3,3,3,3,3,0.0025054713365467,0.1189195930326562,0.0014757115983887,0.1839674427216766,0.2809733472982469,0.0036247852939425,0.4085336487185421,0.0,0.0,2.062422852165938,1.1796822637527118,,,0.320317616067433,0.679682383932567,0.3607345267780329,0.639265473221967,0.320317616067433,0.0404169107105999,,,2010
2015-10-18,2015101804.0,20.0,4,4.0,01:20,2,80.0,35.0,BUF,33.0,67.0,12.0,52.0,0.0,1.0,BUF,CIN,"(1:20) (No Huddle, Shotgun) E.Manuel pass deep right to C.Hogan to CIN 44 for 23 yards (R.Nelson, C.Carter). Caught near sideline at 50.",1,17.5,0,0,0,0,Pass,E.Manuel,00-0030526,1,Complete,Deep,10.0,0.0,0,right,0,,,0,,,C.Hogan,00-0028237,1,R.Nelson,0,0,0,0,0.0,21.0,34.0,-13.0,13.0,BUF,CIN,0,0,0,3,0,3,0.4257920474265128,0.0810320418748144,0.0031809875739322,0.0557096744870615,0.086784295211496,0.0008501133583219636,0.0659062519912756,0.0,0.0,0.0839710541083227,2.0498249254861776,1.7981842622969906,0.251640663189187,0.0057358298862136,0.9942641701137864,0.0072688547420757,0.9927311452579242,0.0057358298862136,0.0015330248558621,0.0020903861929976,-0.0005573613371355288,2015
2011-10-02,2011100213.0,10.0,2,2.0,02:59,3,1979.0,0.0,SD,30.0,30.0,15.0,-11.0,0.0,0.0,MIA,SD,(2:59) M.Moore sacked at SD 36 for -6 yards (L.English).,1,-6.0,0,0,0,0,Sack,,00-0025708,0,,,0.0,0.0,1,,0,,,0,,,,,0,L.English,0,1,0,0,0.0,7.0,10.0,-3.0,3.0,SD,MIA,0,2,2,2,2,2,0.23585584959035,0.0405966712377125,0.00014657801883303506,0.060946711430978,0.3176881172778369,0.0023048313769571,0.3424612410673321,0.0,0.0,2.8061925522911,-1.2314007987334756,,,0.5157987954471019,0.484201204552898,0.5553740945652155,0.4446259054347846,0.484201204552898,-0.0395752991181134,,,2011
2013-12-08,2013120811.0,4.0,1,2.0,09:06,10,3246.0,5.0,MID,50.0,50.0,10.0,7.0,0.0,0.0,SD,NYG,"(9:06) (Shotgun) P.Rivers pass short left to E.Royal to NYG 43 for 7 yards (T.Thomas, J.Beason) [J.Tuck].",1,7.0,0,0,0,0,Pass,P.Rivers,00-0022942,1,Complete,Short,4.0,0.0,1,left,0,,,0,,,E.Royal,00-0026182,1,,0,0,0,0,0.0,0.0,0.0,0.0,0.0,SD,NYG,0,3,3,3,3,3,0.0034019112346459,0.1017413626801643,0.0009173379131522296,0.1581521504722387,0.3288625255055163,0.0037871692858822,0.4031375429084,0.0,0.0,2.4020008982746446,0.2517680736919301,-0.3309870194431465,0.5827550931350767,0.5626239720625037,0.4373760279374963,0.5719418340505226,0.4280581659494774,0.5626239720625037,0.0093178619880188,-0.0101549973554356,0.0194728593434545,2013
2011-10-30,2011103007.0,20.0,4,1.0,09:59,10,599.0,5.0,WAS,34.0,66.0,10.0,8.0,0.0,0.0,WAS,BUF,"(9:59) (Shotgun) J.Beck pass short right to R.Helu to WAS 42 for 8 yards (G.Wilson). Screen pass, caught at WAS 34.",1,8.0,0,0,0,0,Pass,J.Beck,00-0025427,1,Complete,Short,0.0,0.0,0,right,0,,,0,,,R.Helu,00-0028043,1,G.Wilson,0,0,0,0,0.0,0.0,20.0,-20.0,20.0,BUF,WAS,0,3,2,3,2,3,0.123999113356392,0.1102055251398911,0.0017166582693923,0.1643664419437746,0.238677742196954,0.0030422063707196,0.3579923127228762,0.0,0.0,1.743448842827554,0.7008480767691831,-0.6333900601811144,1.3342381369502976,0.9680922983069384,0.0319077016930615,0.963138677385138,0.0368613226148618,0.0319077016930615,0.0049536209218002,-0.0043875284226673,0.0093411493444675,2011
2012-01-01,2012010103.0,17.0,4,1.0,13:53,14,833.0,7.0,PIT,41.0,59.0,10.0,-3.0,0.0,0.0,PIT,CLE,(13:53) (Shotgun) B.Roethlisberger pass short middle to H.Ward to PIT 38 for -3 yards (D.Jackson).,1,-3.0,0,0,0,0,Pass,B.Roethlisberger,00-0022924,1,Complete,Short,-2.0,0.0,0,middle,0,,,0,,,H.Ward,00-0017162,1,D.Jackson,0,0,0,0,0.0,13.0,9.0,4.0,4.0,CLE,PIT,0,3,2,3,2,3,0.0445941730058377,0.1013914755252468,0.0010382312339802,0.15240988092731,0.2810400874914845,0.0033036461555758,0.4162225056605648,0.0,0.0,2.390165038874688,-1.0175997932696073,-0.8916343162781422,-0.1259654769914651,0.2846673286048733,0.7153326713951267,0.3217889479650088,0.6782110520349912,0.7153326713951267,-0.0371216193601354,-0.03448706850531,-0.0026345508548254,2011
2009-12-27,2009122708.0,15.0,3,2.0,06:59,7,1319.0,0.0,DEN,18.0,82.0,15.0,-12.0,0.0,0.0,DEN,PHI,(6:59) K.Orton sacked at DEN 11 for -7 yards (D.Howard).,1,-7.0,0,0,0,0,Sack,,00-0023541,0,,,0.0,0.0,1,,0,,,0,,,,,0,D.Howard,0,1,0,0,0.0,10.0,27.0,-17.0,17.0,PHI,DEN,0,3,3,3,3,3,0.010666563821234,0.2143724140968964,0.009553273933919493,0.3322012924277208,0.1831774957061973,0.0037549193969313,0.246183496073398,0.0,0.0,-0.7074871278137389,-1.7355267200538411,,,0.9426877007388637,0.0573122992611363,0.9594149501533438,0.0405850498466562,0.0573122992611363,-0.0167272494144801,,,2009
2011-12-05,2011120500.0,17.0,4,2.0,15:00,15,900.0,0.0,JAC,36.0,64.0,9.0,5.0,0.0,0.0,JAC,SD,(15:00) B.Gabbert scrambles right end ran ob at JAC 40 for 4 yards.,1,4.0,0,0,0,0,Run,,,0,,,0.0,0.0,0,,0,B.Gabbert,00-0027948,1,right,end,,,0,,0,0,0,0,0.0,14.0,31.0,-17.0,17.0,JAC,SD,0,3,3,3,3,3,0.0409636949254007,0.1367820399962418,0.002360578428187,0.2071568803632447,0.2585127210103162,0.0037184128262247,0.3505056724503848,0.0,0.0,1.3713492564482794,-0.2409436472085304,,,0.0662773398493427,0.9337226601506572,0.0661943420964785,0.9338056579035212,0.0662773398493427,-8.299775286416122e-05,,,2011
2011-11-06,2011110607.0,24.0,4,,05:25,6,325.0,28.0,OAK,20.0,20.0,0.0,-9.0,0.0,0.0,,,Timeout #1 by DEN at 05:25.,1,0.0,0,0,0,0,Timeout,,,0,,,0.0,0.0,0,,0,,,0,,,,,0,,0,0,0,0,0.0,,,,,OAK,DEN,1,3,2,3,2,2,0.0,0.0,0.0,0.0,0.0,0.0,0.0,0.0,0.0,0.0,0.0,,,,,,,,0.0,,,2011
2011-09-11,2011091103.0,2.0,1,2.0,07:36,8,3156.0,40.0,TEN,25.0,25.0,4.0,42.0,0.0,1.0,JAC,TEN,(7:36) M.Jones-Drew right end to TEN 21 for 4 yards (B.Ruud).,1,4.0,0,0,0,0,Run,,,0,,,0.0,0.0,0,,0,M.Jones-Drew,00-0024275,1,right,end,,,0,B.Ruud,0,0,0,0,0.0,0.0,0.0,0.0,0.0,JAC,TEN,0,3,3,3,3,3,0.002305220181231,0.0412168708145461,9.559954087681942e-05,0.0629456423648949,0.3929324124981422,0.0028698727792256,0.4976343818210831,0.0,0.0,4.103516347720803,0.2987677373002153,,,0.6217163560738147,0.3782836439261853,0.633079966983481,0.366920033016519,0.6217163560738147,0.0113636109096663,,,2011
2012-09-09,2012090900.0,24.0,4,,10:20,11,620.0,0.0,IND,35.0,35.0,0.0,0.0,0.0,0.0,CHI,IND,"P.McAfee kicks 65 yards from IND 35 to end zone, Touchback.",1,0.0,0,0,0,0,Kickoff,,,0,,,0.0,0.0,0,,0,,,0,,,,,0,,0,0,0,0,0.0,34.0,20.0,14.0,14.0,CHI,IND,0,2,2,2,2,2,0.1488604223130444,0.1472996917160956,0.0053476141031383,0.2203177890858399,0.1887867171310734,0.0029259595631004,0.2864618060877076,0.0,0.0,0.5826258861779312,0.0,,,0.9281245888958768,0.0718754111041231,0.9281245888958768,0.0718754111041231,0.9281245888958768,0.0,,,2012
2014-11-02,2014110210.0,19.0,3,1.0,04:39,5,1179.0,31.0,BAL,35.0,65.0,10.0,5.0,0.0,1.0,BAL,PIT,"(4:39) J.Flacco pass incomplete short right to S.Smith. Coverage by 25-McCain, Pressure by 97-Heyward. PENALTY on BAL-K.Osemele, Offensive Holding, 10 yards, enforced at BAL 35 - No Play.",1,0.0,0,0,0,0,No Play,J.Flacco,,1,Incomplete Pass,Short,0.0,0.0,0,right,0,,,0,,,S.Smith,,0,,0,0,0,1,0.0,10.0,22.0,-12.0,12.0,PIT,BAL,0,3,1,3,1,3,0.0133003016861443,0.1244470333471827,0.0018403714311907,0.1897006532666647,0.2696416581307684,0.0035276066821025,0.3975423754559465,0.0,0.0,1.8938504001775531,-1.2948323236070811,,,0.8476337663421514,0.1523662336578486,0.8719101048331109,0.128089895166889,0.1523662336578486,-0.0242763384909595,,,2014
2013-09-22,2013092206.0,9.0,2,2.0,03:16,4,1996.0,0.0,NE,45.0,55.0,15.0,62.0,0.0,1.0,NE,TB,"(3:16) (Shotgun) T.Brady pass incomplete deep middle to K.Thompkins. PENALTY on TB-L.David, Illegal Contact, 5 yards, enforced at NE 45 - No Play.",1,0.0,0,0,0,0,No Play,T.Brady,,1,Incomplete Pass,Deep,0.0,0.0,0,middle,0,,,0,,,K.Thompkins,,0,,0,0,0,1,0.0,7.0,3.0,4.0,4.0,NE,TB,0,3,3,3,3,3,0.3685839466562979,0.0723674229351368,0.0008718385096243407,0.1081161791643409,0.2019911067930369,0.0023279083606222,0.245741597580941,0.0,0.0,1.355161120191897,0.854976584845853,,,0.6701819478741032,0.3298180521258967,0.7004478597048378,0.2995521402951622,0.6701819478741032,0.0302659118307345,,,2013
2009-11-08,2009110808.0,24.0,4,1.0,04:29,5,269.0,5.0,SEA,30.0,70.0,20.0,1.0,0.0,0.0,SEA,DET,(4:29) J.Jones left guard to SEA 41 for 11 yards (K.Simpson).,1,11.0,0,0,0,0,Run,,,0,,,0.0,0.0,0,,0,J.Jones,00-0022840,1,left,guard,,,0,K.Simpson,0,0,0,0,0.0,25.0,20.0,5.0,5.0,SEA,DET,0,3,3,3,3,3,0.363369472848698,0.093143854046472,0.0018749611198316,0.1372000595252992,0.1811307939571739,0.0025363815550901,0.220744476947435,0.0,0.0,0.8500945825575739,0.483235092960806,,,0.7870979550404651,0.2129020449595349,0.8179710666061415,0.1820289333938585,0.7870979550404651,0.0308731115656764,,,2009
2017-01-01,2017010108.0,12.0,2,1.0,00:42,1,1842.0,26.0,CLE,11.0,11.0,10.0,26.0,0.0,0.0,PIT,CLE,"(:42) (No Huddle, Shotgun) L.Jones pass incomplete short right to D.Ayers. Coverage 23-Haden.",1,0.0,0,0,0,0,Pass,L.Jones,00-0030524,1,Incomplete Pass,Short,10.0,0.0,0,right,0,,,0,,,D.Ayers,00-0032365,0,,0,0,0,0,0.0,0.0,14.0,-14.0,14.0,PIT,CLE,0,1,1,2,1,2,0.238623019500158,0.01311219989565,1.4143562917214744e-05,0.0094132314654601,0.4002806359563849,0.000634721948664147,0.3379220476707653,0.0,0.0,3.4623081783908347,-0.3149685451942554,3.5376918216091653,-3.1387746044711373,0.1737165794897344,0.8262834205102656,0.1671818500250563,0.8328181499749436,0.1737165794897344,-0.006534729464678,0.094971856438234,-0.06361267904339468,2016
2009-09-14,2009091401.0,20.0,4,3.0,03:58,4,238.0,47.0,OAK,47.0,53.0,3.0,13.0,0.0,0.0,OAK,SD,"(3:58) (Shotgun) PENALTY on OAK-C.Green, False Start, 5 yards, enforced at OAK 47 - No Play.",1,0.0,0,0,0,0,No Play,,,0,,,0.0,0.0,0,,0,,,0,,,,,0,,0,0,0,1,0.0,13.0,17.0,-4.0,4.0,OAK,SD,0,3,3,2,3,2,0.3312970654090982,0.0772865817425457,0.0008586309386222997,0.1133844434612401,0.1994078225923077,0.002421206833971,0.2753442490222147,0.0,0.0,1.5032075132668057,-0.7057502770569756,,,0.3492206558844308,0.6507793441155691,0.3104265171171487,0.6895734828828513,0.3492206558844308,-0.0387941387672821,,,2009
2011-11-20,2011112009.0,16.0,3,3.0,12:10,13,1630.0,27.0,SEA,38.0,38.0,9.0,42.0,0.0,0.0,STL,SEA,"(12:10) (No Huddle, Shotgun) S.Bradford pass incomplete short right to B.Gibson.",1,0.0,0,0,0,0,Pass,S.Bradford,00-0027854,1,Incomplete Pass,Short,10.0,0.0,0,right,0,,,0,,,B.Gibson,00-0026937,0,,0,0,0,0,0.0,7.0,10.0,-3.0,3.0,STL,SEA,0,3,3,3,3,3,0.0013151767710589,0.0894102998101964,0.0005418485027837181,0.1438958442868232,0.4193570664085763,0.0046113081956334,0.3408684560249278,0.0,0.0,2.3767875013475708,-1.3111922542534593,1.7516679081520907,-3.06286016240555,0.4677340606256334,0.5322659393743665,0.4253368154919265,0.5746631845080734,0.4677340606256334,-0.0423972451337069,0.0552044222551226,-0.06361267904339468,2011
2010-11-21,2010112104.0,22.0,4,,02:55,3,175.0,5.0,JAC,18.0,18.0,0.0,64.0,0.0,0.0,,,Timeout #2 by JAC at 02:55.,1,0.0,0,0,0,0,Timeout,,,0,,,0.0,0.0,0,,0,,,0,,,,,0,,0,0,0,0,0.0,,,,,JAC,CLE,1,0,2,0,1,0,0.0,0.0,0.0,0.0,0.0,0.0,0.0,0.0,0.0,0.0,0.0,,,,,,,,0.0,,,2010
2010-11-14,2010111409.0,9.0,2,1.0,07:28,8,2248.0,0.0,ARI,20.0,80.0,10.0,2.0,0.0,0.0,ARI,SEA,(7:28) D.Anderson pass short right to L.Fitzgerald to ARI 22 for 2 yards (L.Tatupu).,1,2.0,0,0,0,0,Pass,D.Anderson,00-0023645,1,Complete,Short,1.0,0.0,0,right,0,,,0,,,L.Fitzgerald,00-0022921,1,L.Tatupu,0,0,0,0,0.0,10.0,17.0,-7.0,7.0,ARI,SEA,0,3,3,2,3,2,0.2590155095443771,0.1274585263463678,0.0046156832525468,0.1894035154490055,0.1651561825639542,0.0025295910400877,0.2518209918036607,0.0,0.0,0.5458431187104267,-0.3434572355224976,-0.4632939129919302,0.1198366774694326,0.2932298747429677,0.7067701252570323,0.2830771882273025,0.7169228117726976,0.2932298747429677,-0.0101526865156651,-0.015051709597881,0.0048990230822158,2010
2009-12-13,2009121305.0,5.0,2,2.0,13:11,14,2591.0,41.0,JAC,48.0,48.0,8.0,33.0,0.0,0.0,MIA,JAC,(13:11) C.Henne pass short right to L.Hilliard to JAC 41 for 7 yards (R.Allen).,1,7.0,0,0,0,0,Pass,C.Henne,00-0026197,1,Complete,Short,-1.0,0.0,0,right,0,,,0,,,L.Hilliard,00-0026344,1,R.Allen,0,0,0,0,0.0,7.0,0.0,7.0,7.0,JAC,MIA,0,3,3,3,3,3,0.0426851535838978,0.0869833540927485,0.0006798517005250511,0.1313225717887039,0.3218941444083085,0.0034254343426283,0.4130094900831876,0.0,0.0,2.6820319642922725,0.6450551114945684,-0.9798976048008804,1.624952716295449,0.2125763360730598,0.7874236639269402,0.1955269496036714,0.8044730503963285,0.7874236639269402,0.0170493864693883,-0.0271894022200784,0.0442387886894668,2009
2012-11-19,2012111900.0,12.0,2,,00:00,0,1800.0,12.0,CHI,19.0,19.0,0.0,20.0,0.0,0.0,,,END QUARTER 2,1,0.0,0,0,0,0,Quarter End,,,0,,,0.0,0.0,0,,0,,,0,,,,,0,,0,0,0,0,0.0,,,,,SF,CHI,0,1,1,1,1,1,0.0,0.0,0.0,0.0,0.0,0.0,0.0,0.0,0.0,0.0,0.0,,,,,,,,0.0,,,2012
2015-11-01,2015110109.0,3.0,1,,01:56,2,2816.0,0.0,OAK,35.0,35.0,0.0,0.0,0.0,,NYJ,OAK,"S.Janikowski kicks 65 yards from OAK 35 to end zone, Touchback.",1,0.0,0,0,0,0,Kickoff,,,0,,,0.0,0.0,0,,0,,,0,,,,,0,,0,0,0,0,0.0,3.0,7.0,-4.0,4.0,OAK,NYJ,0,3,3,3,3,3,0.0342838896655273,0.1694302650714789,0.0061867322184719,0.2572474266232137,0.2117434225496671,0.0033724382552584,0.3177358256163823,0.0,0.0,0.5447296774603181,0.0,,,0.6279861563650669,0.372013843634933,0.6279861563650669,0.372013843634933,0.372013843634933,0.0,,,2015
2010-12-12,2010121205.0,1.0,1,4.0,14:11,15,3551.0,6.0,DET,15.0,85.0,3.0,7.0,0.0,1.0,DET,GB,"(14:11) N.Harris punts 39 yards to GB 46, Center-D.Muhlbach, fair catch by T.Williams.",1,0.0,0,0,0,0,Punt,,,0,,,0.0,0.0,0,,0,,,0,,,,,0,,0,0,0,0,0.0,0.0,0.0,0.0,0.0,DET,GB,0,3,3,3,3,3,0.0016695460574615,0.3012832552176455,0.008420223802344,0.4506327085285972,0.0405496556062719,0.0039204570675666,0.1935241537201132,0.0,0.0,-2.5909602159630643,-0.0665119145935673,,,0.4015529447193769,0.5984470552806231,0.4404820439603981,0.559517956039602,0.4015529447193769,0.0389290992410212,,,2010
2009-12-17,2009121700.0,3.0,2,2.0,08:34,9,2314.0,37.0,IND,9.0,9.0,9.0,61.0,1.0,0.0,JAC,IND,"(8:34) D.Garrard pass short right to M.Jones-Drew for 9 yards, TOUCHDOWN.",1,9.0,1,1,0,0,Pass,D.Garrard,00-0021231,1,Complete,Short,9.0,0.0,0,right,0,,,0,,,M.Jones-Drew,00-0024275,1,,0,0,0,0,0.0,3.0,7.0,-4.0,4.0,JAC,IND,0,3,3,3,3,3,0.0274860597944,0.0143135774846162,1.7005941979770692e-05,0.016426021894254,0.4197209607444841,0.0015199426901778,0.5205164314500879,0.0,0.0,4.747860890166836,2.252139109833164,2.252139109833164,0.0,0.5109518973574727,0.4890481026425273,0.5827457720310848,0.4172542279689152,0.5109518973574727,0.05888471184731932,0.071793874673612,0.0,2009
2013-09-22,2013092211.0,3.0,1,1.0,09:51,10,3291.0,7.0,IND,31.0,69.0,10.0,8.0,0.0,0.0,IND,SF,(9:51) A.Luck pass short left to T.Hilton to IND 39 for 8 yards (N.Bowman). Caught at IND 38.  1-yd YAC,1,8.0,0,0,0,0,Pass,A.Luck,00-0029668,1,Complete,Short,7.0,0.0,0,left,0,,,0,,,T.Hilton,00-0029608,1,N.Bowman,0,0,0,0,0.0,7.0,0.0,7.0,7.0,SF,IND,0,3,3,3,3,3,0.0041951702614713,0.1402590760660097,0.0026533022290507,0.2164717351609899,0.2565515825278315,0.0036247468656944,0.3762443868889524,0.0,0.0,1.4692289707544903,0.8128079474446144,0.5190390538072187,0.2937688936373956,0.2365825444284719,0.7634174555715281,0.2130733069141211,0.7869266930858788,0.7634174555715281,0.0235092375143507,0.0147537074347151,0.0087555300796355,2013
2015-11-01,2015110102.0,16.0,3,1.0,02:36,3,1056.0,7.0,PIT,12.0,88.0,10.0,6.0,0.0,0.0,PIT,CIN,(2:36) De.Williams left end pushed ob at PIT 18 for 6 yards (A.Jones).,1,6.0,0,0,0,0,Run,,,0,,,0.0,0.0,0,,0,De.Williams,00-0024242,1,left,end,,,0,A.Jones,0,0,0,0,0.0,10.0,6.0,4.0,4.0,PIT,CIN,0,3,3,3,3,3,0.0333849210785853,0.196557121580282,0.009553273933919493,0.2992379662796344,0.1816936476430086,0.0032421760020473,0.2742395823972731,0.0,0.0,-0.2363839270225938,0.2956830545369242,,,0.609061922252941,0.390938077747059,0.6206937561814568,0.3793062438185431,0.609061922252941,0.0116318339285158,,,2015
2014-11-30,2014113003.0,18.0,3,,10:05,11,1505.0,0.0,IND,35.0,35.0,0.0,0.0,0.0,,WAS,IND,"P.McAfee kicks 65 yards from IND 35 to end zone, Touchback.",1,0.0,0,0,0,0,Kickoff,,,0,,,0.0,0.0,0,,0,,,0,,,,,0,,0,0,0,0,0.0,17.0,28.0,-11.0,11.0,IND,WAS,0,2,2,2,2,2,0.0049276981783108,0.1774434138011593,0.00652577781999,0.2744490069431037,0.2149593888835756,0.0035408508799348,0.3181538634939255,0.0,0.0,0.4125120672228908,0.0,,,0.8388367134683297,0.1611632865316702,0.8388367134683297,0.1611632865316702,0.1611632865316702,0.0,,,2014
2016-09-11,2016091102.0,22.0,4,3.0,05:28,6,328.0,5.0,CHI,32.0,68.0,4.0,-2.0,0.0,0.0,CHI,HOU,(5:28) (Shotgun) J.Cutler sacked at CHI 24 for -8 yards (J.Simon).,1,-8.0,0,0,0,0,Sack,,00-0024226,0,,,0.0,0.0,1,,0,,,0,,,,,0,J.Simon,0,1,0,0,0.0,14.0,23.0,-9.0,9.0,HOU,CHI,0,2,2,2,2,2,0.3214175870637128,0.1194627235891695,0.0025246655347364,0.1735272078749971,0.1450479665408096,0.0026101636500574,0.235409685746517,0.0,0.0,0.5101040701862012,-1.8176119009438951,,,0.8685235790031847,0.1314764209968153,0.915750492982396,0.0842495070176039,0.1314764209968153,-0.0472269139792113,,,2016
2013-12-02,2013120200.0,19.0,4,1.0,08:08,9,488.0,42.0,SEA,35.0,65.0,10.0,17.0,0.0,0.0,SEA,NO,(8:08) R.Turbin up the middle to SEA 39 for 4 yards (T.Johnson).,1,4.0,0,0,0,0,Run,,,0,,,0.0,0.0,0,,0,R.Turbin,00-0029273,1,middle,,,,0,T.Johnson,0,0,0,0,0.0,27.0,7.0,20.0,20.0,SEA,NO,0,3,3,1,3,1,0.17751194475026,0.1003555194233493,0.0014691924880624,0.1490259396164029,0.2272228745703372,0.0028345877969059,0.341579941354682,0.0,0.0,1.731210868226604,-0.1085226984460387,,,0.9887599616614168,0.0112400383385832,0.9893738510462076,0.0106261489537923,0.9887599616614168,0.0006138893847908999,,,2013
2015-10-11,2015101106.0,18.0,4,1.0,04:37,5,277.0,7.0,TEN,33.0,67.0,10.0,17.0,0.0,0.0,TEN,BUF,(4:37) (Shotgun) B.Sankey right guard to TEN 32 for -1 yards (J.Hughes; Ky.Williams).,1,-1.0,0,0,0,0,Run,,,0,,,0.0,0.0,0,,0,B.Sankey,00-0031413,1,right,guard,,,0,J.Hughes,0,0,0,0,0.0,13.0,14.0,-1.0,1.0,TEN,BUF,0,1,1,2,1,2,0.3454153840490286,0.0831490706480763,0.0013694119177788,0.1225280632443747,0.1770669651802335,0.0022382571889446,0.2682328477715633,0.0,0.0,1.3034248658291228,-0.6137983474063644,,,0.5276467842594607,0.4723532157405393,0.4960988532551481,0.5039011467448519,0.5276467842594607,-0.0315479310043125,,,2015
2011-10-09,2011100905.0,16.0,2,,00:00,0,1800.0,45.0,ARI,48.0,48.0,0.0,39.0,0.0,0.0,,,END QUARTER 2,1,0.0,0,0,0,0,Quarter End,,,0,,,0.0,0.0,0,,0,,,0,,,,,0,,0,0,0,0,0.0,,,,,MIN,ARI,0,0,0,0,0,0,0.0,0.0,0.0,0.0,0.0,0.0,0.0,0.0,0.0,0.0,0.0,,,,,,,,0.0,,,2011
2009-09-20,2009092002.0,6.0,2,4.0,13:53,14,2633.0,30.0,CIN,39.0,61.0,19.0,19.0,0.0,1.0,CIN,GB,"(13:53) K.Huber punts 61 yards to end zone, Center-B.St. Louis, Touchback. PENALTY on GB-D.Bishop, Offensive Holding, 10 yards, enforced at GB 20.",1,0.0,0,0,0,0,Punt,,,0,,,0.0,0.0,0,,0,,,0,,,,,0,,0,0,0,1,0.0,7.0,14.0,-7.0,7.0,GB,CIN,0,3,3,3,3,3,0.0624446488341482,0.2246612370818473,0.0041692248024345,0.3194141832807055,0.2108879532804196,0.00583540956743,0.1725873431530147,0.0,0.0,-1.0657753627681277,1.4075337363866725,,,0.7817187042827525,0.2182812957172475,0.6931512351025564,0.3068487648974436,0.2182812957172475,0.05888471184731932,,,2009
2011-11-20,2011112008.0,21.0,4,2.0,12:05,13,725.0,42.0,SF,48.0,52.0,8.0,9.0,0.0,0.0,SF,ARI,(12:05) K.Hunter right end to SF 49 for 1 yard (S.Bradley).,1,1.0,0,0,0,0,Run,,,0,,,0.0,0.0,0,,0,K.Hunter,00-0028053,1,right,end,,,0,S.Bradley,0,0,0,0,0.0,23.0,0.0,20.5,23.0,SF,ARI,0,2,2,2,2,2,0.0606809840389842,0.0955316553437426,0.0009045232298319272,0.14374159213514,0.3010850079883094,0.0034339724121114,0.3946222648518804,0.0,0.0,2.3778836653154416,-0.7139352586068868,,,0.996638354742429,0.0033616452575709,0.9954995635734551,0.0045004364265447,0.996638354742429,-0.0011387911689737,,,2011
2013-10-06,2013100602.0,7.0,2,2.0,03:04,4,1984.0,43.0,DET,15.0,85.0,6.0,9.0,0.0,0.0,DET,GB,(3:04) R.Bush up the middle to DET 20 for 5 yards (C.Matthews).,1,5.0,0,0,0,0,Run,,,0,,,0.0,0.0,0,,0,R.Bush,00-0024217,1,middle,,,,0,C.Matthews,0,0,0,0,0.0,0.0,6.0,-6.0,6.0,GB,DET,0,3,3,3,3,3,0.4257920474265128,0.0983670694371765,0.0043215661439635,0.143064242357849,0.0836093920184263,0.0016964331294992,0.136974012562384,0.0,0.0,-0.0921549068534343,0.3846876895479059,,,0.7104444119439741,0.2895555880560259,0.6986700704439823,0.3013299295560177,0.2895555880560259,0.0117743414999917,,,2013
2012-12-30,2012123007.0,17.0,4,2.0,07:58,8,478.0,41.0,WAS,33.0,67.0,2.0,3.0,0.0,0.0,WAS,DAL,"(7:58) (Shotgun) PENALTY on WAS-T.Williams, False Start, 5 yards, enforced at WAS 33 - No Play.",1,0.0,0,0,0,0,No Play,,,0,,,0.0,0.0,0,,0,,,0,,,,,0,,0,0,0,1,0.0,21.0,10.0,11.0,11.0,WAS,DAL,0,3,3,3,3,3,0.19926687826314,0.1048215344400665,0.0016196360903109,0.1511399590647049,0.1939587671829371,0.0029236766820146,0.3462695482768257,0.0,0.0,1.6359269038968645,-0.9189921149402682,,,0.9146237112600196,0.0853762887399803,0.9035348582882397,0.0964651417117603,0.9146237112600196,-0.0110888529717799,,,2012
2015-12-06,2015120606.0,7.0,2,2.0,08:12,9,2292.0,7.0,SEA,2.0,98.0,10.0,9.0,0.0,0.0,SEA,MIN,"(8:12) R.Wilson pass short right to T.Lockett to SEA 11 for 9 yards (C.Greenway). Seattle challenged the first down ruling, and the play was Upheld. The ruling on the field stands. (Timeout #1.)",1,9.0,0,0,0,0,Pass,R.Wilson,00-0029263,1,Complete,Short,5.0,0.0,0,right,0,,,0,,,T.Lockett,00-0032211,1,C.Greenway,0,0,1,0,0.0,7.0,0.0,7.0,7.0,MIN,SEA,1,3,3,3,3,2,0.2722455534919988,0.1906421285196981,0.009553273933919493,0.2828233891992853,0.090655540126231,0.002371992918335,0.144131465488863,0.0,0.0,-1.3003191058278647,1.0562680679289185,-0.0350818751583279,1.0913499430872464,0.3213053687328939,0.678694631267106,0.2950501057292226,0.7049498942707774,0.678694631267106,0.0262552630036713,-0.000807933458499388,0.0270631964621707,2015
2010-12-05,2010120501.0,20.0,4,2.0,11:14,12,674.0,53.0,CLE,13.0,13.0,5.0,69.0,0.0,0.0,MIA,CLE,(11:14) Direct snap to R.Brown.  R.Brown up the middle to CLE 11 for 2 yards (C.Gocong).,1,2.0,0,0,0,0,Run,,,0,,,0.0,0.0,0,,0,R.Brown,00-0023437,1,middle,,,,0,C.Gocong,0,0,0,0,0.0,3.0,10.0,-7.0,7.0,MIA,CLE,0,3,3,3,3,3,0.0233432368863534,0.0259222804014145,3.464419539620358e-05,0.0388678305396272,0.4183974022775905,0.0023291270481411,0.4911054786514771,0.0,0.0,4.347677868116967,-0.51414895958776,,,0.3739628847700075,0.6260371152299925,0.3526477321858516,0.6473522678141483,0.3739628847700075,-0.0213151525841558,,,2010
2010-11-14,2010111401.0,10.0,3,3.0,12:11,13,1631.0,7.0,NYJ,49.0,51.0,7.0,36.0,0.0,1.0,NYJ,CLE,(12:11) (Shotgun) S.Greene right guard to CLE 41 for 10 yards (M.Adams). 16 Smith at qb,1,10.0,0,0,0,0,Run,,,0,,,0.0,0.0,0,,0,S.Greene,00-0026899,1,right,guard,,,0,M.Adams,0,0,0,0,0.0,17.0,13.0,4.0,4.0,CLE,NYJ,0,3,3,3,3,3,0.0018018842497865,0.1283974849313376,0.0013495468753667,0.2023251108709401,0.3220003276100784,0.0046208100834918,0.3395048353789985,0.0,0.0,1.547609126008881,1.9779508101896892,,,0.3230314398704218,0.6769685601295782,0.2540727020512178,0.7459272979487822,0.6769685601295782,0.05888471184731932,,,2010
2016-09-12,2016091200.0,3.0,1,3.0,07:33,8,3153.0,3.0,PIT,23.0,23.0,2.0,50.0,0.0,1.0,WAS,PIT,(7:33) (Shotgun) K.Cousins pass short right to D.Jackson to PIT 17 for 6 yards (R.Cockrell).,1,6.0,0,0,0,0,Pass,K.Cousins,00-0029604,1,Complete,Short,6.0,0.0,0,right,0,,,0,,,D.Jackson,00-0026189,1,R.Cockrell,0,0,0,0,0.0,0.0,0.0,0.0,0.0,WAS,PIT,0,3,3,3,3,3,0.0024009877475006,0.0430882618355472,0.0001350685287251364,0.0679431784916443,0.4587933788895164,0.002838700723686,0.4248004237833801,0.0,0.0,3.75052333259398,0.7673161074786097,0.7673161074786097,0.0,0.6097879552275084,0.3902120447724916,0.6371422231507102,0.3628577768492897,0.6097879552275084,0.0273542679232018,0.0273542679232018,0.0,2016
2013-10-27,2013102700.0,22.0,4,2.0,09:25,10,565.0,42.0,DAL,34.0,34.0,8.0,54.0,0.0,1.0,DET,DAL,(9:25) (Shotgun) M.Stafford pass short left to R.Bush to DAL 26 for 8 yards (O.Scandrick).,1,8.0,0,0,0,0,Pass,M.Stafford,00-0026498,1,Complete,Short,3.0,0.0,0,left,0,,,0,,,R.Bush,00-0024217,1,O.Scandrick,0,0,0,0,0.0,10.0,20.0,-10.0,10.0,DET,DAL,0,3,3,2,3,2,0.0685007489387881,0.0538280413640388,0.00021357833698456872,0.08082293338383,0.3597458977515182,0.0029105158826121,0.433978284342228,0.0,0.0,3.395234900962479,0.700175589292189,-0.402766759178466,1.102942348470655,0.2157680483964221,0.7842319516035778,0.2371999192465474,0.7628000807534525,0.2157680483964221,0.0214318708501253,-0.0138009790598074,0.0352328499099327,2013
2014-09-21,2014092112.0,24.0,4,,09:20,10,560.0,0.0,DEN,35.0,35.0,0.0,0.0,0.0,,SEA,DEN,B.McManus kicks 69 yards from DEN 35 to SEA -4. P.Harvin to SEA 9 for 13 yards (S.Johnson; L.Barrow).,1,13.0,0,0,0,0,Kickoff,,,0,,,0.0,0.0,0,,0,,,0,,,,,0,S.Johnson,0,0,0,0,0.0,17.0,12.0,5.0,5.0,SEA,DEN,0,3,3,3,3,3,0.1821279815004805,0.1412437431833478,0.0051232649782039,0.2107804027147709,0.1817180240308578,0.0028047966305821,0.2762017869617569,0.0,0.0,0.5747355955761886,-0.8806861457401605,,,0.709001265531085,0.290998734468915,0.6727751916099632,0.3272248083900367,0.709001265531085,-0.0362260739211217,,,2014
2010-12-19,2010121906.0,11.0,2,4.0,00:52,1,1852.0,4.0,PHI,7.0,7.0,3.0,55.0,0.0,0.0,NYG,PHI,"(:52) L.Tynes 25 yard field goal is GOOD, Center-Z.DeOssie, Holder-S.Rosenfels.",1,0.0,1,0,0,0,Field Goal,,,0,,,0.0,0.0,0,,0,,,0,,,,,0,,0,0,0,0,0.0,14.0,3.0,11.0,11.0,NYG,PHI,0,2,2,2,2,2,0.0217412841880396,0.0026303357296451,1.1639201669312338e-05,0.0023679085721009,0.5864579642145082,0.0001292032697682853,0.0009943586379770305,0.0,0.0,2.899105082610793,0.100894917389207,,,0.8907311064913643,0.1092688935086356,0.877921636135987,0.122078363864013,0.8907311064913643,-0.0128094703553773,,,2010
2013-10-13,2013101312.0,14.0,4,2.0,15:00,15,900.0,0.0,DAL,31.0,31.0,11.0,30.0,0.0,0.0,WAS,DAL,(15:00) (Shotgun) R.Griffin pass incomplete short middle to L.Hankerson (M.Claiborne). Pass incomplete on a quick slant pattern.,1,0.0,0,0,0,0,Pass,R.Griffin,00-0029665,1,Incomplete Pass,Short,10.0,0.0,0,middle,0,,,0,,,L.Hankerson,00-0028017,0,,0,0,0,0,0.0,16.0,20.0,-4.0,4.0,DAL,WAS,0,3,3,3,3,3,0.0174060880189792,0.0545339258902239,0.0001983580366196201,0.0835559562035465,0.3972961364829484,0.0030985561896802,0.443910979178002,0.0,0.0,3.556572188905483,-0.7825697932579168,0.9383666622216372,-1.720936455479554,0.541635624556945,0.4583643754430549,0.5692434942605582,0.4307565057394418,0.4583643754430549,-0.0276078697036131,0.0328318319553492,-0.0604397016589624,2013
2009-11-30,2009113000.0,19.0,4,2.0,07:23,8,443.0,26.0,NE,27.0,73.0,3.0,7.0,0.0,1.0,NE,NO,(7:23) (Shotgun) T.Brady pass deep right INTERCEPTED by D.Sharper at NO 37. D.Sharper to NE 25 for 38 yards (W.Welker).,1,17.5,0,0,0,0,Pass,T.Brady,00-0019596,1,Incomplete Pass,Deep,10.0,0.0,0,right,1,,,0,,,,,0,W.Welker,0,0,0,0,0.0,17.0,38.0,-21.0,21.0,NO,NE,0,2,2,2,2,2,0.2463226598199949,0.1185488762861675,0.0026143359110868,0.1719814370399821,0.1682441550246635,0.0028108092013693,0.2894777267167358,0.0,0.0,0.971952810533329,-2.3435852439389357,2.527290359705529,-3.1387746044711373,0.9836128329639082,0.0163871670360917,0.9978159748276384,0.0021840251723616,0.0163871670360917,-0.0142031418637301,0.0134690654393678,-0.027672207303098,2009
2016-10-16,2016101607.0,23.0,4,,00:27,1,27.0,3.0,TEN,15.0,15.0,0.0,62.0,0.0,0.0,CLE,TEN,"C.Parkey extra point is GOOD, Center-C.Hughlett, Holder-B.Colquitt.",1,0.0,1,0,0,0,Extra Point,,,0,,,0.0,0.0,0,,0,,,0,,,,,0,,0,0,0,0,0.0,25.0,28.0,-3.0,3.0,TEN,CLE,0,0,2,0,2,0,0.0,0.0,0.0,0.0,0.0,0.0,0.0,0.931114949971538,0.0,0.931114949971538,0.0688850500284619,,,0.9095363227431794,0.0904636772568205,0.9454160030968626,0.0545839969031373,0.0904636772568205,-0.0358796803536832,,,2016
2013-09-08,2013090809.0,6.0,2,1.0,14:11,15,2651.0,10.0,PIT,4.0,96.0,10.0,13.0,0.0,1.0,PIT,TEN,(14:11) B.Roethlisberger pass short left to A.Brown to PIT 17 for 13 yards (A.Verner).,1,13.0,0,0,0,0,Pass,B.Roethlisberger,00-0022924,1,Complete,Short,10.0,0.0,0,left,0,,,0,,,A.Brown,00-0027793,1,A.Verner,0,0,0,0,0.0,2.0,0.0,2.0,2.0,PIT,TEN,0,3,3,3,3,3,0.0809527090316238,0.2099268484637139,0.009553273933919493,0.3174933775155961,0.1457894160682006,0.0028659069671015,0.2228662865270765,0.0,0.0,-0.8892810310253496,1.1927856569407564,1.000315669452018,0.1924699874887385,0.5035512182680071,0.4964487817319929,0.5405526450197978,0.4594473549802021,0.5035512182680071,0.0370014267517907,0.0309007019031297,0.0061007248486609,2013
2013-12-22,2013122212.0,3.0,1,1.0,07:52,8,3172.0,32.0,PIT,42.0,42.0,10.0,45.0,0.0,0.0,GB,PIT,"(7:52) (No Huddle, Shotgun) M.Flynn pass incomplete short right to J.Boykin.",1,0.0,0,0,0,0,Pass,M.Flynn,00-0026349,1,Incomplete Pass,Short,6.0,0.0,0,right,0,,,0,,,J.Boykin,00-0029051,0,,0,0,0,0,0.0,0.0,0.0,0.0,0.0,GB,PIT,0,3,3,3,3,3,0.0033836740252655,0.0668597253231887,0.00024706730872588845,0.1023190271049839,0.3380514379313826,0.0032581022707727,0.4858809660356803,0.0,0.0,3.5045307802635497,-0.5359787458940395,0.1439752202910895,-0.679953966185129,0.6009156431550668,0.3990843568449331,0.5833707336508445,0.4166292663491555,0.6009156431550668,-0.0175449095042223,0.0050150463614202,-0.0225599558656426,2013
2015-12-27,2015122712.0,5.0,2,3.0,07:41,8,2261.0,46.0,PIT,29.0,71.0,11.0,4.0,0.0,0.0,PIT,BAL,"(7:41) (No Huddle, Shotgun) PENALTY on PIT-B.Roethlisberger, Delay of Game, 5 yards, enforced at PIT 29 - No Play.",1,0.0,0,0,0,0,No Play,,,0,,,0.0,0.0,0,,0,,,0,,,,,0,,0,0,0,1,0.0,3.0,10.0,-7.0,7.0,BAL,PIT,0,3,3,3,3,3,0.225681522524688,0.159693179366818,0.0038852730948191,0.236800008653824,0.1586561382712755,0.0035538678900576,0.2117300101985176,0.0,0.0,-0.1792639228832957,-0.5144010926119931,,,0.7423876400616398,0.2576123599383601,0.7569706047901372,0.2430293952098627,0.2576123599383601,-0.0145829647284973,,,2015
2014-12-14,2014121413.0,6.0,2,,08:32,9,2312.0,4.0,DAL,2.0,2.0,0.0,84.0,0.0,0.0,PHI,DAL,"C.Parkey extra point is GOOD, Center-J.Dorenbos, Holder-D.Jones.",1,0.0,1,0,0,0,Extra Point,,,0,,,0.0,0.0,0,,0,,,0,,,,,0,,0,0,0,0,0.0,6.0,21.0,-15.0,15.0,PHI,DAL,0,3,3,2,3,2,0.0,0.0,0.0,0.0,0.0,0.0,0.0,0.9907954004544308,0.0,0.9907954004544308,0.009204599545569,,,0.1191774059302888,0.8808225940697111,0.1153011833506041,0.8846988166493959,0.1191774059302888,-0.0038762225796847,,,2014
2013-12-16,2013121600.0,14.0,3,1.0,03:26,4,1106.0,39.0,BAL,23.0,23.0,10.0,59.0,0.0,0.0,DET,BAL,(3:26) R.Bush up the middle to BAL 21 for 2 yards (M.Elam).,1,2.0,0,0,0,0,Run,,,0,,,0.0,0.0,0,,0,R.Bush,00-0024217,1,middle,,,,0,M.Elam,0,0,0,0,0.0,7.0,12.0,-5.0,5.0,DET,BAL,0,3,3,3,3,3,0.0054658575253385,0.0355819392706125,4.155792839129787e-05,0.0537570733148289,0.3722420703440736,0.0027068195146225,0.5302046821021326,0.0,0.0,4.350444177903971,-0.3022519196682678,,,0.4545198661173527,0.5454801338826474,0.4432907822996257,0.5567092177003743,0.4545198661173527,-0.0112290838177269,,,2013
2010-09-19,2010091910.0,13.0,3,3.0,09:55,10,1495.0,8.0,STL,43.0,57.0,3.0,7.0,0.0,0.0,STL,OAK,(9:55) S.Bradford pass incomplete short right to L.Robinson (T.Howard).,1,0.0,0,0,0,0,Pass,S.Bradford,00-0027854,1,Incomplete Pass,Short,2.0,0.0,0,right,0,,,0,,,L.Robinson,00-0025462,0,,0,0,0,0,0.0,7.0,6.0,1.0,1.0,OAK,STL,0,3,3,3,3,3,0.003476136868617,0.1363985694464791,0.0018299425849879,0.2088083913638568,0.2670176296719722,0.0038781895019761,0.3785911405621107,0.0,0.0,1.5844329188982325,-2.035785690651889,-1.455972523619906,-0.5798131670319833,0.4308133933232368,0.5691866066767631,0.4979300352633662,0.5020699647366338,0.5691866066767631,-0.05867359827459407,-0.0484910098694265,-0.0186256320707027,2010
2010-10-10,2010101006.0,12.0,2,1.0,00:53,1,1853.0,25.0,TB,18.0,18.0,10.0,69.0,0.0,0.0,CIN,TB,(:53) C.Palmer pass short left to A.Caldwell to TB 13 for 5 yards (R.Barber).,1,5.0,0,0,0,0,Pass,C.Palmer,00-0021429,1,Complete,Short,5.0,0.0,0,left,0,,,0,,,A.Caldwell,00-0026237,1,R.Barber,0,0,0,0,0.0,7.0,6.0,1.0,1.0,CIN,TB,0,2,2,2,2,2,0.2758511643623635,0.0160265065118996,2.63915058982914e-05,0.0115220361626954,0.376352304276621,0.0006580949044968909,0.3195635022760251,0.0,0.0,3.238531062884668,-0.0257381116104804,-0.0257381116104804,0.0,0.6393122934685894,0.3606877065314106,0.642216002137683,0.3577839978623169,0.6393122934685894,0.0029037086690936,0.0029037086690936,0.0,2010
2009-10-18,2009101810.0,27.0,4,1.0,00:35,1,35.0,4.0,TEN,40.0,60.0,10.0,-1.0,0.0,0.0,TEN,NE,"(:35) V.Young kneels to TEN 39 for -1 yards. NE largest margin of victory in franchise history (56 pts in 56-3 win over NY Jets, 9/9/79). NE 59 pts most in NFL since 11/10/96 (St. Louis beat Atlanta, 59-16). NE 59-0 shutout victory ties largest shutout victory since AFL-NFL merger in 1970 (LA Rams beat Atlanta 59-0 on 12/4/76).",1,-1.0,0,0,0,0,QB Kneel,,,0,,,0.0,0.0,0,,0,,00-0024218,0,,,,,0,,0,0,0,0,0.0,0.0,38.0,-23.5,23.0,NE,TEN,0,1,2,1,2,1,0.4257920474265128,0.0,0.0,0.0,0.0,0.0,0.0,0.0,0.0,0.0,0.0,,,0.9999999999999998,2.2204460492503126e-16,1.0,0.0,2.2204460492503126e-16,-2.2204460492503126e-16,,,2009
2010-12-12,2010121208.0,19.0,4,1.0,12:59,13,779.0,31.0,STL,37.0,63.0,10.0,65.0,0.0,1.0,STL,NO,"(12:59) S.Bradford pass deep right to L.Robinson pushed ob at NO 34 for 29 yards (J.Greer). Pass 29, YAC 0",1,17.5,0,0,0,0,Pass,S.Bradford,00-0027854,1,Complete,Deep,10.0,0.0,0,right,0,,,0,,,L.Robinson,00-0025462,1,J.Greer,0,0,0,0,0.0,6.0,30.0,-23.5,23.0,NO,STL,0,3,3,3,3,3,0.0601489747348802,0.1105214559204003,0.0014399660802106,0.165891930027404,0.2647133060797233,0.0032769544655038,0.3940074126918776,0.0,0.0,2.0630579058998704,1.826630829556441,1.826630829556441,0.0,0.9847887055329272,0.0152112944670726,0.9751215388450566,0.0248784611549433,0.0152112944670726,0.0096671666878707,0.0096671666878707,0.0,2010
2015-09-20,2015092006.0,17.0,3,,06:06,7,1266.0,0.0,ARI,35.0,35.0,0.0,0.0,0.0,,,,Timeout at 06:06.,1,0.0,0,0,0,0,Timeout,,,0,,,0.0,0.0,0,,0,,,0,,,,,0,,0,0,0,0,0.0,,,,,CHI,ARI,0,3,3,3,3,3,0.0,0.0,0.0,0.0,0.0,0.0,0.0,0.0,0.0,0.0,0.0,,,,,,,,0.0,,,2015
2011-10-10,2011101000.0,13.0,3,2.0,09:26,10,1466.0,27.0,CHI,7.0,93.0,10.0,16.0,0.0,1.0,CHI,DET,(9:26) M.Forte right tackle to CHI 23 for 16 yards (L.Delmas; C.Houston).,1,16.0,0,0,0,0,Run,,,0,,,0.0,0.0,0,,0,J.Best,00-0026184,1,left,tackle,,,0,L.Delmas,0,0,0,0,0.0,10.0,14.0,-4.0,4.0,DET,CHI,0,3,3,3,3,3,0.0068647611484567,0.2479832779268438,0.009553273933919493,0.3821333035965103,0.136180189198505,0.0034741632932836,0.2056021134759948,0.0,0.0,-1.5997036531628686,2.311291607352805,,,0.7061047784019199,0.29389522159808,0.6254654643361299,0.37453453566387,0.29389522159808,0.05888471184731932,,,2011
2016-10-09,2016100907.0,13.0,3,1.0,10:02,11,1502.0,13.0,DEN,1.0,99.0,10.0,0.0,0.0,1.0,DEN,ATL,(10:02) P.Lynch pass deep left intended for D.Thomas INTERCEPTED by R.Allen at DEN 42. R.Allen ran ob at DEN 42 for no gain.,1,0.0,0,0,0,0,Pass,P.Lynch,00-0033108,1,Incomplete Pass,Deep,10.0,0.0,0,left,1,,,0,,,,00-0027874,0,,0,0,0,0,0.0,3.0,13.0,-10.0,10.0,DEN,ATL,0,3,3,3,3,3,0.0064973728264918,0.2381699461910132,0.009553273933919493,0.3693607772372277,0.1418549700669089,0.0030402054586316,0.213472264023585,0.0,0.0,-1.4292930383428313,-2.057130515780264,3.8366103060478025,-3.1387746044711373,0.1408316570510071,0.8591683429489929,0.1166464571094856,0.8833535428905144,0.1408316570510071,-0.0241851999415215,0.089574611874446,-0.06361267904339468,2016
2013-09-22,2013092200.0,1.0,1,2.0,14:16,15,3556.0,39.0,HOU,20.0,80.0,12.0,6.0,0.0,0.0,HOU,BAL,(14:16) A.Foster left guard to HOU 28 for 8 yards (H.Ngata; M.Elam).,1,8.0,0,0,0,0,Run,,,0,,,0.0,0.0,0,,0,A.Foster,00-0026796,1,left,guard,,,0,H.Ngata,0,0,0,0,0.0,0.0,0.0,0.0,0.0,BAL,HOU,0,3,3,3,3,3,0.0018061804385427,0.2086397635410637,0.0082670540916486,0.3272754279643495,0.190398323318627,0.0038880856028718,0.2597251650428965,0.0,0.0,-0.5363340980950344,0.473379065677797,,,0.5367341089522046,0.4632658910477953,0.5206925852096707,0.4793074147903292,0.4632658910477953,0.0160415237425339,,,2013
2011-12-22,2011122200.0,15.0,2,1.0,00:52,1,1852.0,22.0,HOU,42.0,42.0,10.0,47.0,0.0,1.0,IND,HOU,"(:52) (No Huddle, Shotgun) D.Orlovsky pass short left to R.Wayne to HOU 31 for 11 yards (J.Allen).",1,11.0,0,0,0,0,Pass,D.Orlovsky,00-0023578,1,Complete,Short,7.0,0.0,0,left,0,,,0,,,R.Wayne,00-0020498,1,J.Allen,0,0,0,0,0.0,6.0,10.0,-4.0,4.0,IND,HOU,0,2,2,3,2,3,0.4257920474265128,0.0275702248374714,0.0001935498054433695,0.01989043988172,0.26402078804941,0.000643877791039087,0.2289189388775556,0.0,0.0,2.173451838577856,0.4264478145209058,0.2171757544577364,0.2092720600631694,0.4468689302405355,0.5531310697594645,0.4606604759534149,0.539339524046585,0.4468689302405355,0.0137915457128794,0.007046049294927,0.0067454964179523,2011
2011-10-24,2011102400.0,19.0,3,1.0,07:30,8,1350.0,28.0,BAL,3.0,3.0,3.0,76.0,1.0,0.0,JAC,BAL,(7:30) M.Jones-Drew left end to BAL 4 for -1 yards (T.Suggs).,1,-1.0,0,0,0,0,Run,,,0,,,0.0,0.0,0,,0,M.Jones-Drew,00-0024275,1,left,end,,,0,T.Suggs,0,0,0,0,0.0,6.0,0.0,6.0,6.0,JAC,BAL,0,3,3,3,3,3,0.0006277798449786439,0.0099631364116879,1.9261487205757597e-05,0.0126491134202058,0.1671425791164207,0.0020170463697611,0.7325144085922225,0.0,0.0,6.040057687386048,-0.618962855747851,,,0.8613000011498236,0.1386999988501763,0.8501767945705699,0.14982320542943,0.8613000011498236,-0.0111232065792536,,,2011
2013-09-15,2013091500.0,1.0,1,2.0,14:20,15,3560.0,40.0,ATL,18.0,82.0,12.0,-2.0,0.0,0.0,ATL,STL,"(14:20) (No Huddle, Shotgun) M.Ryan pass incomplete short middle to S.Jackson (A.Ogletree).",1,0.0,0,0,0,0,Pass,M.Ryan,00-0026143,1,Incomplete Pass,Short,5.0,0.0,0,middle,0,,,0,,,S.Jackson,00-0022736,0,,0,0,0,0,0.0,0.0,0.0,0.0,0.0,ATL,STL,0,3,3,3,3,3,0.0018282858743988,0.2157295347329821,0.0094133718147449,0.338298722880099,0.1812528849351496,0.0038416356813764,0.2496355640812488,0.0,0.0,-0.7352155332521857,-0.9605112499181224,-0.1822673128444634,-0.7782439370736589,0.4572189219894389,0.5427810780105611,0.4288891335175741,0.5711108664824258,0.4572189219894389,-0.0283297884718647,-0.0050262725523854,-0.0233035159194793,2013
2013-09-29,2013092904.0,6.0,1,1.0,05:53,6,3053.0,10.0,JAC,20.0,80.0,10.0,1.0,0.0,0.0,JAC,IND,(5:53) J.Todman left end to JAC 21 for 1 yard (L.Guy).,1,1.0,0,0,0,0,Run,,,0,,,0.0,0.0,0,,0,J.Todman,00-0028121,1,left,end,,,0,L.Guy,0,0,0,0,0.0,3.0,0.0,3.0,3.0,JAC,IND,0,3,3,3,3,3,0.0134827276057515,0.1744646115221769,0.0063926530405421,0.2672790520963391,0.214769439143016,0.0034768899301784,0.3201346266619957,0.0,0.0,0.4850719786013862,-0.6095776996215776,,,0.6023261914044828,0.3976738085955171,0.5817025962735409,0.418297403726459,0.6023261914044828,-0.0206235951309419,,,2013
2011-12-24,2011122409.0,19.0,4,1.0,08:58,9,538.0,0.0,STL,20.0,80.0,10.0,12.0,0.0,1.0,STL,PIT,(8:58) (Shotgun) K.Clemens pass short right to B.Lloyd ran ob at STL 32 for 12 yards.,1,12.0,0,0,0,0,Pass,K.Clemens,00-0024264,1,Complete,Short,10.0,0.0,0,right,0,,,0,,,B.Lloyd,00-0022097,1,,0,0,0,0,0.0,0.0,20.0,-20.0,20.0,PIT,STL,0,3,3,3,3,3,0.1956947416553796,0.1387929318404718,0.0050327503560894,0.2069505407711306,0.1788152305282409,0.0027558162481578,0.2719579886005296,0.0,0.0,0.5705651626532371,0.9550133112155008,0.8868161655195228,0.068197145695978,0.9774811069709546,0.0225188930290454,0.9726934759779154,0.0273065240220845,0.0225188930290454,0.0047876309930391,0.005017053109657,-0.00022942211661793052,2011
2015-12-06,2015120609.0,21.0,4,1.0,10:38,11,638.0,25.0,ARI,49.0,49.0,10.0,35.0,0.0,1.0,STL,ARI,"(10:38) (No Huddle, Shotgun) N.Foles pass short right to T.Austin pushed ob at ARI 25 for 24 yards (P.Peterson).",1,17.5,0,0,0,0,Pass,N.Foles,00-0029567,1,Complete,Short,0.0,0.0,0,right,0,,,0,,,T.Austin,00-0030525,1,P.Peterson,0,0,0,0,0.0,3.0,24.0,-21.0,21.0,STL,ARI,0,2,2,3,2,3,0.0724154261946084,0.0734093811107509,0.0004096549835120789,0.1093751982497755,0.2993905408151517,0.0030229122904519,0.4419768863557493,0.0,0.0,3.0113818104688983,1.1804255649685844,-0.5519344903579322,1.7323600553265166,0.037405889251349,0.962594110748651,0.0455312211720713,0.9544687788279288,0.037405889251349,0.0081253319207223,-0.0043278102996391,0.0124531422203614,2015
2010-12-13,2010121300.0,18.0,3,2.0,01:28,2,988.0,6.0,BAL,29.0,29.0,10.0,42.0,0.0,0.0,HOU,BAL,"(1:28) M.Schaub pass short left to A.Johnson to BAL 23 for 6 yards (J.Wilson, R.Lewis).",1,6.0,0,0,0,0,Pass,M.Schaub,00-0022787,1,Complete,Short,4.0,0.0,0,left,0,,,0,,,A.Johnson,00-0022044,1,J.Wilson,0,0,0,0,0.0,10.0,28.0,-18.0,18.0,HOU,BAL,0,3,3,3,3,3,0.0115559572629788,0.0510405297917994,0.00016616821073716102,0.0783375423733214,0.4034486429414277,0.003054842202975,0.4523963172167603,0.0,0.0,3.6814131113374327,-0.1768638199613228,-0.3995090713769871,0.2226452514156642,0.0833996887988368,0.9166003112011633,0.0799589957667195,0.9200410042332804,0.0833996887988368,-0.0034406930321172,-0.0046789418056504,0.0012382487735331,2010
2013-09-15,2013091513.0,22.0,4,3.0,04:39,5,279.0,30.0,SF,13.0,87.0,10.0,0.0,0.0,1.0,SF,SEA,(4:39) (Shotgun) C.Kaepernick pass deep middle intended for K.Williams INTERCEPTED by K.Chancellor at SF 32. K.Chancellor to SF 2 for 30 yards (V.McDonald).,1,0.0,0,0,0,0,Pass,C.Kaepernick,00-0027974,1,Incomplete Pass,Deep,10.0,0.0,0,middle,1,,,0,,,,00-0027608,0,V.McDonald,0,0,0,0,0.0,3.0,22.0,-19.0,19.0,SEA,SF,0,1,2,1,2,1,0.4219977031846704,0.1531796151269565,0.0073371727424882,0.2206882370475742,0.0705759085598266,0.002231617122918,0.1239897462155658,0.0,0.0,-0.9349116667645888,-2.3435852439389357,2.1658621778562903,-3.1387746044711373,0.9904847466315688,0.0095152533684313,0.9988939126391644,0.0011060873608357,0.0095152533684313,-0.0084091660075955,0.0070349504413294,-0.0154441164489249,2013
2013-12-29,2013122911.0,20.0,4,4.0,02:56,3,176.0,37.0,TEN,1.0,1.0,1.0,89.0,1.0,0.0,HOU,TEN,"(2:56) (Field Goal formation) R.Bullock 19 yard field goal is GOOD, Center-J.Weeks, Holder-S.Lechler.",1,0.0,1,0,0,0,Field Goal,,,0,,,0.0,0.0,0,,0,,,0,,,,,0,,0,0,0,0,0.0,7.0,16.0,-9.0,9.0,TEN,HOU,0,1,3,1,3,1,0.0038643326230227,0.0005490205225530433,9.609300884058432e-06,0.0008517808663980151,0.5864579642145082,4.402488863241696e-05,0.000924964349694546,0.0,0.0,2.9802028563373586,0.0197971436626414,,,0.8405366136343589,0.159463386365641,0.8550884416485791,0.1449115583514209,0.159463386365641,-0.0145518280142201,,,2013
2014-11-16,2014111604.0,17.0,4,3.0,02:06,3,126.0,6.0,SEA,5.0,95.0,9.0,24.0,0.0,0.0,SEA,KC,(2:06) (Shotgun) R.Wilson pass deep left to D.Baldwin to SEA 28 for 23 yards (K.Coleman).,1,17.5,0,0,0,0,Pass,R.Wilson,00-0029263,1,Complete,Deep,10.0,0.0,0,left,0,,,0,,,D.Baldwin,00-0028434,1,K.Coleman,0,0,0,0,0.0,20.0,24.0,-4.0,4.0,KC,SEA,0,0,1,0,1,0,0.4257920474265128,0.1186348721633223,0.0079609716895918,0.1678930266250473,0.0374663341726487,0.0013903817585408,0.0766892133908546,0.0,0.0,-0.8950734864734711,1.9309066451770696,1.5475524260842164,0.3833542190928534,0.8306913374179664,0.1693086625820336,0.7420774613522031,0.2579225386477969,0.1693086625820336,0.05888471184731932,0.0859792195937682,0.002634656471995,2014
2014-11-30,2014113004.0,23.0,4,2.0,03:21,4,201.0,5.0,JAC,15.0,85.0,15.0,17.0,0.0,1.0,JAC,NYG,(3:21) (Shotgun) B.Bortles pass short right to M.Lee to JAC 37 for 22 yards (J.McClain).,1,17.5,0,0,0,0,Pass,B.Bortles,00-0031407,1,Complete,Short,9.0,0.0,0,right,0,,,0,,,M.Lee,00-0031431,1,J.McClain,0,0,0,0,0.0,9.0,24.0,-15.0,15.0,JAC,NYG,0,2,2,3,2,3,0.4257920474265128,0.1094858666489323,0.0055992612330016,0.1625240593612428,0.088778412588809,0.0017810462799422,0.1249352977554714,0.0,0.0,-0.3328801233268884,1.6940451059322497,0.2042970346190179,1.4897480713132318,0.0177789521898592,0.9822210478101407,0.0207598101031642,0.9792401898968358,0.0177789521898592,0.0029808579133049,2.39718839087702e-05,0.0029568860293961,2014
2014-12-14,2014121402.0,9.0,2,2.0,09:52,10,2392.0,41.0,GB,23.0,23.0,20.5,62.0,1.0,0.0,BUF,GB,"(9:52) (Shotgun) K.Orton pass incomplete deep right to R.Woods. Overthrown, receiver at goal line, slanting to middle. PENALTY on GB-J.Boyd, Defensive Offside, 5 yards, enforced at GB 23 - No Play.",1,0.0,0,0,0,0,No Play,K.Orton,,1,Incomplete Pass,Deep,0.0,0.0,0,right,0,,,0,,,R.Woods,,0,,0,0,0,1,0.0,6.0,10.0,-4.0,4.0,BUF,GB,0,3,3,3,3,3,0.0310834344718826,0.0204469962977752,1.2378273847356582e-05,0.0221001644933321,0.5691284318371069,0.0009421023600445797,0.3562864922660112,0.0,0.0,3.987208049199143,0.216557647664962,,,0.4808649623688361,0.5191350376311639,0.4878195502005556,0.5121804497994443,0.4808649623688361,0.0069545878317195,,,2014
2009-09-27,2009092703.0,11.0,2,2.0,00:29,1,1829.0,0.0,JAC,1.0,1.0,1.0,64.0,1.0,0.0,HOU,JAC,"(:29) C.Brown left guard to JAC 2 for -1 yards (Q.Groves, J.Henderson).",1,-1.0,0,0,0,0,Run,,,0,,,0.0,0.0,0,,0,C.Brown,00-0022092,1,left,end,,,0,Q.Groves,0,0,0,0,0.0,14.0,17.0,-3.0,3.0,HOU,JAC,0,2,2,1,2,1,0.1308756104211229,0.0079595457203077,0.0002919647342228806,0.0051212760514599,0.1686292700860331,0.0016380314784677,0.6854843015083857,0.0,0.0,5.247242484784146,-2.3435852439389357,,,0.5676531972181237,0.4323468027818763,,,0.5676531972181237,,,,2009
2011-11-07,2011110700.0,5.0,2,1.0,09:30,10,2370.0,52.0,PHI,32.0,32.0,10.0,13.0,0.0,0.0,CHI,PHI,"(9:30) J.Cutler FUMBLES (Aborted) at PHI 36, and recovers at PHI 39. J.Cutler to PHI 39 for no gain (B.Graham).",1,0.0,0,0,0,0,Run,,,0,,,0.0,0.0,0,,0,J.Cutler,00-0024226,1,,,,,0,B.Graham,1,0,0,0,0.0,7.0,0.0,7.0,7.0,PHI,CHI,0,3,2,3,2,3,0.0583658652368533,0.0437003416495724,8.722860640375936e-05,0.0647813486512631,0.3379155628565374,0.0026829214209978,0.492466731578372,0.0,0.0,3.881634729739845,-1.037774131708494,,,0.1660959772290354,0.8339040227709645,0.1870860947998974,0.8129139052001025,0.8339040227709645,-0.020990117570862,,,2011
2012-09-09,2012090905.0,10.0,3,3.0,13:07,14,1687.0,24.0,STL,22.0,78.0,8.0,-10.0,0.0,0.0,STL,DET,(13:07) (Shotgun) S.Bradford sacked at STL 10 for -12 yards (N.Suh).,1,-10.5,0,0,0,0,Sack,,00-0027854,0,,,0.0,0.0,1,,0,,,0,,,,,0,N.Suh,0,1,0,0,0.0,12.0,10.0,2.0,2.0,DET,STL,0,3,3,3,3,3,0.0022571068178273,0.2338182143451496,0.0077745737403397,0.3578227202487251,0.154631448300508,0.0042403208987535,0.2394556156486964,0.0,0.0,-1.0731985360172975,-2.3182361239675604,,,0.4820648814618199,0.5179351185381801,0.5561033657992029,0.4438966342007971,0.5179351185381801,-0.05867359827459407,,,2012
2010-10-31,2010103104.0,26.0,4,1.0,09:13,10,553.0,38.0,WAS,19.0,19.0,10.0,40.0,0.0,1.0,DET,WAS,(9:13) K.Smith left tackle to WAS 7 for 12 yards (K.Moore).,1,12.0,0,0,0,0,Run,,,0,,,0.0,0.0,0,,0,K.Smith,00-0026204,1,left,tackle,,,0,K.Moore,0,0,0,0,0.0,14.0,19.0,-5.0,5.0,DET,WAS,0,3,3,2,3,2,0.042036076028497,0.0287773717702961,2.6182538931974905e-05,0.0425508143939882,0.3621346663944537,0.0023982263966066,0.5220766624772262,0.0,0.0,4.361496908170487,0.992407781514479,,,0.4497048934229091,0.5502951065770909,0.4916250246411541,0.5083749753588458,0.4497048934229091,0.041920131218245,,,2010
2011-11-06,2011110602.0,4.0,1,2.0,02:58,3,2878.0,41.0,KC,45.0,45.0,8.0,2.0,0.0,0.0,MIA,KC,(2:58) M.Moore pass incomplete short right to B.Marshall.,1,0.0,0,0,0,0,Pass,M.Moore,00-0025708,1,Incomplete Pass,Short,5.0,0.0,0,right,0,,,0,,,B.Marshall,00-0024334,0,,0,0,0,0,0.0,0.0,3.0,-3.0,3.0,KC,MIA,0,3,2,3,2,3,0.0128447780865777,0.0833383639270771,0.0005660552857236102,0.1272784884404912,0.3426538302475903,0.0035186710172561,0.4297998129952838,0.0,0.0,2.9015009023081526,-0.8461443234649386,-0.0227535206986915,-0.8233908027662471,0.5037025328367994,0.4962974671632006,0.5292899937559621,0.4707100062440379,0.4962974671632006,-0.0255874609191626,-0.0011928481157085,-0.0243946128034541,2011
2009-10-18,2009101803.0,19.0,4,3.0,10:12,11,612.0,45.0,BAL,1.0,1.0,1.0,80.0,1.0,0.0,MIN,BAL,"(10:12) B.Favre pass short right to V.Shiancoe for 1 yard, TOUCHDOWN.",1,1.0,1,1,0,0,Pass,B.Favre,00-0005106,1,Complete,Short,1.0,0.0,0,right,0,,,0,,,V.Shiancoe,00-0022054,1,,0,0,0,0,0.0,20.0,10.0,10.0,10.0,MIN,BAL,0,3,3,2,3,2,0.0138652181012559,0.0144034861575179,0.0005784260963489009,0.0205270844598531,0.1984127316498996,0.0051175196806585,0.7325144085922225,0.0,0.0,5.647085069408052,1.3529149305919477,1.3529149305919477,0.0,0.9376102382546508,0.0623897617453491,0.9513973251849426,0.0486026748150574,0.9376102382546508,0.0137870869302917,0.0137870869302917,0.0,2009
2013-12-15,2013121511.0,24.0,4,,08:19,9,499.0,0.0,KC,35.0,35.0,0.0,0.0,0.0,,OAK,KC,R.Succop kicks 70 yards from KC 35 to OAK -5. G.Jenkins to OAK 18 for 23 yards (J.Hemingway).,1,17.5,0,0,0,0,Kickoff,,,0,,,0.0,0.0,0,,0,,,0,,,,,0,J.Hemingway,0,0,0,0,0.0,31.0,38.0,-23.5,23.0,OAK,KC,0,2,2,3,2,3,0.221592533448987,0.1341386050837276,0.0048612104157621,0.1997154377026057,0.1732484735281569,0.0026628664263629,0.2637808733943975,0.0,0.0,0.5613909671970319,-0.1577164799756782,,,0.0062069525430565,0.9937930474569434,0.0057462599886834,0.9942537400113164,0.0062069525430565,-0.0004606925543731164,,,2013
2016-09-11,2016091106.0,11.0,2,1.0,03:10,4,1990.0,9.0,CIN,15.0,85.0,10.0,26.0,0.0,1.0,CIN,NYJ,(3:10) (Shotgun) A.Dalton pass short right to B.LaFell to CIN 30 for 15 yards (M.Williams).,1,15.0,0,0,0,0,Pass,A.Dalton,00-0027973,1,Complete,Short,5.0,0.0,0,right,0,,,0,,,B.LaFell,00-0027681,1,M.Williams,0,0,0,0,0.0,10.0,16.0,-6.0,6.0,NYJ,CIN,0,1,3,1,3,1,0.4257920474265128,0.0903639824261355,0.0044098139257641,0.133073141972056,0.098739782985612,0.0015923552583505,0.1523110098581907,0.0,0.0,0.1541575595465454,0.802663715760579,0.0428795169712891,0.7597841987892899,0.7279937292254857,0.2720062707745143,0.7021777914635348,0.2978222085364652,0.2720062707745143,0.0258159377619509,0.0011917366739123,0.0246242010880385,2016
2010-10-31,2010103110.0,26.0,4,4.0,06:12,7,372.0,44.0,SEA,37.0,63.0,14.0,17.0,0.0,1.0,SEA,OAK,"(6:12) J.Ryan punts 29 yards to OAK 34, Center-C.Gresham, downed by SEA-D.Davis.",1,0.0,0,0,0,0,Punt,,,0,,,0.0,0.0,0,,0,,,0,,,,,0,,0,0,0,0,0.0,3.0,26.0,-23.0,23.0,OAK,SEA,0,2,1,2,1,2,0.3047367972978934,0.1702250026731059,0.0031964258528796,0.2390197243405794,0.1383176851255277,0.0041596862405099,0.1403446784695038,0.0,0.0,-0.7845207529650026,-0.7185303349449311,,,0.996394453079506,0.003605546920494,0.997828050798022,0.0021719492019779,0.003605546920494,-0.0014335977185161,,,2010
2015-12-13,2015121306.0,8.0,2,,00:18,1,1818.0,6.0,WAS,15.0,15.0,0.0,58.0,0.0,0.0,CHI,WAS,"R.Gould extra point is GOOD, Center-P.Scales, Holder-P.O'Donnell.",1,0.0,1,0,0,0,Extra Point,,,0,,,0.0,0.0,0,,0,,,0,,,,,0,,0,0,0,0,0.0,6.0,14.0,-8.0,8.0,CHI,WAS,0,2,2,2,2,2,0.0,0.0,0.0,0.0,0.0,0.0,0.0,0.931114949971538,0.0,0.931114949971538,0.0688850500284619,,,0.2631389968856671,0.7368610031143328,0.2457367018434707,0.7542632981565291,0.2631389968856671,-0.0174022950421964,,,2015
2013-11-17,2013111701.0,12.0,2,,00:25,1,1825.0,12.0,BAL,37.0,37.0,0.0,20.0,0.0,0.0,,,Timeout #2 by CHI at 00:25.,1,0.0,0,0,0,0,Timeout,,,0,,,0.0,0.0,0,,0,,,0,,,,,0,,0,0,0,0,0.0,,,,,CHI,BAL,1,2,2,2,1,2,0.0,0.0,0.0,0.0,0.0,0.0,0.0,0.0,0.0,0.0,0.0,,,,,,,,0.0,,,2013
2013-12-29,2013122907.0,11.0,3,1.0,09:25,10,1465.0,32.0,BUF,32.0,32.0,10.0,48.0,0.0,0.0,NE,BUF,"(9:25) S.Ridley right guard to BUF 26 for 6 yards (L.McKelvin; N.Bradham). PENALTY on NE-M.Cannon, Offensive Holding, 10 yards, enforced at BUF 32 - No Play.",1,6.0,0,0,0,0,No Play,,,0,,,0.0,0.0,0,,0,,,0,,,,,0,L.McKelvin,0,0,0,1,0.0,16.0,3.0,13.0,13.0,NE,BUF,0,3,3,3,3,3,0.0017345466321603,0.0492202051028588,9.95394267116186e-05,0.0754791632768936,0.3595151422062582,0.0030357793190561,0.5109156240360612,0.0,0.0,3.98481251640906,-0.8267176053376812,,,0.92952508595719,0.0704749140428099,0.9231839500342596,0.0768160499657404,0.92952508595719,-0.0063411359229305,,,2013
2012-09-09,2012090911.0,6.0,2,2.0,06:00,6,2160.0,33.0,CAR,19.0,19.0,10.0,88.0,0.0,1.0,TB,CAR,(6:00) J.Freeman pass short left to V.Jackson to CAR 4 for 15 yards (J.Norman; H.Nakamura).,1,15.0,0,0,0,0,Pass,J.Freeman,00-0026993,1,Complete,Short,9.0,0.0,0,left,0,,,0,,,V.Jackson,00-0023496,1,J.Norman,0,0,0,0,0.0,10.0,0.0,10.0,10.0,TB,CAR,0,3,3,3,3,3,0.0945032012016438,0.0317685099695439,6.329408121641331e-05,0.0477178347650701,0.3945814339252986,0.0023788668938459,0.4289868591633811,0.0,0.0,3.7619530882807,1.9051533774615892,1.637311335284518,0.2678420421770715,0.8840381439863988,0.1159618560136012,0.9097645266895265,0.0902354733104735,0.8840381439863988,0.0257263827031276,0.0221326240667063,0.0035937586364213,2012
2014-11-23,2014112302.0,14.0,3,3.0,14:15,15,1755.0,5.0,TB,17.0,83.0,9.0,-4.0,0.0,0.0,TB,CHI,"(14:15) (Shotgun) PENALTY on TB-J.McCown, Delay of Game, 5 yards, enforced at TB 17 - No Play.",1,0.0,0,0,0,0,No Play,,,0,,,0.0,0.0,0,,0,,,0,,,,,0,,0,0,0,1,0.0,10.0,0.0,10.0,10.0,CHI,TB,0,3,3,3,3,3,0.0017952891557436,0.2539482946265032,0.009553273933919493,0.3880643112001466,0.1301879807436776,0.0040933779731269,0.2114399583217363,0.0,0.0,-1.6204062318092267,-0.6612463804736841,,,0.226816596128814,0.773183403871186,0.2470907460830723,0.7529092539169276,0.773183403871186,-0.0202741499542583,,,2014
2011-12-04,2011120411.0,17.0,4,1.0,11:51,12,711.0,19.0,DAL,45.0,55.0,10.0,22.0,0.0,0.0,DAL,ARI,"(11:51) T.Romo FUMBLES (Aborted) at DAL 42, recovered by DAL-D.Murray at DAL 42. D.Murray to DAL 42 for no gain (A.Wilson).",1,0.0,0,0,0,0,Run,,,0,,,0.0,0.0,0,,0,T.Romo,00-0021678,1,,,,,0,A.Wilson,1,0,0,0,0.0,13.0,13.0,0.0,0.0,ARI,DAL,0,2,3,2,3,2,0.0642103672858454,0.0883890851696645,0.0007095153178555646,0.1321748944141421,0.2867279837664133,0.0031620226579449,0.4246261313881341,0.0,0.0,2.647080369288369,-0.9608704456074602,,,0.4137443508842304,0.5862556491157696,0.4492762732767614,0.5507237267232385,0.5862556491157696,-0.035531922392531,,,2011
2010-11-07,2010110701.0,6.0,2,4.0,09:18,10,2358.0,25.0,MIA,23.0,77.0,17.0,-7.0,0.0,1.0,MIA,BAL,"(9:18) (Punt formation) B.Fields punts 47 yards to BAL 30, Center-J.Denney. L.Webb to BAL 40 for 10 yards (Q.Moses). Nolan Carroll (#28) of MIA injured on play.",1,10.0,0,0,0,0,Punt,,,0,,,0.0,0.0,0,,0,,,0,,,,,0,Q.Moses,0,0,0,0,0.0,7.0,10.0,-3.0,3.0,BAL,MIA,0,3,1,3,1,3,0.1785900343235136,0.2488306651887712,0.006665594459397,0.3444232644743857,0.0765747596075265,0.0040781562867129,0.1408375256596927,0.0,0.0,-1.9470427647919528,-0.2219832077322359,,,0.6489303479909296,0.3510696520090703,0.6255890219045981,0.3744109780954019,0.3510696520090703,0.0233413260863315,,,2010
2010-09-26,2010092607.0,20.0,3,1.0,01:55,2,1015.0,5.0,STL,35.0,65.0,10.0,3.0,0.0,0.0,STL,WAS,(1:55) K.Toston left guard to STL 38 for 3 yards (P.Daniels).,1,3.0,0,0,0,0,Run,,,0,,,0.0,0.0,0,,0,K.Toston,00-0027257,1,left,guard,,,0,P.Daniels,0,0,0,0,0.0,21.0,16.0,5.0,5.0,STL,WAS,0,2,2,3,2,3,0.0253755487032165,0.1219746843025456,0.0017994934503828,0.1847808493168698,0.2670590285499994,0.0034546031164514,0.3955557925605341,0.0,0.0,1.9139878547801483,-0.250381550380047,,,0.7389227112608501,0.2610772887391499,0.7310791967945417,0.2689208032054583,0.7389227112608501,-0.0078435144663083,,,2010
2016-11-06,2016110601.0,16.0,3,1.0,12:27,13,1647.0,48.0,BAL,37.0,63.0,10.0,17.0,0.0,0.0,BAL,PIT,(12:27) T.West right guard to BAL 42 for 5 yards (J.Harrison).,1,5.0,0,0,0,0,Run,,,0,,,0.0,0.0,0,,0,T.West,00-0031375,1,right,guard,,,0,J.Harrison,0,0,0,0,0.0,10.0,0.0,10.0,10.0,BAL,PIT,0,3,3,3,3,3,0.0019617166112178,0.1224228967577918,0.0016153798098164,0.1898959914959009,0.2774526443245855,0.0036461092178968,0.4030052617827904,0.0,0.0,1.9609155935247689,0.0856489787762386,,,0.8572559315472857,0.1427440684527142,0.8589169638010582,0.1410830361989418,0.8572559315472857,0.0016610322537724,,,2016
2014-10-19,2014101905.0,18.0,2,,00:00,0,1800.0,26.0,CIN,47.0,47.0,0.0,26.0,0.0,0.0,,,END QUARTER 2,1,0.0,0,0,0,0,Quarter End,,,0,,,0.0,0.0,0,,0,,,0,,,,,0,,0,0,0,0,0.0,,,,,IND,CIN,0,1,2,1,2,1,0.0,0.0,0.0,0.0,0.0,0.0,0.0,0.0,0.0,0.0,0.0,,,,,,,,0.0,,,2014
2012-01-01,2012010105.0,19.0,4,1.0,05:34,6,334.0,26.0,JAC,48.0,48.0,10.0,47.0,0.0,1.0,IND,JAC,"(5:34) (No Huddle, Shotgun) D.Orlovsky pass short middle to A.Collie to JAC 35 for 13 yards (D.Landry).",1,13.0,0,0,0,0,Pass,D.Orlovsky,00-0023578,1,Complete,Short,4.0,0.0,0,middle,0,,,0,,,A.Collie,00-0027092,1,D.Landry,0,0,0,0,0.0,6.0,19.0,-13.0,13.0,JAC,IND,0,2,2,2,2,2,0.2039191573747978,0.060046459805534,0.0003140412570575373,0.0884283625957719,0.2591870012007746,0.0025275087298827,0.3855774690361814,0.0,0.0,2.681892304214238,0.700068415450029,-0.0725852461186047,0.7726536615686337,0.9077066742441045,0.0922933257558955,0.8997632641217439,0.1002367358782561,0.0922933257558955,0.0079434101223605,-0.0024577151500378,0.0104011252723984,2011
2014-12-14,2014121410.0,15.0,3,1.0,03:18,4,1098.0,40.0,DEN,38.0,62.0,10.0,16.0,0.0,0.0,DEN,SD,(3:18) (Shotgun) P.Manning pass short right to W.Welker to DEN 43 for 5 yards (E.Weddle).,1,5.0,0,0,0,0,Pass,P.Manning,00-0010346,1,Complete,Short,5.0,0.0,0,right,0,,,0,,,W.Welker,00-0022427,1,E.Weddle,0,0,0,0,0.0,9.0,3.0,6.0,6.0,SD,DEN,0,3,3,3,3,3,0.0170759930211993,0.1144410674063037,0.0014101727278088,0.1738372499580767,0.2788190495556607,0.0034796191127604,0.4109368482181902,0.0,0.0,2.156970027038768,0.0780342149910335,0.0780342149910335,0.0,0.2298965535262276,0.7701034464737724,0.2265493010729385,0.7734506989270614,0.7701034464737724,0.003347252453289,0.003347252453289,0.0,2014
2013-09-22,2013092206.0,21.0,4,2.0,00:44,1,44.0,41.0,NE,16.0,84.0,11.0,-2.0,0.0,0.0,NE,TB,(:44) T.Brady kneels to NE 15 for -1 yards.,1,-1.0,0,0,0,0,QB Kneel,,,0,,,0.0,0.0,0,,0,,00-0019596,0,,,,,0,,0,0,0,0,0.0,23.0,3.0,20.0,20.0,NE,TB,0,2,2,1,2,1,0.4257920474265128,0.0,0.0,0.0,0.0,0.0,0.0,0.0,0.0,0.0,0.0,,,0.99722186453217,0.0027781354678299,0.9979361184534594,0.0020638815465405,0.99722186453217,0.0007142539212893206,,,2013
2009-11-22,2009112208.0,20.0,4,,10:39,11,639.0,45.0,TB,6.0,6.0,0.0,78.0,0.0,0.0,,,Timeout #1 by NO at 10:39.,1,0.0,0,0,0,0,Timeout,,,0,,,0.0,0.0,0,,0,,,0,,,,,0,,0,0,0,0,0.0,,,,,TB,NO,1,3,2,3,2,2,0.0,0.0,0.0,0.0,0.0,0.0,0.0,0.0,0.0,0.0,0.0,,,,,,,,0.0,,,2009
2012-11-11,2012111107.0,1.0,1,1.0,13:10,14,3490.0,35.0,DET,36.0,64.0,10.0,13.0,0.0,1.0,DET,MIN,"(13:10) M.Leshoure up the middle to DET 38 for 2 yards (F.Evans). PENALTY on DET-R.Broyles, Illegal Crackback, 15 yards, enforced at DET 38.",1,2.0,0,0,0,0,Run,,,0,,,0.0,0.0,0,,0,M.Leshoure,00-0027995,1,middle,,,,0,F.Evans,0,0,0,1,0.0,0.0,0.0,0.0,0.0,MIN,DET,0,3,3,3,3,3,0.0016901529936332,0.125800621996844,0.001764438238147,0.1954820283862149,0.2738969443409397,0.0036604479046262,0.3977053661395949,0.0,0.0,1.863644350638905,-1.6663012547384506,,,0.4623563372554226,0.5376436627445774,0.5103143986655032,0.4896856013344967,0.5376436627445774,-0.0479580614100806,,,2012
2012-10-08,2012100800.0,15.0,3,1.0,06:32,7,1292.0,39.0,NYJ,32.0,32.0,10.0,67.0,0.0,0.0,HOU,NYJ,(6:32) J.Forsett left tackle to NYJ 27 for 5 yards (B.Scott; K.Ellis).,1,5.0,0,0,0,0,Run,,,0,,,0.0,0.0,0,,0,J.Forsett,00-0026373,1,left,tackle,,,0,B.Scott,0,0,0,0,0.0,17.0,7.0,10.0,10.0,NYJ,HOU,0,3,3,3,3,3,0.003455683273688,0.0485677593194504,9.797207879334167e-05,0.0739923287890246,0.3586789049527505,0.0029928678937139,0.5122144836925788,0.0,0.0,4.003678312854621,-0.0310606241629138,,,0.1066933850934347,0.8933066149065653,0.1065177373544531,0.8934822626455469,0.8933066149065653,0.00017564773898159913,,,2012
2014-12-14,2014121401.0,3.0,1,,09:33,10,3273.0,6.0,JAC,35.0,35.0,0.0,0.0,0.0,,BAL,JAC,"J.Scobee kicks 65 yards from JAC 35 to end zone, Touchback.",1,0.0,0,0,0,0,Kickoff,,,0,,,0.0,0.0,0,,0,,,0,,,,,0,,0,0,0,0,0.0,6.0,3.0,3.0,3.0,BAL,JAC,0,3,3,3,3,3,0.0056019520347416,0.1771383026811867,0.0065115125179164,0.2736453106788339,0.2150274552304092,0.0035341794135924,0.3185412874433194,0.0,0.0,0.4219846287904174,0.0,,,0.5948582798872185,0.4051417201127815,0.5948582798872185,0.4051417201127815,0.5948582798872185,0.0,,,2014
2014-12-20,2014122001.0,7.0,2,3.0,05:15,6,2115.0,43.0,SF,15.0,15.0,10.0,73.0,0.0,0.0,SD,SF,"(5:15) (Shotgun) P.Rivers pass short left to E.Royal for 15 yards, TOUCHDOWN.",1,15.0,1,1,0,0,Pass,P.Rivers,00-0022942,1,Complete,Short,10.0,0.0,0,left,0,,,0,,,E.Royal,00-0026182,1,,0,0,0,0,0.0,0.0,20.0,-20.0,20.0,SF,SD,0,2,3,2,3,2,0.110788090688868,0.0324725849537976,7.260253150719863e-05,0.0512837564506692,0.5089083000261895,0.0030452572958236,0.2934294080531446,0.0,0.0,3.1302720159631354,2.311291607352805,3.869727984036865,0.0,0.9254671890166198,0.0745328109833801,0.8785531342805837,0.1214468657194162,0.0745328109833801,0.0469140547360361,0.0469140547360361,0.0,2014
2014-09-21,2014092108.0,2.0,1,,08:42,9,3222.0,0.0,WAS,35.0,35.0,0.0,0.0,0.0,0.0,PHI,WAS,"T.Way kicks 67 yards from WAS 35 to PHI -2. C.Polk for 102 yards, TOUCHDOWN.",1,10.0,1,1,0,0,Kickoff,,,0,,,0.0,0.0,0,,0,,,0,,,,,0,,0,0,0,0,0.0,0.0,7.0,-7.0,7.0,PHI,WAS,0,3,3,3,3,3,0.0068709322539129,0.1766172911620246,0.006487525703035,0.2723140458780629,0.2150923516590259,0.0035228581664168,0.3190949951775218,0.0,0.0,0.4369624915139796,2.311291607352805,,,0.2811409236006077,0.7188590763993923,0.4914424305743617,0.5085575694256382,0.2811409236006077,0.05888471184731932,,,2014
2016-09-08,2016090800.0,4.0,1,3.0,00:12,1,2712.0,43.0,CAR,40.0,60.0,6.0,5.0,0.0,0.0,CAR,DEN,(:12) (Shotgun) C.Newton pass short middle to M.Tolbert to CAR 41 for 1 yard (D.Stewart).,1,1.0,0,0,0,0,Pass,C.Newton,00-0027939,1,Complete,Short,-3.0,0.0,0,middle,0,,,0,,,M.Tolbert,00-0026069,1,D.Stewart,0,0,0,0,0.0,7.0,0.0,7.0,7.0,DEN,CAR,0,1,3,1,3,1,0.0377037555385034,0.1495178312680789,0.0022772641487434,0.2260314985650457,0.2542580451319247,0.0041866273526105,0.3260249779950931,0.0,0.0,1.017993724009603,-1.610939291469463,-2.123066904203712,0.5121276127342491,0.2855714473048912,0.7144285526951087,0.3430566049986805,0.6569433950013195,0.7144285526951087,-0.0574851576937892,-0.0763423540858836,0.0188571963920943,2016
2013-11-10,2013111009.0,12.0,2,1.0,01:20,2,1880.0,0.0,HOU,42.0,58.0,10.0,41.0,0.0,0.0,HOU,ARI,(1:20) C.Keenum pass incomplete short left to A.Johnson [M.Benard].,1,0.0,0,0,0,0,Pass,C.Keenum,00-0028986,1,Incomplete Pass,Short,0.0,0.0,1,left,0,,,0,,,A.Johnson,00-0022044,0,,0,0,0,0,0.0,17.0,7.0,10.0,10.0,ARI,HOU,0,2,2,2,2,2,0.4257920474265128,0.0382941580670375,0.0007071066022426946,0.0277215287462413,0.2012947044013452,0.0006140006381387883,0.1768396537848365,0.0,0.0,1.5326423023448816,-0.2691682727784521,-0.2683197355415263,-0.0008485372369257949,0.1473305541884165,0.8526694458115834,0.1523603505772496,0.8476396494227504,0.8526694458115834,-0.005029796388833,-0.0050168284328868,-1.2967955946185938e-05,2013
2012-11-18,2012111810.0,31.0,4,,01:20,2,80.0,3.0,SD,49.0,49.0,0.0,0.0,0.0,0.0,,,Timeout #2 by SD at 01:20.,1,0.0,0,0,0,0,Timeout,,,0,,,0.0,0.0,0,,0,,,0,,,,,0,,0,0,0,0,0.0,,,,,DEN,SD,1,2,1,2,1,1,0.0,0.0,0.0,0.0,0.0,0.0,0.0,0.0,0.0,0.0,0.0,,,,,,,,0.0,,,2012
2013-12-29,2013122908.0,3.0,1,2.0,03:13,4,2893.0,45.0,TB,10.0,10.0,6.0,80.0,0.0,0.0,NO,TB,"(3:13) (Shotgun) D.Brees pass short middle to J.Graham for 10 yards, TOUCHDOWN. Pass 10, YAC 0",1,10.0,1,1,0,0,Pass,D.Brees,00-0020531,1,Complete,Short,10.0,0.0,0,middle,0,,,0,,,J.Graham,00-0027696,1,,0,0,0,0,0.0,7.0,7.0,0.0,0.0,NO,TB,0,2,2,3,2,3,0.0040705647940202,0.0250271546677358,3.0015757621403225e-05,0.0383016163184222,0.4409953129487778,0.0023846549410274,0.4891906805723949,0.0,0.0,4.408837202987747,2.311291607352805,2.5911627970122533,0.0,0.6109805040280898,0.3890194959719102,0.7027428799840604,0.2972571200159396,0.6109805040280898,0.05888471184731932,0.0917623759559705,0.0,2013
2014-10-12,2014101202.0,19.0,4,,00:45,1,45.0,5.0,CIN,43.0,43.0,0.0,42.0,0.0,,,,Timeout #3 by CAR at 00:45.,1,0.0,0,0,0,0,Timeout,,,0,,,0.0,0.0,0,,0,,,0,,,,,0,,0,0,0,0,0.0,,,,,CIN,CAR,1,1,2,1,2,0,0.0,0.0,0.0,0.0,0.0,0.0,0.0,0.0,0.0,0.0,0.0,,,,,,,,0.0,,,2014
2009-11-22,2009112205.0,13.0,3,3.0,12:39,13,1659.0,27.0,KC,44.0,56.0,4.0,16.0,0.0,1.0,KC,PIT,"(12:39) (No Huddle, Shotgun) M.Cassel pass short left to C.Chambers pushed ob at PIT 46 for 10 yards (I.Taylor).",1,10.0,0,0,0,0,Pass,M.Cassel,00-0023662,1,Complete,Short,10.0,0.0,0,left,0,,,0,,,C.Chambers,00-0020446,1,I.Taylor,0,0,0,0,0.0,7.0,17.0,-10.0,10.0,KC,PIT,0,3,3,3,3,3,0.0017760950795765,0.1384303577178813,0.0017897513937291,0.2146861033067811,0.2780660549658245,0.0041535015758727,0.3610981359603346,0.0,0.0,1.4485188206829906,1.7762050626207688,1.7762050626207688,0.0,0.2083392981549619,0.791660701845038,0.2600272760466492,0.7399727239533508,0.2083392981549619,0.0516879778916872,0.0516879778916872,0.0,2009
2010-09-26,2010092601.0,4.0,1,1.0,10:48,11,3348.0,12.0,CAR,4.0,96.0,10.0,2.0,0.0,0.0,CAR,CIN,(10:48) D.Williams left tackle to CAR 6 for 2 yards (R.Maualuga).,1,2.0,0,0,0,0,Run,,,0,,,0.0,0.0,0,,0,D.Williams,00-0024242,1,left,tackle,,,0,R.Maualuga,0,0,0,0,0.0,0.0,0.0,0.0,0.0,CAR,CIN,0,3,3,3,3,3,0.0052319211603211,0.2300859871733978,0.009553273933919493,0.3572886326518667,0.1528529819772853,0.0031524242741242,0.2291263868923241,0.0,0.0,-1.1670532190982483,-0.435920017641594,,,0.4533695549771682,0.5466304450228319,0.4410172147087599,0.5589827852912401,0.4533695549771682,-0.0123523402684082,,,2010
2014-12-14,2014121410.0,7.0,2,3.0,03:22,4,2002.0,45.0,SD,9.0,9.0,2.0,63.0,0.0,1.0,DEN,SD,(3:22) (Shotgun) P.Manning pass short right to E.Sanders to SD 1 for 8 yards (B.Flowers).,1,8.0,0,0,0,0,Pass,P.Manning,00-0010346,1,Complete,Short,4.0,0.0,0,right,0,,,0,,,E.Sanders,00-0027685,1,B.Flowers,0,0,0,0,0.0,6.0,0.0,6.0,6.0,SD,DEN,0,3,2,3,2,3,0.1298845713422419,0.0202744553837609,3.443607607209583e-05,0.0311492678439054,0.461374847435815,0.0019070512217098,0.3553753706964948,0.0,0.0,3.5966291264155634,2.311291607352805,1.245516673250617,1.3960365631508165,0.1864650490732612,0.8135349509267388,0.1333788869942211,0.8666211130057788,0.8135349509267388,0.05308616207904,0.0276174321546268,0.0254687299244131,2014
2010-12-12,2010121209.0,6.0,2,2.0,14:47,15,2687.0,5.0,SEA,24.0,76.0,10.0,6.0,0.0,0.0,SEA,SF,(14:47) M.Hasselbeck pass short left to R.Martin to SEA 30 for 6 yards (S.Spencer). Caught at SEA 24.,1,6.0,0,0,0,0,Pass,M.Hasselbeck,00-0007091,1,Complete,Short,0.0,0.0,0,left,0,,,0,,,R.Martin,00-0022421,1,S.Spencer,0,0,0,0,0.0,7.0,10.0,-3.0,3.0,SF,SEA,0,3,3,3,3,3,0.0538066561963903,0.1773748956750866,0.0055528092917348,0.2684041908175208,0.2035756190259732,0.003646055668597,0.2876397733246969,0.0,0.0,0.2094377403566163,0.1676057906175738,-0.9485376342107648,1.1161434248283386,0.6141138802930823,0.3858861197069176,0.6095757109634756,0.3904242890365242,0.3858861197069176,0.0045381693296066,-0.0310741655087146,0.0356123348383213,2010
2010-11-01,2010110100.0,11.0,2,4.0,03:05,4,1985.0,42.0,HOU,47.0,47.0,1.0,22.0,0.0,1.0,IND,HOU,(3:05) (Run formation) D.Brown left tackle to HOU 44 for 3 yards (A.Smith).,1,3.0,0,0,0,0,Run,,,0,,,0.0,0.0,0,,0,D.Brown,00-0027003,1,left,tackle,,,0,A.Smith,0,0,0,0,0.0,13.0,3.0,10.0,10.0,IND,HOU,0,2,2,1,2,1,0.4257920474265128,0.0851638518857041,0.000845931427863931,0.1289826039354057,0.160636775140285,0.0032510512022866,0.1919014155199265,0.0,0.0,0.6716606904042334,1.80841330109112,,,0.8368788962131944,0.1631211037868055,0.8699845465888625,0.1300154534111375,0.8368788962131944,0.033105650375668,,,2010
2014-12-28,2014122811.0,26.0,4,4.0,00:35,1,35.0,43.0,TEN,36.0,36.0,12.0,-3.0,0.0,1.0,IND,TEN,(:35) M.Hasselbeck kneels to TEN 37 for -1 yards.,1,-1.0,0,0,0,0,QB Kneel,,,0,,,0.0,0.0,0,,0,,00-0007091,0,,,,,0,,0,0,0,0,0.0,27.0,10.0,17.0,17.0,TEN,IND,0,3,3,3,3,3,0.4257920474265128,0.0,0.0,0.0,0.0,0.0,0.0,0.0,0.0,0.0,0.0,,,0.0065028651121668,0.9934971348878332,0.0257341274566041,0.9742658725433958,0.9934971348878332,-0.0192312623444373,,,2014
2011-12-19,2011121900.0,7.0,2,1.0,01:18,2,1878.0,8.0,PIT,26.0,74.0,10.0,40.0,0.0,0.0,PIT,SF,"(1:18) (No Huddle, Shotgun) B.Roethlisberger pass short right to A.Brown to PIT 45 for 19 yards (C.Culliver). Caught at PIT 29.  16-yds YAC",1,17.5,0,0,0,0,Pass,B.Roethlisberger,00-0022924,1,Complete,Short,3.0,0.0,0,right,0,,,0,,,A.Brown,00-0027793,1,C.Culliver,0,0,0,0,0.0,0.0,6.0,-6.0,6.0,SF,PIT,0,2,3,2,3,2,0.4257920474265128,0.0465414746018694,0.0022594468524889,0.0337685181607583,0.1345462406446993,0.0005122505503512975,0.1198641120475716,0.0,0.0,0.8631890627319069,0.7611846421451435,-0.0772408978596219,0.8384255400047654,0.6674104552087438,0.3325895447912562,0.6367553228218037,0.3632446771781963,0.3325895447912562,0.03065513238694,-0.0027832652518325,0.0334383976387726,2011
2015-12-06,2015120606.0,7.0,2,3.0,03:45,4,2025.0,46.0,SEA,43.0,57.0,8.0,84.0,0.0,1.0,SEA,MIN,"(3:45) (Shotgun) R.Wilson pass deep right to T.Lockett to MIN 28 for 29 yards (A.Exum, R.Blanton). PENALTY on MIN-A.Exum, Unnecessary Roughness, 14 yards, enforced at MIN 28.",1,17.5,0,0,0,0,Pass,R.Wilson,00-0029263,1,Complete,Deep,10.0,0.0,0,right,0,,,0,,,T.Lockett,00-0032211,1,A.Exum,0,0,0,1,0.0,7.0,0.0,7.0,7.0,MIN,SEA,0,2,3,2,3,2,0.3696076333003231,0.0909358609777385,0.0012106406199057,0.1351892532367123,0.1847609677398679,0.0028172572295281,0.2154783868959241,0.0,0.0,0.8467124891201152,2.311291607352805,2.5884658657155195,0.6614302527661065,0.2565151614173002,0.7434848385826998,0.1703712857815342,0.8296287142184657,0.7434848385826998,0.05888471184731932,0.0716053430590363,0.0145385325767296,2015
2016-11-13,2016111312.0,2.0,1,1.0,10:19,11,3319.0,0.0,SEA,40.0,60.0,10.0,52.0,0.0,0.0,SEA,NE,(10:19) (Shotgun) R.Wilson pass incomplete short middle to J.Kearse.,1,0.0,0,0,0,0,Pass,R.Wilson,00-0029263,1,Incomplete Pass,Short,1.0,0.0,0,middle,0,,,0,,,J.Kearse,00-0029159,0,,0,0,0,0,0.0,0.0,7.0,-7.0,7.0,NE,SEA,0,3,3,3,3,3,0.00304738284969,0.1125449655850571,0.0012365434866681,0.1736532661573419,0.2876670305395927,0.0035945296810713,0.4182562817005786,0.0,0.0,2.242303276055069,-0.6801582428603656,-0.5405224726958024,-0.1396357701645632,0.6612982649947681,0.3387017350052319,0.683988977976812,0.3160110220231878,0.3387017350052319,-0.022690712982044,-0.0180183379965961,-0.0046723749854478,2016
2011-11-06,2011110608.0,10.0,2,,00:08,1,1808.0,0.0,TEN,35.0,35.0,0.0,0.0,0.0,,CIN,TEN,"R.Bironas kicks 67 yards from TEN 35 to CIN -2. B.Tate to CIN 19 for 21 yards (T.Shaw). PENALTY on CIN-F.Rucker, Low Block, 7 yards, enforced at CIN 14.",1,17.5,0,0,0,0,Kickoff,,,0,,,0.0,0.0,0,,0,,,0,,,,,0,T.Shaw,0,0,0,1,0.0,7.0,17.0,-10.0,10.0,TEN,CIN,0,2,0,2,0,2,0.4257920474265128,0.0400908146705881,0.0027938055781011,0.0290367574206854,0.0930284198189516,0.0003830534633993812,0.0834748852901731,0.0,0.0,0.5350582063021015,-0.5350582063021015,,,0.8096554133571312,0.1903445866428687,0.8220186836269485,0.1779813163730514,0.1903445866428687,-0.0123632702698172,,,2011
2012-10-29,2012102900.0,11.0,3,1.0,12:40,13,1660.0,28.0,SF,40.0,40.0,10.0,39.0,0.0,0.0,ARI,SF,(12:40) (Shotgun) J.Skelton pass short right to L.Stephens-Howling to SF 41 for -1 yards (P.Willis).,1,-1.0,0,0,0,0,Pass,J.Skelton,00-0027754,1,Complete,Short,-6.0,0.0,0,right,0,,,0,,,L.Stephens-Howling,00-0026956,1,P.Willis,0,0,0,0,0.0,0.0,17.0,-17.0,17.0,ARI,SF,0,3,3,3,3,3,0.0010116745129813,0.0641844855146789,0.000211071675864895,0.0992728749914745,0.3433599298465251,0.0032832097747726,0.4886767536837026,0.0,0.0,3.569497760038951,-0.6202375275913332,-1.119898940437854,0.4996614128465206,0.1139692848440268,0.8860307151559732,0.1047082845320489,0.895291715467951,0.1139692848440268,-0.0092610003119778,-0.014707814915912,0.0054468146039342,2012
2014-12-14,2014121406.0,24.0,4,,02:15,3,135.0,13.0,HOU,6.0,6.0,0.0,47.0,0.0,0.0,,,Timeout #2 by HOU at 02:15.,1,0.0,0,0,0,0,Timeout,,,0,,,0.0,0.0,0,,0,,,0,,,,,0,,0,0,0,0,0.0,,,,,IND,HOU,1,2,3,2,3,1,0.0,0.0,0.0,0.0,0.0,0.0,0.0,0.0,0.0,0.0,0.0,,,,,,,,0.0,,,2014
2012-12-02,2012120212.0,1.0,1,1.0,11:30,12,3390.0,26.0,CIN,45.0,55.0,10.0,38.0,0.0,0.0,CIN,SD,"(11:30) B.Green-Ellis right end to CIN 47 for 2 yards (K.Reyes, C.Lynch).",1,2.0,0,0,0,0,Run,,,0,,,0.0,0.0,0,,0,B.Green-Ellis,00-0025860,1,right,end,,,0,K.Reyes,0,0,0,0,0.0,0.0,0.0,0.0,0.0,SD,CIN,0,3,3,3,3,3,0.0020233382227186,0.0989172785978828,0.0008042876713368977,0.1529247833457024,0.3034145886540792,0.0035547276877518,0.4383609958205282,0.0,0.0,2.6170462975252,-0.3679803637331211,,,0.4346983445243987,0.5653016554756013,0.4450432890249042,0.5549567109750958,0.5653016554756013,-0.0103449445005054,,,2012
2012-10-22,2012102200.0,1.0,1,4.0,14:08,15,3548.0,6.0,DET,24.0,76.0,6.0,4.0,0.0,1.0,DET,CHI,"(14:08) (Punt formation) N.Harris punts 35 yards to CHI 41, Center-D.Muhlbach, fair catch by D.Hester.",1,0.0,0,0,0,0,Punt,,,0,,,0.0,0.0,0,,0,,,0,,,,,0,,0,0,0,0,0.0,0.0,0.0,0.0,0.0,CHI,DET,0,3,3,3,3,3,0.0017327835575828,0.2880160783771425,0.0069388431261898,0.4281620625620772,0.0785877795935959,0.0048653298468685,0.1916971229365431,0.0,0.0,-2.2876865002880207,0.0175128802959512,,,0.588805495519098,0.411194504480902,0.5473347477415249,0.4526652522584752,0.411194504480902,0.0414707477775731,,,2012
2010-10-10,2010101006.0,1.0,1,1.0,13:22,14,3502.0,19.0,CIN,29.0,71.0,15.0,13.0,0.0,0.0,CIN,TB,(13:22) (Shotgun) C.Palmer pass short middle to T.Owens to CIN 34 for 5 yards (A.Talib) [B.Price].,1,5.0,0,0,0,0,Pass,C.Palmer,00-0021429,1,Complete,Short,4.0,0.0,1,middle,0,,,0,,,T.Owens,00-0012478,1,,0,0,0,0,0.0,0.0,0.0,0.0,0.0,CIN,TB,0,3,3,2,3,2,0.0018502671118792,0.154159646453643,0.0033389680944445,0.2398276763069497,0.2613359948422258,0.0039923313858145,0.3354951158050431,0.0,0.0,0.9925078482351416,-0.0261204720608749,-0.1792649980259815,0.1531445259651065,0.5255406978723595,0.4744593021276405,0.5265680089269732,0.4734319910730268,0.5255406978723595,0.0010273110546137,-0.0049660615653824,0.0059933726199962,2010
2016-12-18,2016121802.0,14.0,3,1.0,08:03,9,1383.0,32.0,CHI,49.0,49.0,20.0,19.0,0.0,0.0,GB,CHI,(8:03) (Shotgun) A.Rodgers pass short middle to R.Rodgers to CHI 39 for 10 yards (N.Kwiatkoski).,1,10.0,0,0,0,0,Pass,A.Rodgers,00-0023459,1,Complete,Short,6.0,0.0,0,middle,0,,,0,,,R.Rodgers,00-0031384,1,N.Kwiatkoski,0,0,0,0,0.0,13.0,10.0,3.0,3.0,CHI,GB,0,3,3,3,3,3,0.0039026277994164,0.0892643765531302,0.0005135306147384866,0.1367286111566918,0.3544850975438756,0.0040057260882534,0.4111000302438938,0.0,0.0,2.72324648752968,0.4316948948580013,0.0443595209393792,0.387335373918622,0.3169029665169017,0.6830970334830982,0.3009235294136854,0.6990764705863146,0.6830970334830982,0.0159794371032163,0.0016488585792734,0.0143305785239429,2016
2016-10-30,2016103008.0,25.0,4,4.0,02:40,3,160.0,5.0,DEN,2.0,2.0,2.0,73.0,1.0,1.0,SD,DEN,(2:40) (Shotgun) P.Rivers pass incomplete short left to H.Henry (L.Doss).,1,0.0,0,0,0,0,Pass,P.Rivers,00-0022942,1,Incomplete Pass,Short,2.0,0.0,0,left,0,,,0,,,H.Henry,00-0033090,0,,0,0,0,0,0.0,19.0,26.0,-7.0,7.0,DEN,SD,0,3,3,3,3,3,0.1482713257498145,0.020088380592554,0.0007976193822023526,0.0272374196593774,0.5864579642145082,0.006114872387977125,0.2005394515940061,0.0,0.0,2.9539325039770783,-2.3435852439389357,4.046067496022921,-3.1387746044711373,0.7715363042569131,0.2284636957430868,0.877281474647767,0.122718525352233,0.2284636957430868,-0.05867359827459407,0.10628588579079232,-0.06361267904339468,2016
2016-10-30,2016103010.0,23.0,4,4.0,00:46,1,46.0,0.0,PHI,9.0,91.0,20.5,-11.0,0.0,1.0,PHI,DAL,"(:46) (Punt formation) D.Jones punts 53 yards to DAL 38, Center-J.Dorenbos, fair catch by L.Whitehead. PENALTY on DAL-K.Wilber, Offensive Holding, 10 yards, enforced at DAL 38.",1,0.0,0,0,0,0,Punt,,,0,,,0.0,0.0,0,,0,,,0,,,,,0,,0,0,0,1,0.0,23.0,23.0,0.0,0.0,DAL,PHI,0,3,0,3,0,3,0.4257920474265128,0.100732015802185,0.0073919006497167,0.0663125493499421,0.0214128954153537,0.0005324002755769078,0.0420647220621688,0.0,0.0,-0.4214111529231867,-0.4242067418373246,,,0.4654594136771116,0.5345405863228884,0.6232986770467338,0.3767013229532662,0.5345405863228884,-0.05867359827459407,,,2016
2017-01-01,2017010108.0,20.0,4,,13:21,14,801.0,0.0,PIT,35.0,35.0,0.0,0.0,0.0,,CLE,PIT,"C.Boswell kicks 65 yards from PIT 35 to end zone, Touchback.",1,0.0,0,0,0,0,Kickoff,,,0,,,0.0,0.0,0,,0,,,0,,,,,0,,0,0,0,0,0.0,14.0,14.0,0.0,0.0,PIT,CLE,0,3,3,3,3,3,0.0711333529991638,0.1456539425591024,0.0039195319100398,0.2191935551241258,0.2224591497180873,0.0032572655211854,0.3343832021682952,0.0,0.0,1.035418618008431,0.0,,,0.4887694425094095,0.5112305574905904,0.4887694425094095,0.5112305574905904,0.5112305574905904,0.0,,,2016
2013-09-29,2013092904.0,20.0,4,2.0,11:50,12,710.0,42.0,IND,13.0,87.0,1.0,10.0,0.0,1.0,IND,JAC,(11:50) T.Richardson up the middle to IND 14 for 1 yard (P.Posluszny).,1,1.0,0,0,0,0,Run,,,0,,,0.0,0.0,0,,0,T.Richardson,00-0029675,1,middle,,,,0,P.Posluszny,0,0,0,0,0.0,33.0,3.0,20.5,23.0,JAC,IND,0,3,3,3,3,3,0.1279967452970768,0.1701400569905203,0.0061656559382599,0.242735082944373,0.1409183853325958,0.0031522011893533,0.3088918723078206,0.0,0.0,0.3694056010725473,-0.3042249995078301,,,0.00019066657499233752,0.9998093334250076,0.0002157239461644256,0.9997842760538356,0.9998093334250076,-2.505737117208806e-05,,,2013
2014-11-09,2014110902.0,13.0,3,3.0,11:34,12,1594.0,45.0,DET,47.0,53.0,19.0,0.0,0.0,0.0,DET,MIA,(11:34) (Shotgun) M.Stafford pass incomplete deep left to C.Johnson (C.Finnegan).,1,0.0,0,0,0,0,Pass,M.Stafford,00-0026498,1,Incomplete Pass,Deep,10.0,0.0,0,left,0,,,0,,,C.Johnson,00-0025389,0,,0,0,0,0,0.0,10.0,3.0,7.0,7.0,DET,MIA,0,3,3,3,3,3,0.0022016222925917,0.1488259622623574,0.0017212538204507,0.238107738421952,0.3244222877308025,0.0055864424573935,0.2791346930144519,0.0,0.0,0.8217080358267201,-1.3459486424154774,4.214854987950023,-3.1387746044711373,0.7554692153009243,0.2445307846990757,0.7101239857106169,0.2898760142893831,0.7554692153009243,-0.0453452295903074,0.1054088736802352,-0.06361267904339468,2014
2009-09-20,2009092012.0,12.0,2,1.0,00:23,1,1823.0,5.0,CLE,29.0,71.0,10.0,-1.0,0.0,0.0,CLE,DEN,(:23) B.Quinn kneels to CLE 28 for -1 yards.,1,-1.0,0,0,0,0,QB Kneel,,,0,,,0.0,0.0,0,,0,,00-0025409,0,,,,,0,,0,0,0,0,0.0,6.0,10.0,-4.0,4.0,DEN,CLE,0,3,1,3,1,3,0.4257920474265128,0.0,0.0,0.0,0.0,0.0,0.0,0.0,0.0,0.0,0.0,,,0.6385785745539653,0.3614214254460347,,,0.3614214254460347,,,,2009
2015-10-08,2015100800.0,8.0,2,,01:38,2,1898.0,6.0,IND,32.0,32.0,0.0,18.0,0.0,0.0,,,Timeout #3 by HOU at 01:38.,1,0.0,0,0,0,0,Timeout,,,0,,,0.0,0.0,0,,0,,,0,,,,,0,,0,0,0,0,0.0,,,,,HOU,IND,1,3,1,3,0,3,0.0,0.0,0.0,0.0,0.0,0.0,0.0,0.0,0.0,0.0,0.0,,,,,,,,0.0,,,2015
2010-11-28,2010112811.0,17.0,3,1.0,02:27,3,1047.0,4.0,SD,39.0,61.0,10.0,7.0,0.0,0.0,SD,IND,(2:27) (Run formation) P.Rivers pass short left to J.Hester to SD 46 for 7 yards (A.Francisco).,1,7.0,0,0,0,0,Pass,P.Rivers,00-0022942,1,Complete,Short,1.0,0.0,0,left,0,,,0,,,J.Hester,00-0026209,1,A.Francisco,0,0,0,0,0.0,24.0,14.0,10.0,10.0,IND,SD,0,3,3,3,3,3,0.0203780246924843,0.1108452162435923,0.0012848278537532,0.1680255917180697,0.2812551872352711,0.0034495657972938,0.4147615864595353,0.0,0.0,2.242711352052376,0.4557778761820188,-0.5322298859793873,0.988007762161406,0.1298224537663017,0.8701775462336983,0.1209420972918511,0.8790579027081489,0.8701775462336983,0.0088803564744506,-0.0095650703087106,0.0184454267831613,2010
2014-11-30,2014113000.0,11.0,3,2.0,05:06,6,1206.0,36.0,SD,10.0,10.0,8.0,53.0,0.0,0.0,BAL,SD,"(5:06) J.Flacco pass short right to T.Smith for 10 yards, TOUCHDOWN.",1,10.0,1,1,0,0,Pass,J.Flacco,00-0026158,1,Complete,Short,10.0,0.0,0,right,0,,,0,,,T.Smith,00-0027996,1,,0,0,0,0,0.0,16.0,13.0,3.0,3.0,BAL,SD,0,3,3,3,3,3,0.0026210775464241,0.0262011387965784,3.3010849182120615e-05,0.0405213377836346,0.4517966459722974,0.0024525058043159,0.4763742832475673,0.0,0.0,4.332596129684953,2.311291607352805,2.667403870315047,0.0,0.7414720259378256,0.2585279740621744,0.8199477145859085,0.1800522854140914,0.7414720259378256,0.05888471184731932,0.0784756886480829,0.0,2014
2016-11-06,2016110609.0,15.0,3,2.0,14:51,15,1791.0,4.0,GB,25.0,75.0,10.0,1.0,0.0,0.0,GB,IND,"(14:51) (No Huddle, Shotgun) T.Montgomery right guard to GB 26 for 1 yard (D.Parry).",1,1.0,0,0,0,0,Run,,,0,,,0.0,0.0,0,,0,T.Montgomery,00-0032200,1,right,guard,,,0,D.Parry,0,0,0,0,0.0,10.0,24.0,-14.0,14.0,GB,IND,0,3,3,3,3,3,0.0014590633046021,0.188603269316483,0.0057013310911532,0.2953986745651045,0.2129484127713325,0.0039845082138643,0.2919047407374602,0.0,0.0,0.0451442478164607,-0.8323547275541965,,,0.1100836072204315,0.8899163927795685,0.0986429923266185,0.9013570076733814,0.1100836072204315,-0.011440614893813,,,2016
2009-09-13,2009091310.0,6.0,2,1.0,09:29,10,2369.0,33.0,WAS,43.0,57.0,10.0,30.0,0.0,1.0,WAS,NYG,(9:29) J.Campbell pass short middle to A.Randle El to NYG 44 for 13 yards (T.Thomas).,1,13.0,0,0,0,0,Pass,J.Campbell,00-0023460,1,Complete,Short,5.0,0.0,0,middle,0,,,0,,,A.Randle El,00-0021190,1,T.Thomas,0,0,0,0,0.0,0.0,10.0,-10.0,10.0,NYG,WAS,0,2,1,2,1,2,0.1132603940133265,0.087857360019509,0.0007941787627662311,0.1307135979174003,0.2668768356212975,0.0029964214574767,0.3975012122082234,0.0,0.0,2.408976212230548,0.8223309434599888,0.064225395378016,0.7581055480819727,0.7509355248495689,0.249064475150431,0.7231988912593965,0.2768011087406034,0.249064475150431,0.0277366335901723,0.002284005182442,0.0254526284077302,2009
2015-11-29,2015112903.0,10.0,2,3.0,02:56,3,1976.0,47.0,HOU,43.0,57.0,12.0,27.0,0.0,0.0,HOU,NO,(2:56) (Shotgun) B.Hoyer pass short right to C.Shorts III to 50 for 7 yards (S.Anthony).,1,7.0,0,0,0,0,Pass,B.Hoyer,00-0026625,1,Complete,Short,6.0,0.0,0,right,0,,,0,,,C.Shorts,00-0028052,1,S.Anthony,0,0,0,0,0.0,14.0,3.0,11.0,11.0,HOU,NO,0,2,2,2,2,2,0.4178821032293164,0.0873093053936814,0.0011667461274481,0.1305667581478123,0.1747618637919322,0.0028094765902063,0.185503746719603,0.0,0.0,0.6502020561228041,-0.4250253169563043,-0.4987092358824893,0.0736839189261849,0.8484462637284751,0.1515537362715249,0.8478866733292647,0.1521133266707353,0.8484462637284751,-0.0005595903992103857,-0.0097494280937766,0.0091898376945662,2015
2009-12-20,2009122005.0,1.0,1,,15:00,15,3600.0,0.0,SF,30.0,30.0,0.0,0.0,0.0,,PHI,SF,J.Nedney kicks 68 yards from SF 30 to PHI 2. Q.Demps to 50 for 48 yards (G.Coffee).,1,17.5,0,0,0,0,Kickoff,,,0,,,0.0,0.0,0,,0,,,0,,,,,0,G.Coffee,0,0,0,0,0.0,0.0,0.0,0.0,0.0,PHI,SF,0,3,3,3,3,3,0.0015063265025897,0.1797487862643072,0.0066391083784486,0.281137706070735,0.2137001434842491,0.0035923127788396,0.3136756165208305,0.0,0.0,0.3235258536112761,2.311291607352805,,,0.4856749860969135,0.5143250139030865,0.5655375844706089,0.4344624155293911,0.4856749860969135,0.05888471184731932,,,2009
2014-11-30,2014113002.0,23.0,4,3.0,04:13,5,253.0,36.0,TEN,21.0,21.0,11.0,5.0,0.0,0.0,HOU,TEN,(4:13) J.Grimes up the middle to TEN 25 for -4 yards (W.Woodyard).,1,-4.0,0,0,0,0,Run,,,0,,,0.0,0.0,0,,0,J.Grimes,00-0029510,1,middle,,,,0,W.Woodyard,0,0,0,0,0.0,38.0,13.0,20.5,23.0,HOU,TEN,0,3,3,3,3,3,0.1638023917965495,0.0387834295475403,0.00011196238794601876,0.0607585721301545,0.4528117297847873,0.0031414393532154,0.2805904749998066,0.0,0.0,2.786967174729845,-0.6564203294052895,,,0.9999980528521024,1.9471478974741885e-06,0.9999976298061328,2.3701938672848755e-06,0.9999980528521024,-4.23045969810687e-07,,,2014
2010-09-19,2010091913.0,17.0,3,2.0,00:45,1,945.0,42.0,MID,50.0,50.0,7.0,26.0,0.0,1.0,JAC,SD,(:45) (Shotgun) D.Garrard pass short right INTERCEPTED by K.Burnett [B.Siler] at SD 40. K.Burnett to SD 42 for 2 yards (M.Sims-Walker).,1,2.0,0,0,0,0,Pass,D.Garrard,00-0021231,1,Incomplete Pass,Short,10.0,0.0,1,right,1,,,0,,,,,0,M.Sims-Walker,0,0,0,0,0.0,6.0,24.0,-18.0,18.0,SD,JAC,0,3,3,3,3,3,0.0247182661715454,0.0934369535392601,0.0007883705957445485,0.1414197401587403,0.3174457066345176,0.0035489878799482,0.4186419750202436,0.0,0.0,2.6181031378847037,-2.3435852439389357,1.0170965508104317,-3.1387746044711373,0.9296420522776592,0.0703579477223408,0.9720281707085624,0.0279718292914377,0.0703579477223408,-0.0423861184309031,0.0107441994770063,-0.0531303179079094,2010
2014-11-09,2014110905.0,14.0,3,1.0,04:34,5,1174.0,0.0,PIT,20.0,80.0,10.0,-5.0,0.0,1.0,PIT,NYJ,"(4:34) PENALTY on PIT-M.Gilbert, False Start, 5 yards, enforced at PIT 20 - No Play.",1,0.0,0,0,0,0,No Play,,,0,,,0.0,0.0,0,,0,,,0,,,,,0,,0,0,0,1,0.0,3.0,20.0,-17.0,17.0,NYJ,PIT,0,3,2,3,2,3,0.018441085077335,0.1731303326497751,0.0063364468599348,0.2644426878786992,0.2142016933342485,0.0034488944125939,0.3199988597874133,0.0,0.0,0.5063321805197378,-0.7121473349555758,,,0.9347370090776164,0.0652629909223836,0.9417723536676416,0.0582276463323584,0.0652629909223836,-0.0070353445900252,,,2014
2011-12-04,2011120404.0,21.0,4,3.0,07:25,8,445.0,25.0,CLE,18.0,82.0,17.0,8.0,0.0,0.0,CLE,BAL,"(7:25) (Shotgun) C.McCoy pass short middle to C.Ogbonnaya to CLE 28 for 10 yards (J.McClain). Penalty on CLE-S.Lauvao, Offensive Holding, declined.",1,10.0,0,0,0,0,Pass,C.McCoy,00-0027688,1,Complete,Short,4.0,0.0,0,middle,0,,,0,,,C.Ogbonnaya,00-0027140,1,J.McClain,0,0,0,0,0.0,3.0,17.0,-14.0,14.0,CLE,BAL,0,3,3,1,3,1,0.2599317577024325,0.189188477371946,0.0073855705603977,0.2788322204872401,0.1076290258602887,0.0033002033276384,0.1537327446900563,0.0,0.0,-1.128545419580777,-0.1242932186361209,-0.5951388283417942,0.4708456097056732,0.0454480661694974,0.9545519338305024,0.0436870615107294,0.9563129384892706,0.0454480661694974,-0.001761004658768,-0.0051184551208857,0.0033574504621176,2011
2014-09-14,2014091403.0,4.0,1,4.0,06:42,7,3102.0,40.0,NO,5.0,5.0,1.0,48.0,0.0,1.0,CLE,NO,(6:42) T.West left guard to NO 3 for 2 yards (D.Hawthorne).,1,2.0,0,0,0,0,Run,,,0,,,0.0,0.0,0,,0,T.West,00-0031375,1,left,guard,,,0,D.Hawthorne,0,0,0,0,0.0,0.0,0.0,0.0,0.0,CLE,NO,0,3,3,2,3,2,0.0020536214507047,0.0241850770009372,8.96525377246805e-05,0.0401725798674461,0.5864579642145082,0.0030945866553274,0.1256549689311676,0.0,0.0,2.94607990134852,2.311291607352805,,,0.5985174219157535,0.4014825780842465,0.7030989410236541,0.2969010589763459,0.5985174219157535,0.05888471184731932,,,2014
2011-11-27,2011112707.0,1.0,1,2.0,13:43,14,3523.0,8.0,WAS,32.0,68.0,10.0,16.0,0.0,0.0,WAS,SEA,(13:43) R.Helu left end to WAS 36 for 4 yards (E.Thomas).,1,4.0,0,0,0,0,Run,,,0,,,0.0,0.0,0,,0,R.Helu,00-0028043,1,left,end,,,0,E.Thomas,0,0,0,0,0.0,0.0,0.0,0.0,0.0,SEA,WAS,0,3,3,3,3,3,0.0016893149711561,0.1627928122676403,0.0035085933067661,0.2547099959714329,0.2463038478869106,0.0040309037428171,0.3269645318532766,0.0,0.0,0.7573594789028184,-0.3002700067919348,,,0.4971737255490938,0.5028262744509062,0.5035364538875686,0.4964635461124314,0.5028262744509062,-0.0063627283384747,,,2011
2011-12-11,2011121113.0,7.0,2,1.0,09:37,10,2377.0,44.0,NYG,40.0,40.0,10.0,46.0,0.0,0.0,DAL,NYG,(9:37) F.Jones up the middle to NYG 34 for 6 yards (C.Canty; C.Blackburn). Delayed handoff.,1,6.0,0,0,0,0,Run,,,0,,,0.0,0.0,0,,0,F.Jones,00-0026162,1,middle,,,,0,C.Canty,0,0,0,0,0.0,7.0,12.0,-5.0,5.0,DAL,NYG,0,3,3,3,3,3,0.0713671961620886,0.0556743994837748,0.00018021262176051784,0.0826505718638801,0.3190975572745738,0.0028320412228206,0.4681980213711014,0.0,0.0,3.494405277125065,0.1052804496941233,,,0.4368119583419166,0.5631880416580833,0.4431982893369348,0.5568017106630652,0.4368119583419166,0.0063863309950181,,,2011
2010-12-19,2010121904.0,17.0,4,2.0,11:50,12,710.0,43.0,TEN,49.0,51.0,4.0,4.0,0.0,0.0,TEN,HOU,(11:50) C.Johnson left tackle to TEN 47 for -2 yards (S.Cody).,1,-2.0,0,0,0,0,Run,,,0,,,0.0,0.0,0,,0,C.Johnson,00-0026164,1,left,tackle,,,0,S.Cody,0,0,0,0,0.0,31.0,10.0,20.5,21.0,TEN,HOU,0,3,3,3,3,3,0.062091035594655,0.0859447823100775,0.0006912532963747825,0.1273500205488422,0.2925397954859194,0.0033031351893166,0.4280799775748141,0.0,0.0,2.7301185024952126,-1.1433886748311823,,,0.9927200875465482,0.0072799124534518,0.9890651717857488,0.0109348282142512,0.9927200875465482,-0.0036549157607994,,,2010
2009-11-15,2009111500.0,16.0,4,1.0,09:35,10,575.0,39.0,ATL,16.0,84.0,10.0,15.0,0.0,0.0,ATL,CAR,"(9:35) J.Snelling left end to ATL 19 for 3 yards (R.Marshall, J.Beason).",1,3.0,0,0,0,0,Run,,,0,,,0.0,0.0,0,,0,J.Snelling,00-0025631,1,left,end,,,0,R.Marshall,0,0,0,0,0.0,19.0,21.0,-2.0,2.0,CAR,ATL,0,2,3,2,3,2,0.1838315019538788,0.1524797155681905,0.0070443415765848,0.2278110518897329,0.1687699560095079,0.0027563250450462,0.2573071079570584,0.0,0.0,0.2467670807321536,-0.2342090144738444,,,0.5808778741864071,0.4191221258135928,0.5908378609911451,0.4091621390088549,0.4191221258135928,-0.0099599868047379,,,2009
2011-10-23,2011102308.0,21.0,4,4.0,08:25,9,505.0,45.0,KC,26.0,74.0,8.0,17.0,0.0,1.0,KC,OAK,"(8:25) D.Colquitt punts 65 yards to OAK 9, Center-T.Gafford. D.Moore to OAK 18 for 9 yards (A.Studebaker; J.Houston). PENALTY on KC-S.Piscitelli, Personal Foul, 15 yards, enforced at OAK 18.",1,9.0,0,0,0,0,Punt,,,0,,,0.0,0.0,0,,0,,,0,,,,,0,A.Studebaker,0,0,0,1,0.0,26.0,0.0,20.5,23.0,OAK,KC,0,2,3,2,3,2,0.21141357792481,0.2232885333629034,0.0051769966365058,0.3152363731105418,0.078297783405024,0.0039739242607385,0.1626128112994762,0.0,0.0,-1.5057433273026315,-0.0734214426004442,,,0.0034847762680061,0.996515223731994,0.0038742875431133,0.9961257124568866,0.996515223731994,-0.00038951127510722383,,,2011
2014-09-14,2014091400.0,8.0,2,4.0,08:52,9,2332.0,39.0,MIA,30.0,70.0,5.0,10.0,0.0,1.0,MIA,BUF,"(8:52) B.Fields punts 45 yards to BUF 25, Center-J.Denney, fair catch by L.McKelvin.",1,0.0,0,0,0,0,Punt,,,0,,,0.0,0.0,0,,0,,,0,,,,,0,,0,0,0,0,0.0,0.0,9.0,-9.0,9.0,BUF,MIA,0,3,3,3,3,3,0.1916815748029809,0.2124382392143187,0.0042820590824052,0.3051004969462683,0.0934490965147411,0.0042319817598762,0.1888165516794093,0.0,0.0,-1.1710551996118037,0.2009455501521153,,,0.8239549527279861,0.1760450472720138,0.8077482299276796,0.1922517700723204,0.1760450472720138,0.0162067228003065,,,2014
2016-09-25,2016092501.0,15.0,3,1.0,06:45,7,1305.0,8.0,CAR,42.0,58.0,10.0,25.0,0.0,0.0,CAR,MIN,(6:45) (Shotgun) C.Artis-Payne right tackle to CAR 45 for 3 yards (L.Joseph; C.Greenway).,1,3.0,0,0,0,0,Run,,,0,,,0.0,0.0,0,,0,C.Artis-Payne,00-0031599,1,right,tackle,,,0,L.Joseph,0,0,0,0,0.0,10.0,16.0,-6.0,6.0,CAR,MIN,0,3,3,3,3,3,0.0068135315423863,0.105181602315326,0.0010209107163321,0.1609347641605842,0.2936885687789922,0.0035172269116496,0.4288433955747294,0.0,0.0,2.4458739516806496,-0.2363044852980578,,,0.3608621337721657,0.6391378662278343,0.3511842083355136,0.6488157916644863,0.3608621337721657,-0.009677925436652,,,2016
2013-12-08,2013120809.0,21.0,4,3.0,06:05,7,365.0,6.0,TEN,26.0,26.0,9.0,31.0,0.0,0.0,DEN,TEN,"(6:05) (No Huddle, Shotgun) P.Manning pass short middle to J.Dreessen to TEN 18 for 8 yards (Z.Brown).",1,8.0,0,0,0,0,Pass,P.Manning,00-0010346,1,Complete,Short,2.0,0.0,0,middle,0,,,0,,,J.Dreessen,00-0023630,1,Z.Brown,0,0,0,0,0.0,38.0,28.0,16.0,16.0,DEN,TEN,0,3,3,3,3,3,0.1275846889048074,0.0479613023174237,0.00017119968811456197,0.0746959758048134,0.4390484330177912,0.0033516877326954,0.3071867125343541,0.0,0.0,2.807057525297049,-0.4682719203135734,-0.8676219905325193,0.3993500702189458,0.9806871750536726,0.0193128249463273,0.9810845775143708,0.0189154224856292,0.9806871750536726,0.00039740246069808194,-0.0042945333491125,0.0046919358098106,2013
2012-09-23,2012092303.0,17.0,4,1.0,10:42,11,642.0,39.0,TEN,34.0,34.0,10.0,15.0,0.0,0.0,DET,TEN,(10:42) (Shotgun) M.Leshoure right tackle to TEN 31 for 3 yards (S.Marks).,1,3.0,0,0,0,0,Run,,,0,,,0.0,0.0,0,,0,M.Leshoure,00-0027995,1,right,tackle,,,0,S.Marks,0,0,0,0,0.0,19.0,19.0,0.0,0.0,TEN,DET,0,3,3,3,3,3,0.0471205221389614,0.0474136179318566,0.000106908376173903,0.0704984908257371,0.3386647269454341,0.0027782013240879,0.4934175324577487,0.0,0.0,3.839529204360642,-0.230416414836009,,,0.3721102290624943,0.6278897709375056,0.378438273863601,0.6215617261363989,0.6278897709375056,-0.0063280448011067,,,2012
2010-09-26,2010092605.0,14.0,2,1.0,00:54,1,1854.0,8.0,DET,49.0,51.0,10.0,4.0,0.0,0.0,DET,MIN,(:54) (Shotgun) Sh.Hill pass short left to M.Morris to MIN 47 for 4 yards (C.Griffin).,1,4.0,0,0,0,0,Pass,Sh.Hill,00-0020679,1,Complete,Short,4.0,0.0,0,left,0,,,0,,,M.Morris,00-0021182,1,C.Griffin,0,0,0,0,0.0,7.0,14.0,-7.0,7.0,MIN,DET,0,3,3,3,3,3,0.4257920474265128,0.0324228512668085,0.0003920724920260994,0.0234240498079402,0.2217681279903774,0.0006127907644983712,0.1937845227662726,0.0,0.0,1.761000577423978,-0.0212251078331053,-0.0212251078331053,0.0,0.6748109780409361,0.3251890219590639,0.6720209076394659,0.3279790923605342,0.3251890219590639,0.0027900704014703,0.0027900704014703,0.0,2010
2010-09-26,2010092613.0,16.0,3,,12:33,13,1653.0,6.0,SEA,2.0,2.0,0.0,80.0,0.0,0.0,SD,SEA,"N.Kaeding extra point is GOOD, Center-R.Neill, Holder-M.Scifres.",1,0.0,1,0,0,0,Extra Point,,,0,,,0.0,0.0,0,,0,,,0,,,,,0,,0,0,0,0,0.0,6.0,17.0,-11.0,11.0,SEA,SD,0,3,3,3,3,3,0.0,0.0,0.0,0.0,0.0,0.0,0.0,0.9907954004544308,0.0,0.9907954004544308,0.009204599545569,,,0.8271840649065308,0.1728159350934691,0.8249108654289521,0.1750891345710479,0.1728159350934691,0.0022731994775787,,,2010
2014-11-16,2014111607.0,3.0,1,1.0,07:16,8,3136.0,12.0,STL,23.0,77.0,10.0,15.0,0.0,1.0,STL,DEN,(7:16) (Shotgun) T.Mason right tackle pushed ob at STL 38 for 15 yards (B.Marshall).,1,15.0,0,0,0,0,Run,,,0,,,0.0,0.0,0,,0,T.Mason,00-0031391,1,right,tackle,,,0,B.Marshall,0,0,0,0,0.0,3.0,0.0,3.0,3.0,STL,DEN,0,3,3,3,3,3,0.0091689164350407,0.1654204783272468,0.0050625916945963,0.2541092848008107,0.226598686423722,0.0035391112674402,0.3361009310511429,0.0,0.0,0.7544291871874385,1.3701414727237569,,,0.610406351112373,0.389593648887627,0.6584451888957344,0.3415548111042655,0.610406351112373,0.0480388377833614,,,2014
2014-12-21,2014122107.0,12.0,2,,01:58,2,1918.0,10.0,GB,40.0,40.0,0.0,58.0,0.0,0.0,,,Two-Minute Warning,1,0.0,0,0,0,0,Two Minute Warning,,,0,,,0.0,0.0,0,,0,,,0,,,,,0,,0,0,0,0,0.0,,,,,TB,GB,0,1,3,1,3,1,0.0,0.0,0.0,0.0,0.0,0.0,0.0,0.0,0.0,0.0,2.311291607352805,,,,,,,,,,,2014
2016-11-13,2016111308.0,19.0,4,4.0,00:11,1,11.0,8.0,WAS,28.0,28.0,17.0,33.0,0.0,1.0,MIN,WAS,(:11) (Shotgun) S.Bradford sacked at WAS 42 for -14 yards (P.Smith).,1,-10.5,0,0,0,0,Sack,,00-0027854,0,,,0.0,0.0,1,,0,,,0,,,,,0,P.Smith,0,1,0,0,0.0,20.0,26.0,-6.0,6.0,WAS,MIN,0,0,1,0,1,0,0.4257920474265128,0.0262769320065472,0.00042018377880923946,0.0187174886700762,0.4508938406808936,0.000844005302836961,0.047280504826931,0.0,0.0,1.4746394821690785,-1.4746394821690785,,,0.9378951988615304,0.0621048011384696,0.9355029766243694,0.0644970233756305,0.0621048011384696,0.0023922222371609,,,2016
2013-10-20,2013102007.0,12.0,2,1.0,00:10,1,1810.0,8.0,NYJ,20.0,80.0,10.0,4.0,0.0,0.0,NYJ,NE,(:10) (Shotgun) T.Bohanon up the middle to NYJ 24 for 4 yards (Chr. Jones; D.Hightower).,1,4.0,0,0,0,0,Run,,,0,,,0.0,0.0,0,,0,T.Bohanon,00-0030112,1,middle,,,,0,Chr. Jones,0,0,0,0,0.0,10.0,20.0,-10.0,10.0,NYJ,NE,0,1,1,1,1,1,0.4257920474265128,0.0403369477008858,0.0028110399520691,0.0292172379459155,0.093587638380317,0.00038540915032480216,0.0839719494299935,0.0,0.0,0.5381837908233507,0.0,,,0.1954429636471187,0.8045570363528813,0.1954429636471187,0.8045570363528813,0.1954429636471187,0.0,,,2013
2015-12-21,2015122100.0,11.0,3,,11:50,12,1610.0,0.0,DET,35.0,35.0,0.0,0.0,0.0,,NO,DET,"S.Martin kicks 65 yards from DET 35 to end zone, Touchback.",1,0.0,0,0,0,0,Kickoff,,,0,,,0.0,0.0,0,,0,,,0,,,,,0,,0,0,0,0,0.0,3.0,28.0,-23.5,23.0,NO,DET,0,3,3,3,3,3,0.0032333876998827,0.1783512464915612,0.0065692325645508,0.2769521114170861,0.2146194610246928,0.0035608933614749,0.3167136674407514,0.0,0.0,0.3811188573589004,0.0,,,0.0097448254513824,0.9902551745486176,0.0097448254513824,0.9902551745486176,0.0097448254513824,0.0,,,2015
2013-11-28,2013112801.0,15.0,3,2.0,08:39,9,1419.0,33.0,DAL,30.0,70.0,4.0,62.0,0.0,1.0,DAL,OAK,(8:39) L.Dunbar left guard to OAK 25 for 45 yards (P.Adams).,1,17.5,0,0,0,0,Run,,,0,,,0.0,0.0,0,,0,L.Dunbar,00-0029004,1,left,guard,,,0,P.Adams,0,0,0,0,0.0,20.0,14.0,6.0,6.0,DAL,OAK,0,3,3,3,3,3,0.0060196850351231,0.1555886280695035,0.0031588594971955,0.2358301048592932,0.2314334863186618,0.0038970078948386,0.364072228325384,0.0,0.0,1.1267057358053962,2.311291607352805,,,0.7331751142704216,0.2668248857295784,0.8246493702938326,0.1753506297061674,0.7331751142704216,0.05888471184731932,,,2013
2013-12-01,2013120103.0,21.0,4,1.0,04:17,5,257.0,4.0,DEN,44.0,56.0,10.0,29.0,0.0,0.0,DEN,KC,(4:17) (Shotgun) K.Moreno up the middle to DEN 39 for -5 yards (E.Berry).,1,-5.0,0,0,0,0,Run,,,0,,,0.0,0.0,0,,0,K.Moreno,00-0026988,1,left,end,,,0,E.Berry,0,0,0,0,0.0,35.0,28.0,7.0,7.0,KC,DEN,0,1,3,1,3,1,0.3027420959776024,0.0660345358380337,0.0005593622065118022,0.0970776092612541,0.2124048272171422,0.0023020207925482,0.3188795487069074,0.0,0.0,1.995209767428971,-0.9356514711848056,,,0.0976972658602762,0.9023027341397236,0.1200784593634637,0.8799215406365363,0.9023027341397236,-0.0223811935031874,,,2013
2010-09-26,2010092605.0,8.0,1,1.0,02:32,3,2852.0,28.0,MIN,37.0,63.0,10.0,17.0,0.0,0.0,MIN,DET,(2:32) A.Peterson right tackle to MIN 35 for -2 yards (J.Peterson).,1,-2.0,0,0,0,0,Run,,,0,,,0.0,0.0,0,,0,A.Peterson,00-0025394,1,right,tackle,,,0,J.Peterson,0,0,0,0,0.0,0.0,7.0,-7.0,7.0,MIN,DET,0,3,3,3,3,3,0.0209554716550414,0.1166923866785064,0.001526440983972,0.1769745188272075,0.2746770533595712,0.0034647946777112,0.4057093338179899,0.0,0.0,2.0789744123661498,-0.9486717050418072,,,0.3260725418532488,0.6739274581467511,0.2911902390566356,0.7088097609433643,0.3260725418532488,-0.0348823027966132,,,2010
2012-12-16,2012121608.0,17.0,3,3.0,13:40,14,1720.0,42.0,DET,29.0,71.0,1.0,8.0,0.0,0.0,DET,ARI,(13:40) M.Leshoure left tackle to DET 28 for -1 yards (C.Campbell).,1,-1.0,0,0,0,0,Run,,,0,,,0.0,0.0,0,,0,M.Leshoure,00-0027995,1,left,tackle,,,0,C.Campbell,0,0,0,0,0.0,7.0,20.0,-13.0,13.0,ARI,DET,0,3,3,3,3,3,0.001787220178477,0.1703421502893175,0.0041108521134731,0.2530385225980573,0.1738063812024111,0.0030442703028832,0.3938706033153805,0.0,0.0,0.9940840941393636,-2.3435852439389357,,,0.8631472654070081,0.1368527345929918,0.9004885419584757,0.0995114580415243,0.1368527345929918,-0.0373412765514675,,,2012
2016-01-03,2016010311.0,8.0,2,1.0,02:35,3,1955.0,25.0,ATL,47.0,53.0,10.0,30.0,0.0,0.0,ATL,NO,(2:35) M.Ryan pass incomplete deep right to R.White.,1,0.0,0,0,0,0,Pass,M.Ryan,00-0026143,1,Incomplete Pass,Deep,10.0,0.0,0,right,0,,,0,,,R.White,00-0023462,0,,0,0,0,0,0.0,10.0,14.0,-4.0,4.0,ATL,NO,0,3,3,2,3,2,0.3759933760624629,0.0539399908988588,0.00038060029271549695,0.0789569067782655,0.1953542842723754,0.002016769047638,0.2933580726476839,0.0,0.0,1.9283233787163232,-0.4331331625348713,1.5162982643787972,-1.9494314269136688,0.4402054967392978,0.5597945032607021,0.4257195604266794,0.5742804395733205,0.4402054967392978,-0.0144859363126183,0.0480835870912016,-0.06256952340382,2015
2015-12-13,2015121304.0,6.0,2,2.0,14:54,15,2694.0,6.0,JAC,11.0,11.0,10.0,58.0,0.0,0.0,IND,JAC,(14:54) F.Gore right end to JAC 10 for 1 yard (A.Jones).,1,1.0,0,0,0,0,Run,,,0,,,0.0,0.0,0,,0,F.Gore,00-0023500,1,right,end,,,0,A.Jones,0,0,0,0,0.0,3.0,3.0,0.0,0.0,JAC,IND,0,3,3,3,3,3,0.0094124641248746,0.0271296506738001,3.704860477853386e-05,0.0416557771296016,0.4528325348619318,0.0024433037589376,0.4664892208460756,0.0,0.0,4.255755268888031,-0.6984096978577754,,,0.3923204980574623,0.6076795019425377,0.4175895909284401,0.5824104090715598,0.6076795019425377,-0.0252690928709778,,,2015
2011-09-25,2011092507.0,7.0,2,1.0,13:08,14,2588.0,12.0,CIN,37.0,63.0,10.0,5.0,0.0,1.0,CIN,SF,"(13:08) A.Dalton pass incomplete deep right to A.Green. PENALTY on SF-P.Haralson, Defensive Offside, 5 yards, enforced at CIN 37 - No Play.",1,0.0,0,0,0,0,No Play,A.Dalton,,1,Incomplete Pass,Deep,0.0,0.0,0,right,0,,,0,,,A.Green,,0,,0,0,0,1,0.0,3.0,0.0,3.0,3.0,CIN,SF,0,3,3,2,3,2,0.0581400304418665,0.1108072381258375,0.0014438792932394,0.1663775788374743,0.2652457453576086,0.003285580317188,0.3946999476267854,0.0,0.0,2.065255505268388,0.7584175809592986,,,0.649751449086544,0.3502485509134559,0.676846717587286,0.323153282412714,0.649751449086544,0.0270952685007419,,,2011
2010-10-17,2010101708.0,8.0,2,2.0,00:41,1,1841.0,5.0,TB,46.0,46.0,10.0,24.0,0.0,0.0,NO,TB,(:41) (Shotgun) D.Brees pass incomplete deep left to L.Moore.,1,0.0,0,0,0,0,Pass,D.Brees,00-0020531,1,Incomplete Pass,Deep,10.0,0.0,0,left,0,,,0,,,L.Moore,00-0023310,0,,0,0,0,0,0.0,17.0,0.0,17.0,17.0,TB,NO,0,1,2,1,2,1,0.4257920474265128,0.0333535588047128,0.0004705691205128745,0.0243846678679565,0.2420746770193531,0.0006513498426627557,0.1759885481273271,0.0,0.0,1.6877520779038149,-0.3736256529345523,2.388706076255442,-2.7623317291899943,0.0505514676286137,0.9494485323713864,0.0544921822482971,0.9455078177517028,0.9494485323713864,-0.0039407146196833,0.0227532601650883,-0.0266939747847717,2010
2014-09-14,2014091413.0,7.0,2,4.0,09:41,10,2381.0,13.0,CHI,8.0,92.0,15.0,-5.0,0.0,1.0,CHI,SF,"(9:41) P.O'Donnell punts 47 yards to SF 45, Center-J.Cain. B.Ellington MUFFS catch, touched at 50, and recovers at 50. B.Ellington to 50 for no gain (C.Jones). 5-yds of loose ball yardage.",1,0.0,0,0,0,0,Punt,,,0,,,0.0,0.0,0,,0,,,0,,,,,0,C.Jones,0,0,0,0,0.0,0.0,10.0,-10.0,10.0,SF,CHI,0,3,2,3,2,3,0.1598986075031927,0.2861586430485899,0.009553273933919493,0.3905910501033797,0.0303357580615604,0.0030498015743371,0.1191293530132657,0.0,0.0,-2.6832745048345603,-0.2093177331695224,,,0.8637524100683813,0.1362475899316186,0.855564663994324,0.144435336005676,0.1362475899316186,0.0081877460740573,,,2014
2014-12-14,2014121408.0,21.0,4,3.0,12:35,13,755.0,4.0,NE,22.0,22.0,1.0,58.0,0.0,0.0,MIA,NE,(12:35) (Shotgun) R.Tannehill pass incomplete deep left to R.Matthews.,1,0.0,0,0,0,0,Pass,R.Tannehill,00-0029701,1,Incomplete Pass,Deep,10.0,0.0,0,left,0,,,0,,,R.Matthews,00-0029580,0,,0,0,0,0,0.0,19.0,31.0,-12.0,12.0,NE,MIA,0,3,3,3,3,3,0.0238348780685718,0.0353054636211564,0.00010433451894880676,0.0537746567823542,0.4229927569671505,0.0022291802353383,0.4617587298064797,0.0,0.0,4.023200082639639,-1.5405835754066102,2.9767999173603608,-3.1387746044711373,0.8121849259606229,0.1878150740393772,0.84555370451846,0.15444629548154,0.1878150740393772,-0.0333687785578371,0.0986863216640804,-0.06361267904339468,2014
2011-09-18,2011091808.0,4.0,1,1.0,01:46,2,2806.0,45.0,CHI,23.0,23.0,10.0,63.0,0.0,0.0,NO,CHI,"(1:46) D.Brees pass short right to L.Moore to CHI 17 for 6 yards (T.Jennings). Pass 5, YAC 1",1,6.0,0,0,0,0,Pass,D.Brees,00-0020531,1,Complete,Short,5.0,0.0,0,right,0,,,0,,,L.Moore,00-0023310,1,T.Jennings,0,0,0,0,0.0,0.0,7.0,-7.0,7.0,NO,CHI,0,2,2,1,2,1,0.008124666715203,0.0352365556665122,4.109446738213424e-05,0.0530340662336889,0.370983512339333,0.0026791637740168,0.5299009408038637,0.0,0.0,4.350585130622956,0.0035116511250326,-0.0820666305645323,0.0855782816895649,0.4102495700497304,0.5897504299502696,0.4076824395474843,0.5923175604525157,0.4102495700497304,-0.0025671305022461,-0.0031211818396774,0.000554051337431305,2011
2010-11-08,2010110800.0,2.0,1,1.0,13:02,14,3482.0,35.0,CIN,1.0,1.0,1.0,25.0,1.0,0.0,PIT,CIN,"(13:02) R.Mendenhall left tackle for 1 yard, TOUCHDOWN.",1,1.0,1,1,0,0,Run,,,0,,,0.0,0.0,0,,0,R.Mendenhall,00-0026163,1,left,end,,,0,,0,0,0,0,0.0,0.0,0.0,0.0,0.0,CIN,PIT,0,3,3,3,3,3,0.00011448827436952946,0.0076960445836032,7.485381838755763e-05,0.010872977975266,0.0670921694068781,0.0024532856229403,0.7325144085922225,0.0,0.0,6.488707654481954,0.5112923455180463,,,0.305602672868003,0.694397327131997,0.2883534217565304,0.7116465782434696,0.694397327131997,0.0172492511114725,,,2010
2012-11-18,2012111810.0,25.0,3,3.0,07:23,8,1343.0,8.0,SD,20.0,20.0,5.0,25.0,0.0,0.0,DEN,SD,"(7:23) (Shotgun) P.Manning pass short left to E.Decker for 20 yards, TOUCHDOWN.",1,17.5,1,1,0,0,Pass,P.Manning,00-0010346,1,Complete,Short,4.0,0.0,0,left,0,,,0,,,E.Decker,00-0027690,1,,0,0,0,0,0.0,17.0,8.0,9.0,9.0,DEN,SD,0,2,2,3,2,3,0.0023598524753643,0.0434103505548333,0.00012096527903969276,0.0698989574292727,0.5143548675129035,0.0033689862270072,0.3664860205215791,0.0,0.0,3.495439034416291,2.311291607352805,-0.7891267189198543,2.659125528472397,0.8744905464661327,0.1255094535338673,0.9221972320015772,0.0778027679984226,0.8744905464661327,0.0477066855354446,-0.0135759291294478,0.05636049994176793,2012
2013-12-22,2013122204.0,20.0,4,2.0,00:50,1,50.0,18.0,JAC,24.0,76.0,6.0,4.0,0.0,1.0,JAC,TEN,(:50) (Shotgun) C.Henne pass deep middle intended for M.Lewis INTERCEPTED by G.Wilson at JAC 40. G.Wilson to JAC 40 for no gain (M.Lewis).,1,0.0,0,0,0,0,Pass,C.Henne,00-0026197,1,Incomplete Pass,Deep,10.0,0.0,0,middle,1,,,0,,,,00-0024243,0,M.Lewis,0,0,0,0,0.0,16.0,20.0,-4.0,4.0,JAC,TEN,0,0,0,2,0,2,0.4257920474265128,0.0484429688614524,0.0026662025927339,0.0348088376077281,0.1047682040397225,0.000494277623967634,0.0958580777177769,0.0,0.0,0.591976536367619,-0.591976536367619,0.737190552141844,-1.329167088509463,0.0897167793595591,0.9102832206404408,0.0566855139014399,0.94331448609856,0.0897167793595591,-0.0330312654581191,0.0262572696472725,-0.0592885351053917,2013
2011-12-26,2011122600.0,15.0,3,1.0,01:19,2,979.0,29.0,NO,42.0,42.0,10.0,38.0,0.0,0.0,ATL,NO,(1:19) M.Ryan pass incomplete short right to R.White.,1,0.0,0,0,0,0,Pass,M.Ryan,00-0026143,1,Incomplete Pass,Short,0.0,0.0,0,right,0,,,0,,,R.White,00-0023462,0,,0,0,0,0,0.0,13.0,31.0,-18.0,18.0,NO,ATL,0,3,3,3,3,3,0.0160801650734456,0.0643990951501381,0.0002366123377530732,0.0970976218498968,0.3338609797350182,0.0031318436378198,0.4851936822159282,0.0,0.0,3.530848538916993,-0.5255996092402082,-0.5256287104673354,2.910122712718177e-05,0.9186280924301048,0.0813719075698951,0.9245360047914304,0.0754639952085695,0.0813719075698951,-0.0059079123613255,-0.0059671428358585,5.923047453300356e-05,2011
2012-10-28,2012102808.0,17.0,4,3.0,04:22,5,262.0,43.0,PIT,24.0,24.0,17.0,60.0,0.0,0.0,WAS,PIT,(4:22) (Shotgun) R.Griffin pass incomplete deep middle to L.Hankerson. Coverage by #31 Brown.,1,0.0,0,0,0,0,Pass,R.Griffin,00-0029665,1,Incomplete Pass,Deep,10.0,0.0,0,middle,0,,,0,,,L.Hankerson,00-0028017,0,,0,0,0,0,0.0,12.0,27.0,-15.0,15.0,PIT,WAS,0,3,2,3,2,3,0.1740589898413642,0.0450805653212151,0.00014860236280003232,0.0709709504145178,0.4453788112113405,0.003520498868774,0.2608415819799881,0.0,0.0,2.536732951640616,-0.7424929070649156,0.7168269102402882,-1.4593198173052038,0.9544323060858672,0.0455676939141327,0.9619128601803388,0.0380871398196613,0.0455676939141327,-0.0074805540944714,0.0062355561833568,-0.0137161102778283,2012
2013-12-01,2013120105.0,8.0,2,,01:53,2,1913.0,3.0,NYJ,1.0,1.0,0.0,2.0,1.0,0.0,,,Timeout #2 by MIA at 01:53.,1,0.0,0,0,0,0,Timeout,,,0,,,0.0,0.0,0,,0,,,0,,,,,0,,0,0,0,0,0.0,,,,,NYJ,MIA,1,2,3,2,3,1,0.0,0.0,0.0,0.0,0.0,0.0,0.0,0.0,0.0,0.0,0.0,,,,,,,,0.0,,,2013
2010-11-14,2010111407.0,16.0,3,1.0,02:29,3,1049.0,38.0,DEN,15.0,15.0,10.0,38.0,0.0,0.0,KC,DEN,"(2:29) (Shotgun) M.Cassel pass short right to D.Bowe for 15 yards, TOUCHDOWN.",1,15.0,1,1,0,0,Pass,M.Cassel,00-0023662,1,Complete,Short,10.0,0.0,0,right,0,,,0,,,D.Bowe,00-0025410,1,,0,0,0,0,0.0,10.0,35.0,-23.5,23.0,DEN,KC,0,3,2,3,2,3,0.005297795109709,0.027017412709389,1.9444433121427272e-05,0.0406820030315297,0.3825407279825647,0.0024799367070819,0.5419626800266041,0.0,0.0,4.580455669332968,2.311291607352805,0.6096338327330679,1.809910497933964,0.9717846428321276,0.0282153571678725,0.9525120778589092,0.0474879221410908,0.0282153571678725,0.0192725649732182,0.0043958858629276,0.0148766791102906,2010
2014-09-08,2014090800.0,11.0,2,2.0,00:41,1,1841.0,0.0,DET,12.0,88.0,6.0,3.0,0.0,0.0,DET,NYG,(:41) M.Stafford kneels to DET 11 for -1 yards.,1,-1.0,0,0,0,0,QB Kneel,,,0,,,0.0,0.0,0,,0,,00-0026498,0,,,,,0,,0,0,0,0,0.0,14.0,7.0,7.0,7.0,DET,NYG,0,2,2,1,2,1,0.4257920474265128,0.0,0.0,0.0,0.0,0.0,0.0,0.0,0.0,0.0,0.0,,,0.7330281724951012,0.2669718275048988,0.7312809022788855,0.2687190977211144,0.7330281724951012,-0.0017472702162156,,,2014
2009-12-13,2009121300.0,4.0,2,1.0,13:54,14,2634.0,39.0,NO,41.0,59.0,10.0,10.0,0.0,1.0,NO,ATL,"(13:54) P.Thomas left end to NO 42 for 1 yard (C.Davis). PENALTY on NO-J.Shockey, Offensive Holding, 10 yards, enforced at NO 41 - No Play.",1,1.0,0,0,0,0,No Play,,,0,,,0.0,0.0,0,,0,,,0,,,,,0,C.Davis,0,0,0,1,0.0,3.0,6.0,-3.0,3.0,ATL,NO,0,3,3,3,3,3,0.0444236905565164,0.101414907366952,0.0010384863409727,0.1524508759469012,0.2810871381544762,0.0033044266708463,0.4162804749633348,0.0,0.0,2.3903557661373545,-1.1917276245961157,,,0.5479535335109089,0.4520464664890911,0.5841147056779716,0.4158852943220284,0.4520464664890911,-0.0361611721670626,,,2009
2015-11-08,2015110802.0,18.0,4,1.0,07:28,8,448.0,31.0,NE,31.0,69.0,10.0,14.0,0.0,0.0,NE,WAS,(7:28) T.Brady pass incomplete short left to B.LaFell.,1,0.0,0,0,0,0,Pass,T.Brady,00-0019596,1,Incomplete Pass,Short,4.0,0.0,0,left,0,,,0,,,B.LaFell,00-0027681,0,,0,0,0,0,0.0,27.0,3.0,20.5,23.0,NE,WAS,0,2,2,2,2,2,0.2176008078603825,0.1052356533229067,0.0019606594522141,0.1561279735553737,0.2057069143910379,0.0027050457918763,0.3106629456262085,0.0,0.0,1.3846473603795617,-0.5818163857193404,-0.0736238633467598,-0.5081925223725805,0.9980316005568924,0.0019683994431076,0.9973958504027,0.0026041495972999,0.9980316005568924,-0.0006357501541922606,-4.080581781995552e-05,-0.000594944336372305,2015
2016-11-20,2016112003.0,22.0,4,4.0,08:27,9,507.0,41.0,JAX,43.0,57.0,11.0,-1.0,0.0,1.0,JAX,DET,"(8:27) B.Nortman punts 42 yards to DET 15, Center-C.Tinker, fair catch by A.Roberts.",1,0.0,0,0,0,0,Punt,,,0,,,0.0,0.0,0,,0,,,0,,,,,0,,0,0,0,0,0.0,19.0,22.0,-3.0,3.0,DET,JAX,0,2,3,2,3,2,0.1931258285750033,0.1733250311747009,0.0027617147439035,0.2478133499372064,0.2069900625847956,0.0050283666497337,0.1709556463346563,0.0,0.0,-0.4324755271759062,0.2600937818639666,,,0.6526002372742408,0.3473997627257593,0.6113710355250037,0.3886289644749964,0.3473997627257593,0.0412292017492371,,,2016
2014-12-07,2014120701.0,30.0,4,3.0,02:45,3,165.0,30.0,IND,13.0,87.0,7.0,30.0,0.0,1.0,IND,CLE,"(2:45) (No Huddle, Shotgun) A.Luck pass deep middle to D.Moncrief to IND 40 for 27 yards (J.Gilbert).",1,17.5,0,0,0,0,Pass,A.Luck,00-0029668,1,Complete,Deep,10.0,0.0,0,middle,0,,,0,,,D.Moncrief,00-0031339,1,J.Gilbert,0,0,0,0,0.0,19.0,16.0,3.0,3.0,CLE,IND,0,3,3,3,3,3,0.4257920474265128,0.119359536284674,0.0056852469239428,0.170057301235834,0.0562814316494074,0.0016804780442449,0.1078901081586545,0.0,0.0,-0.6324142032054523,2.0788273544695874,1.7280445780202074,0.35078277644938,0.3411183689605386,0.6588816310394614,0.1918208770998392,0.8081791229001608,0.6588816310394614,0.05888471184731932,0.10628588579079232,0.0428728350651675,2014
2011-11-27,2011112711.0,6.0,2,2.0,14:21,15,2661.0,39.0,KC,4.0,4.0,4.0,4.0,1.0,0.0,PIT,KC,(14:21) I.Redman up the middle to KC 3 for 1 yard (T.Jackson).,1,1.0,0,0,0,0,Run,,,0,,,0.0,0.0,0,,0,R.Mendenhall,00-0026566,1,right,end,,,0,T.Jackson,0,0,0,0,0.0,0.0,3.0,-3.0,3.0,KC,PIT,0,2,2,2,2,2,0.0056270037003898,0.0131188177096192,3.954092810003182e-05,0.0160805856966358,0.2925424340892646,0.0024446621402812,0.6701469557357091,0.0,0.0,5.421545681836812,-0.498970138273564,,,0.4567016336690965,0.5432983663309034,0.4728720627295324,0.5271279372704676,0.5432983663309034,-0.0161704290604358,,,2011
2016-09-18,2016091806.0,20.0,3,2.0,08:01,9,1381.0,26.0,PIT,32.0,68.0,1.0,23.0,0.0,0.0,PIT,CIN,(8:01) (No Huddle) B.Roethlisberger pass incomplete short right to A.Brown (G.Iloka).,1,0.0,0,0,0,0,Pass,B.Roethlisberger,00-0022924,1,Incomplete Pass,Short,10.0,0.0,0,right,0,,,0,,,A.Brown,00-0027793,0,,0,0,0,0,0.0,10.0,6.0,4.0,4.0,PIT,CIN,0,3,3,3,3,3,0.0067102853046518,0.1297855208437016,0.0019011592994079,0.1907237540068699,0.2252905810799473,0.0037160062608336,0.4418726932045876,0.0,0.0,2.0481874490156127,-0.6749342031251511,0.6126271474119029,-1.287561350537054,0.6950549856879932,0.3049450143120068,0.6701036972003727,0.3298963027996273,0.6950549856879932,-0.0249512884876205,0.02210441095737,-0.0470556994449905,2016
2009-11-22,2009112200.0,1.0,1,3.0,14:47,15,3587.0,0.0,IND,14.0,86.0,9.0,16.0,0.0,1.0,IND,BAL,(14:47) (Shotgun) P.Manning pass short right to R.Wayne to IND 29 for 15 yards (D.Foxworth) [R.Lewis].,1,15.0,0,0,0,0,Pass,P.Manning,00-0010346,1,Complete,Short,10.0,0.0,1,right,0,,,0,,,R.Wayne,00-0020498,1,,0,0,0,0,0.0,0.0,0.0,0.0,0.0,BAL,IND,0,3,3,3,3,3,0.0016159550661605,0.2642397069968414,0.009553273933919493,0.4027592596466562,0.1167018720160192,0.0039419786983959,0.1983561558036241,0.0,0.0,-1.890321417991504,2.311291607352805,2.9991024488234403,0.1172186238224042,0.5787669796568605,0.4212330203431395,0.4821970389314128,0.5178029610685871,0.4212330203431395,0.05888471184731932,0.0885366071637371,0.0080333335617105,2009
2010-12-26,2010122609.0,15.0,3,1.0,09:32,10,1472.0,42.0,DEN,38.0,62.0,10.0,59.0,0.0,1.0,DEN,HOU,(9:32) T.Tebow pass deep left to B.Lloyd to HOU 21 for 41 yards (J.Allen).,1,17.5,0,0,0,0,Pass,T.Tebow,00-0027876,1,Complete,Deep,10.0,0.0,0,left,0,,,0,,,B.Lloyd,00-0022097,1,J.Allen,0,0,0,0,0.0,7.0,20.0,-13.0,13.0,DEN,HOU,0,2,2,3,2,3,0.0038593295536072,0.1181358624460142,0.0014636751940963,0.1820091516938013,0.2810476837476897,0.0035988922724438,0.4098854050923472,0.0,0.0,2.0881396718515437,2.304933374195546,2.304933374195546,0.0,0.1553925689593508,0.8446074310406491,0.207322282420773,0.7926777175792269,0.1553925689593508,0.0519297134614221,0.0519297134614221,0.0,2010
2016-09-25,2016092501.0,9.0,2,3.0,06:36,7,2196.0,41.0,MIN,37.0,37.0,5.0,5.0,0.0,0.0,CAR,MIN,"(6:36) (No Huddle, Shotgun) C.Newton pass incomplete short left to D.Funchess (X.Rhodes).",1,0.0,0,0,0,0,Pass,C.Newton,00-0027939,1,Incomplete Pass,Short,10.0,0.0,0,left,0,,,0,,,D.Funchess,00-0032055,0,,0,0,0,0,0.0,10.0,2.0,8.0,8.0,CAR,MIN,0,3,3,3,3,3,0.1499346536811711,0.0641474054972023,0.0003635227228794117,0.0975450852938913,0.3508791212502843,0.0031918588228712,0.3339383527317002,0.0,0.0,2.5206046915238915,-1.8706711337597888,1.5481059016060432,-3.1387746044711373,0.8263848479326957,0.1736151520673042,0.7797497903767603,0.2202502096232397,0.8263848479326957,-0.0466350575559354,0.0304526560949102,-0.06361267904339468,2016
2014-12-07,2014120705.0,6.0,1,2.0,05:10,6,3010.0,33.0,MIN,33.0,33.0,8.0,10.0,0.0,1.0,NYJ,MIN,"(5:10) (No Huddle, Shotgun) G.Smith pass short right to E.Decker to MIN 25 for 8 yards (C.Greenway).",1,8.0,0,0,0,0,Pass,G.Smith,00-0030565,1,Complete,Short,1.0,0.0,0,right,0,,,0,,,E.Decker,00-0027690,1,C.Greenway,0,0,0,0,0.0,9.0,13.0,-4.0,4.0,MIN,NYJ,0,3,3,3,3,3,0.0053849439882633,0.0579535899981044,0.00022120370080311148,0.089188577993141,0.3873658843840055,0.003216297980213,0.4566695019554694,0.0,0.0,3.5665935394528225,0.714521354763257,-0.6643086183463276,1.3788299731095846,0.5190393103638641,0.4809606896361359,0.4997280568687207,0.5002719431312793,0.4809606896361359,0.0193112534951434,-0.0200412441359221,0.0393524976310655,2014
2010-10-31,2010103103.0,5.0,1,1.0,01:27,2,2787.0,14.0,KC,35.0,65.0,10.0,0.0,0.0,0.0,KC,BUF,(1:27) M.Cassel pass incomplete short left to T.Moeaki.,1,0.0,0,0,0,0,Pass,M.Cassel,00-0023662,1,Incomplete Pass,Short,-4.0,0.0,0,left,0,,,0,,,T.Moeaki,00-0027695,0,,0,0,0,0,0.0,0.0,0.0,0.0,0.0,KC,BUF,0,3,3,2,3,2,0.0283084480237859,0.1214459302706129,0.0017909600969823,0.1837848697765765,0.2663758306621259,0.0034391311623463,0.3948548300075701,0.0,0.0,1.915575764922222,-0.692584289304071,-1.2288918081999003,0.5363075188958293,0.5489460547288268,0.4510539452711731,0.5273805850708241,0.4726194149291759,0.5489460547288268,-0.0215654696580027,-0.0376945044251763,0.0161290347671735,2010
2014-09-21,2014092102.0,11.0,3,3.0,00:17,1,917.0,7.0,BAL,4.0,4.0,4.0,80.0,1.0,0.0,CLE,BAL,"(:17) (Shotgun) B.Hoyer pass short middle to M.Austin for 4 yards, TOUCHDOWN.",1,4.0,1,1,0,0,Pass,B.Hoyer,00-0026625,1,Complete,Short,4.0,0.0,0,middle,0,,,0,,,M.Austin,00-0023921,1,,0,0,0,0,0.0,14.0,17.0,-3.0,3.0,CLE,BAL,0,3,3,2,3,2,0.0056269664023183,0.0170422230737298,8.578677811895118e-05,0.0223317268436683,0.4380831069804954,0.0032539105182109,0.5135762794034582,0.0,0.0,4.708170767119009,2.291829232880991,2.291829232880991,0.0,0.5311316919850902,0.4688683080149097,0.6174682091134281,0.3825317908865718,0.5311316919850902,0.05888471184731932,0.0863365171283379,0.0,2014
2013-12-15,2013121508.0,4.0,1,3.0,04:22,5,2962.0,35.0,SF,29.0,71.0,7.0,8.0,0.0,0.0,SF,TB,(4:22) (Shotgun) C.Kaepernick pass short left to V.Davis to SF 34 for 5 yards (M.Barron).,1,5.0,0,0,0,0,Pass,C.Kaepernick,00-0027974,1,Complete,Short,4.0,0.0,0,left,0,,,0,,,V.Davis,00-0024221,1,M.Barron,0,0,0,0,0.0,7.0,0.0,7.0,7.0,TB,SF,0,1,3,1,3,1,0.0169887194946024,0.1991529899722946,0.0048707853575369,0.3006440611679914,0.1930706834040939,0.0042627041023492,0.2810100565011312,0.0,0.0,-0.1569011148829986,-0.7778252219895367,-1.027156639269348,0.2493314172798111,0.3113149272752269,0.6886850727247731,0.3414728097052794,0.6585271902947206,0.6886850727247731,-0.0301578824300524,-0.0372109161204377,0.0070530336903852,2013
2010-12-12,2010121210.0,15.0,3,4.0,13:00,13,1680.0,14.0,MIA,13.0,87.0,20.5,-12.0,0.0,1.0,MIA,NYJ,"(13:00) B.Fields punts 62 yards to NYJ 25, Center-J.Denney. A.Cromartie to NYJ 41 for 16 yards (L.Hilliard).",1,16.0,0,0,0,0,Punt,,,0,,,0.0,0.0,0,,0,,,0,,,,,0,L.Hilliard,0,0,0,0,0.0,10.0,3.0,7.0,7.0,NYJ,MIA,0,3,3,3,3,3,0.0022291733738814,0.32383384658114833,0.009553273933919493,0.4722704202178404,0.0487252553596268,0.0041258788582412,0.1278637557960305,0.0,0.0,-3.278978005331713,0.9898713034969178,,,0.3887948891344503,0.6112051108655496,0.3309623702220243,0.6690376297779757,0.6112051108655496,0.057832518912426,,,2010
2013-12-01,2013120107.0,27.0,4,1.0,00:20,1,20.0,8.0,ATL,28.0,72.0,10.0,0.0,0.0,0.0,ATL,BUF,"(:20) (Shotgun) M.Ryan pass short left to S.Jackson to ATL 28 for no gain (M.Dareus, D.Searcy). Screen pass, caught at ATL 25.",1,0.0,0,0,0,0,Pass,M.Ryan,00-0026143,1,Complete,Short,-3.0,0.0,0,left,0,,,0,,,S.Jackson,00-0022736,1,M.Dareus,0,0,0,0,0.0,31.0,31.0,0.0,0.0,BUF,ATL,0,3,1,3,1,3,0.4257920474265128,0.0388151627056393,0.0016684672185544,0.0280926001074102,0.1213674386072866,0.00044764892930680537,0.1081117273693279,0.0,0.0,0.8053490819598709,,-0.3182275900903808,,0.1892492745955556,0.8107507254044444,,,0.8107507254044444,,-0.031561270340746,,2013
2016-10-16,2016101605.0,23.0,4,3.0,12:04,13,724.0,5.0,NO,29.0,29.0,9.0,31.0,0.0,1.0,CAR,NO,"(12:04) (Shotgun) C.Newton pass short left to D.Funchess pushed ob at NO 18 for 11 yards (K.Crawley). Pass 11, YAC 0",1,11.0,0,0,0,0,Pass,C.Newton,00-0027939,1,Complete,Short,10.0,0.0,0,left,0,,,0,,,D.Funchess,00-0032055,1,K.Crawley,0,0,0,0,0.0,24.0,31.0,-7.0,7.0,NO,CAR,0,3,3,3,3,3,0.036780426206889,0.0603171520396568,0.0002459198605667021,0.0948666830067626,0.4658797738447259,0.0039077351327816,0.3380023099086173,0.0,0.0,2.9259608842726195,1.5292153476538175,1.5292153476538175,0.0,0.679551163054835,0.3204488369451649,0.6215295727846711,0.3784704272153288,0.3204488369451649,0.0580215902701638,0.0580215902701638,0.0,2016
2016-10-09,2016100904.0,20.0,4,,03:06,4,186.0,6.0,MIA,40.0,40.0,0.0,9.0,0.0,0.0,,,Timeout #3 by MIA at 03:06.,1,0.0,0,0,0,0,Timeout,,,0,,,0.0,0.0,0,,0,,,0,,,,,0,,0,0,0,0,0.0,,,,,MIA,TEN,1,3,1,3,0,3,0.0,0.0,0.0,0.0,0.0,0.0,0.0,0.0,0.0,0.0,0.0,,,,,,,,0.0,,,2016
2010-09-19,2010091905.0,12.0,3,1.0,12:19,13,1639.0,42.0,CHI,16.0,16.0,10.0,50.0,0.0,0.0,DAL,CHI,(12:19) T.Romo pass incomplete short middle to M.Bennett. Pass incomplete at the Chicago 10 on a drag route.,1,0.0,0,0,0,0,Pass,T.Romo,00-0021678,1,Incomplete Pass,Short,6.0,0.0,0,middle,0,,,0,,,M.Bennett,00-0026201,0,,0,0,0,0,0.0,13.0,20.0,-7.0,7.0,DAL,CHI,0,3,3,3,3,3,0.0005227233334529562,0.029320281464207,2.261004067987596e-05,0.0451536813842228,0.3851713289739923,0.0026367804925859,0.5371725943108588,0.0,0.0,4.51691387391962,-0.4265184808379727,0.8257729406141996,-1.2522914214521723,0.4074347358829276,0.5925652641170723,0.3929650179448463,0.6070349820551537,0.4074347358829276,-0.0144697179380813,0.0271947516743473,-0.0416644696124287,2010
2013-11-07,2013110700.0,18.0,4,3.0,00:35,1,35.0,3.0,MIN,4.0,4.0,4.0,76.0,1.0,0.0,WAS,MIN,(:35) (Shotgun) R.Griffin pass incomplete short right to P.Garcon.,1,0.0,0,0,0,0,Pass,R.Griffin,00-0029665,1,Incomplete Pass,Short,3.0,0.0,0,right,0,,,0,,,P.Garcon,00-0026345,0,,0,0,0,0,0.0,27.0,34.0,-7.0,7.0,MIN,WAS,0,0,1,0,1,0,0.1824047525442618,0.0099523134405804,9.57852051635872e-05,0.0062507970037949,0.4712179549971189,0.0009127397820479528,0.3291656570270324,0.0,0.0,3.645834853986047,-1.0561128269682292,-0.8940886025123538,-0.1620242244558754,0.9406001730817756,0.0593998269182243,0.971240676348276,0.0287593236517239,0.0593998269182243,-0.0306405032665003,-0.0319460676608644,0.001305564394364,2013
2010-10-17,2010101703.0,6.0,2,4.0,04:58,5,2098.0,9.0,PIT,40.0,60.0,10.0,38.0,0.0,1.0,PIT,CLE,"(4:58) (Punt formation) D.Sepulveda punts 44 yards to CLE 16, Center-G.Warren, fair catch by C.Stuckey.",1,0.0,0,0,0,0,Punt,,,0,,,0.0,0.0,0,,0,,,0,,,,,0,,0,0,0,0,0.0,7.0,3.0,4.0,4.0,PIT,CLE,0,1,1,3,1,3,0.3654920507099107,0.144442772737477,0.0024423693971841,0.2046296059260983,0.1402060649332194,0.0038394666526831,0.1389476696434271,0.0,0.0,-0.4696894828804734,0.2412217127914508,,,0.5772124705512077,0.4227875294487923,0.5985403378400549,0.4014596621599451,0.5772124705512077,0.0213278672888471,,,2010
2014-12-07,2014120711.0,9.0,2,4.0,03:29,4,2009.0,3.0,SF,5.0,95.0,10.0,0.0,0.0,1.0,SF,OAK,"(3:29) A.Lee punts 50 yards to OAK 45, Center-K.Nelson. T.Carrie to SF 47 for 8 yards (L.McCray; C.Dahl).",1,8.0,0,0,0,0,Punt,,,0,,,0.0,0.0,0,,0,,,0,,,,,0,L.McCray,0,0,0,0,0.0,7.0,10.0,-3.0,3.0,OAK,SF,0,2,2,2,2,2,0.4257920474265128,0.1844702881247073,0.0071796442550266,0.2498165691828395,0.0155220259036262,0.0017974104339787,0.0818793520344932,0.0,0.0,-1.693169774343763,-0.7242038147373115,,,0.6627670544175315,0.3372329455824685,0.6713011362943592,0.3286988637056408,0.3372329455824685,-0.0085340818768276,,,2014
2013-10-20,2013102004.0,1.0,1,,15:00,15,3600.0,0.0,JAC,35.0,35.0,0.0,0.0,0.0,,SD,JAC,"J.Scobee kicks 65 yards from JAC 35 to end zone, Touchback.",1,0.0,0,0,0,0,Kickoff,,,0,,,0.0,0.0,0,,0,,,0,,,,,0,,0,0,0,0,0.0,0.0,0.0,0.0,0.0,JAC,SD,0,3,3,3,3,3,0.0015063265025897,0.1797487862643072,0.0066391083784486,0.281137706070735,0.2137001434842491,0.0035923127788396,0.3136756165208305,0.0,0.0,0.3235258536112761,0.0,,,0.5143250139030865,0.4856749860969135,0.5143250139030865,0.4856749860969135,0.4856749860969135,0.0,,,2013
2009-09-27,2009092700.0,6.0,2,1.0,13:11,14,2591.0,9.0,BAL,3.0,97.0,10.0,3.0,0.0,0.0,BAL,CLE,"(13:11) L.McClain up the middle to BAL 6 for 3 yards (K.Coleman, A.Elam).",1,3.0,0,0,0,0,Run,,,0,,,0.0,0.0,0,,0,L.McClain,00-0025524,1,middle,,,,0,K.Coleman,0,0,0,0,0.0,10.0,0.0,10.0,10.0,BAL,CLE,0,3,3,3,3,3,0.102000377468087,0.2076317916936099,0.009553273933919493,0.3133556845539069,0.1394370934478161,0.0027678451226045,0.2137015907013011,0.0,0.0,-0.9388382954857613,-0.2435929814205029,,,0.7705181878021857,0.2294818121978142,0.7642626589513548,0.2357373410486452,0.7705181878021857,-0.0062555288508309,,,2009
2012-11-11,2012111105.0,23.0,4,2.0,07:09,8,429.0,26.0,NYG,21.0,79.0,1.0,25.0,0.0,1.0,NYG,CIN,(7:09) A.Brown left guard to NYG 27 for 6 yards (R.Maualuga; M.Johnson).,1,6.0,0,0,0,0,Run,,,0,,,0.0,0.0,0,,0,A.Brown,00-0027094,1,left,guard,,,0,R.Maualuga,0,0,0,0,0.0,6.0,31.0,-23.5,23.0,CIN,NYG,0,2,2,2,2,2,0.2817796826434087,0.1172689562725829,0.0028783728888246,0.1658262606223705,0.137478600748702,0.0026021110012917,0.2921660158228193,0.0,0.0,0.9444546960564336,0.0915930691988848,,,0.9960160368864032,0.0039839631135966,0.9962653670056256,0.0037346329943744,0.0039839631135966,-0.00024933011922226604,,,2012
2009-12-13,2009121301.0,24.0,4,,00:00,0,0.0,32.0,DET,19.0,19.0,0.0,12.0,0.0,0.0,BAL,DET,END GAME,1,0.0,0,0,0,0,End of Game,,,0,,,0.0,0.0,0,,0,,,0,,,,,0,,0,0,0,0,0.0,,,20.5,,BAL,DET,0,2,2,2,2,2,0.0,0.0,0.0,0.0,0.0,0.0,0.0,0.0,0.0,0.0,0.0,,,1.0,0.0,1.0,0.0,2.2204460492503126e-16,0.0,,,2009
2016-01-03,2016010308.0,6.0,1,1.0,00:06,1,2706.0,29.0,PHI,33.0,33.0,10.0,47.0,0.0,0.0,NYG,PHI,(:06) (No Huddle) E.Manning pass incomplete short right to W.Tye.,1,0.0,0,0,0,0,Pass,E.Manning,00-0022803,1,Incomplete Pass,Short,1.0,0.0,0,right,0,,,0,,,W.Tye,00-0032004,0,,0,0,0,0,0.0,3.0,14.0,-11.0,11.0,NYG,PHI,0,3,3,3,3,3,0.016433272095491,0.0482373825573013,0.00010278463895699509,0.0724332963667801,0.3517085262681929,0.0028976586337849,0.5081870794394927,0.0,0.0,3.966279660631319,-0.4719585065932441,-0.3890785207588383,-0.0828799858344058,0.2491882479994442,0.7508117520005557,0.2352295504512431,0.7647704495487568,0.2491882479994442,-0.0139586975482011,-0.0116043262587653,-0.0023543712894357,2015
2009-09-13,2009091310.0,1.0,1,1.0,10:01,11,3301.0,51.0,WAS,20.0,20.0,10.0,66.0,0.0,0.0,NYG,WAS,(10:01) (Shotgun) E.Manning pass short middle to B.Jacobs to WAS 12 for 8 yards (L.Fletcher).,1,8.0,0,0,0,0,Pass,E.Manning,00-0022803,1,Complete,Short,1.0,0.0,0,middle,0,,,0,,,B.Jacobs,00-0023545,1,L.Fletcher,0,0,0,0,0.0,0.0,0.0,0.0,0.0,NYG,WAS,0,3,3,3,3,3,0.001031129378601,0.0332309213681798,3.256534911484696e-05,0.0509393023069761,0.379239366770047,0.0027182656654557,0.5328084491616253,0.0,0.0,4.416480764820827,0.2084594660005878,-0.3704223499697221,0.57888181597031,0.6279415819184305,0.3720584180815695,0.6215769985350783,0.3784230014649217,0.6279415819184305,-0.0063645833833522,-0.012619632647653,0.0062550492643008,2009
2014-12-21,2014122100.0,4.0,1,3.0,02:00,2,2820.0,5.0,CLE,23.0,77.0,7.0,31.0,0.0,1.0,CLE,CAR,(2:00) (Shotgun) J.Manziel pass deep left to A.Hawkins to CAR 49 for 28 yards (B.Benwikere) [D.Edwards].,1,17.5,0,0,0,0,Pass,J.Manziel,00-0031409,1,Complete,Deep,10.0,0.0,1,left,0,,,0,,,A.Hawkins,00-0027918,1,,0,0,0,0,0.0,0.0,3.0,-3.0,3.0,CAR,CLE,0,2,3,2,3,2,0.032139574791876,0.2180882638068213,0.0068717985600292,0.3250038255319616,0.1589888466386497,0.0039941904289859,0.2549135002416762,0.0,0.0,-0.6736857447985996,2.311291607352805,3.229322245373492,0.5583654098480855,0.6495548810716467,0.3504451189283533,0.5361354025879721,0.4638645974120279,0.3504451189283533,0.05888471184731932,0.0993809461512349,0.0140385323324397,2014
2011-10-16,2011101611.0,12.0,2,,00:33,1,1833.0,10.0,MIN,32.0,32.0,0.0,38.0,0.0,0.0,,,Timeout #2 by MIN at 00:33.,1,0.0,0,0,0,0,Timeout,,,0,,,0.0,0.0,0,,0,,,0,,,,,0,,0,0,0,0,0.0,,,,,CHI,MIN,1,2,1,2,1,1,0.0,0.0,0.0,0.0,0.0,0.0,0.0,0.0,0.0,0.0,0.0,,,,,,,,0.0,,,2011
2014-09-07,2014090709.0,8.0,2,1.0,07:04,8,2224.0,0.0,MIN,46.0,46.0,4.0,24.0,0.0,1.0,STL,MIN,(7:04) T.Austin up the middle to MIN 41 for 5 yards (M.Sherels).,1,5.0,0,0,0,0,Run,,,0,,,0.0,0.0,0,,0,T.Austin,00-0030525,1,middle,,,,0,M.Sherels,0,0,0,0,0.0,0.0,6.0,-6.0,6.0,STL,MIN,0,3,3,3,3,3,0.1432077915756105,0.053747703790406,0.00024306477084788235,0.0794567834862395,0.2418348569345211,0.00212837796084,0.4793814214815348,0.0,0.0,3.367504551779396,-0.2198103625284733,,,0.4121020001329608,0.5878979998670393,0.4060754294423486,0.5939245705576515,0.4121020001329608,-0.0060265706906121,,,2014
2012-09-10,2012091001.0,17.0,4,3.0,05:53,6,353.0,43.0,OAK,25.0,25.0,19.0,15.0,0.0,0.0,SD,OAK,"(5:53) R.Brown left tackle to OAK 27 for -2 yards (T.Kelly, D.Tollefson).",1,-2.0,0,0,0,0,Run,,,0,,,0.0,0.0,0,,0,R.Brown,00-0023437,1,left,tackle,,,0,T.Kelly,0,0,0,0,0.0,19.0,6.0,13.0,13.0,OAK,SD,0,2,3,2,3,2,0.1316119784631217,0.0500615741451392,0.00017263940222668985,0.079153705905501,0.4658966264542549,0.0038516026242006,0.269251873005556,0.0,0.0,2.58555025307168,-0.6296838724012215,,,0.0369130849759103,0.9630869150240896,0.036552802893781,0.963447197106219,0.9630869150240896,0.0003602820821293484,,,2012
2009-12-20,2009122005.0,13.0,2,1.0,02:09,3,1929.0,8.0,PHI,16.0,84.0,10.0,6.0,0.0,0.0,PHI,SF,(2:09) (Shotgun) L.McCoy right tackle to PHI 22 for 6 yards (M.Lewis).,1,6.0,0,0,0,0,Run,,,0,,,0.0,0.0,0,,0,L.McCoy,00-0027029,1,right,tackle,,,0,M.Lewis,0,0,0,0,0.0,17.0,3.0,14.0,14.0,PHI,SF,0,1,1,2,1,2,0.4257920474265128,0.0780843825724899,0.0035839605649188,0.1147076313890386,0.0889161319657143,0.0014082639684628,0.137273665867064,0.0,0.0,0.186106096332939,0.134899156091926,,,0.8829676060122317,0.1170323939877683,0.8850053912626872,0.1149946087373128,0.8829676060122317,0.0020377852504555,,,2009
2013-09-08,2013090807.0,15.0,2,,00:34,1,1834.0,0.0,NYJ,35.0,35.0,0.0,0.0,0.0,,TB,NYJ,N.Folk kicks 69 yards from NYJ 35 to TB -4. K.Ogletree to TB 21 for 25 yards (D.Walls).,1,17.5,0,0,0,0,Kickoff,,,0,,,0.0,0.0,0,,0,,,0,,,,,0,D.Walls,0,0,0,0,0.0,14.0,12.0,2.0,2.0,NYJ,TB,0,2,1,2,1,2,0.4257920474265128,0.0433696228190724,0.0030234436591166,0.031442455632362,0.1004702366377758,0.0004144368497972064,0.0900865380388026,0.0,0.0,0.5765924046825558,0.0201635053086685,,,0.4215180617477906,0.5784819382522094,0.4207906400114669,0.5792093599885331,0.5784819382522094,0.0007274217363236746,,,2013
2016-09-11,2016091101.0,10.0,3,2.0,12:21,13,1641.0,40.0,BAL,42.0,42.0,6.0,49.0,0.0,0.0,BUF,BAL,(12:21) (Shotgun) R.Bush left guard to BAL 37 for 5 yards (Z.Smith).,1,5.0,0,0,0,0,Run,,,0,,,0.0,0.0,0,,0,L.McCoy,00-0024217,1,right,tackle,,,0,Z.Smith,0,0,0,0,0.0,7.0,10.0,-3.0,3.0,BAL,BUF,0,3,3,3,3,3,0.0012486815240468,0.0770153144156794,0.0004352069462371737,0.1194904407146609,0.3507227863771381,0.0035559859640206,0.4475315840582167,0.0,0.0,3.123651977324833,0.377941667553983,,,0.508458265839435,0.491541734160565,0.4975485385977461,0.5024514614022538,0.491541734160565,0.0109097272416888,,,2016
2013-11-24,2013112403.0,5.0,1,1.0,01:37,2,2797.0,0.0,GB,20.0,80.0,10.0,9.0,0.0,0.0,GB,MIN,(1:37) E.Lacy left end to GB 29 for 9 yards (A.Sendejo).,1,9.0,0,0,0,0,Run,,,0,,,0.0,0.0,0,,0,E.Lacy,00-0030485,1,left,end,,,0,A.Sendejo,0,0,0,0,0.0,7.0,3.0,4.0,4.0,GB,MIN,0,3,3,3,3,3,0.036909652649681,0.1688604768866781,0.0061642154488822,0.2561979204451336,0.2112867973126055,0.0033607676836441,0.3172201695733753,0.0,0.0,0.5488278096449988,1.2915804791709613,,,0.6233987598121986,0.3766012401878014,0.6671141957997239,0.3328858042002761,0.6233987598121986,0.0437154359875252,,,2013
2010-09-19,2010091912.0,21.0,4,2.0,14:41,15,881.0,19.0,BAL,45.0,55.0,3.0,23.0,0.0,1.0,BAL,CIN,(14:41) L.McClain up the middle to BAL 48 for 3 yards (B.Johnson; R.Geathers).,1,3.0,0,0,0,0,Run,,,0,,,0.0,0.0,0,,0,L.McClain,00-0025524,1,middle,,,,0,B.Johnson,0,0,0,0,0.0,7.0,9.0,-2.0,2.0,CIN,BAL,0,3,2,3,2,3,0.0356228137511073,0.0970761776963872,0.0009049953560414672,0.1437546650111507,0.2812315602997209,0.0034729397368334,0.4379368481487589,0.0,0.0,2.616877318534843,0.2821925341712292,,,0.5075046241616723,0.4924953758383277,0.497208734073791,0.502791265926209,0.4924953758383277,0.0102958900878812,,,2010
2015-12-20,2015122003.0,9.0,2,2.0,06:14,7,2174.0,30.0,JAC,30.0,30.0,4.0,81.0,0.0,0.0,ATL,JAC,(6:14) (No Huddle) M.Ryan pass incomplete short middle to T.Moeaki.,1,0.0,0,0,0,0,Pass,M.Ryan,00-0026143,1,Incomplete Pass,Short,-1.0,0.0,0,middle,0,,,0,,,T.Moeaki,00-0027695,0,,0,0,0,0,0.0,7.0,3.0,4.0,4.0,JAC,ATL,0,3,3,3,3,3,0.1202191967067701,0.0403354466610508,0.00011734902312024157,0.0592856946509272,0.3331462033350384,0.0024941540130118,0.4444019556100813,0.0,0.0,3.578999706715825,-0.6518047654778543,-0.7860689009161108,0.1342641354382565,0.2519458239166601,0.7480541760833399,0.2730460672394668,0.7269539327605332,0.7480541760833399,-0.0211002433228066,-0.0255634825453981,0.0044632392225915,2015
2012-10-01,2012100100.0,10.0,3,1.0,14:53,15,1793.0,7.0,CHI,27.0,73.0,10.0,11.0,0.0,1.0,CHI,DAL,(14:53) J.Cutler pass short right to A.Jeffery to CHI 38 for 11 yards (M.Claiborne). Pass complete on a crossing pattern.,1,11.0,0,0,0,0,Pass,J.Cutler,00-0024226,1,Complete,Short,10.0,0.0,0,right,0,,,0,,,A.Jeffery,00-0029137,1,M.Claiborne,0,0,0,0,0.0,9.0,7.0,2.0,2.0,DAL,CHI,0,3,3,3,3,3,0.0013582523610345,0.1558051597833505,0.0037697188433884,0.2433736493080432,0.240737294349415,0.003670770719564,0.351285154635204,0.0,0.0,1.0099790447406702,1.0087344329696908,0.9147061902047696,0.094028242764921,0.4114437331503954,0.5885562668496046,0.3769114856383924,0.6230885143616076,0.5885562668496046,0.034532247512003,0.0317906333614194,0.0027416141505836,2012
2014-12-28,2014122810.0,11.0,3,2.0,10:37,11,1537.0,30.0,TB,45.0,45.0,11.0,47.0,0.0,1.0,NO,TB,(10:37) D.Brees pass short left to B.Watson to TB 33 for 12 yards (K.Tandy).,1,12.0,0,0,0,0,Pass,D.Brees,00-0020531,1,Complete,Short,6.0,0.0,0,left,0,,,0,,,B.Watson,00-0022943,1,K.Tandy,0,0,0,0,0.0,7.0,20.0,-13.0,13.0,TB,NO,0,3,3,3,3,3,0.002073479237999,0.0894225696350993,0.0006445652081292741,0.1399245742610797,0.3514138882864942,0.0037083265889863,0.4128125967822122,0.0,0.0,2.702317636363826,1.2349378582099662,-0.0829677324861912,1.3179055906961574,0.8366242313105512,0.1633757686894488,0.809680738832669,0.190319261167331,0.1633757686894488,0.0269434924778822,-0.0018698607924834,0.0288133532703656,2014
2015-11-22,2015112208.0,21.0,3,3.0,01:40,2,1000.0,41.0,STL,25.0,75.0,11.0,12.0,0.0,0.0,STL,BAL,(1:40) (Shotgun) C.Keenum pass incomplete short right to B.Cunningham [W.Hill].,1,0.0,0,0,0,0,Pass,C.Keenum,00-0028986,1,Incomplete Pass,Short,-6.0,0.0,1,right,0,,,0,,,B.Cunningham,00-0029795,0,,0,0,0,0,0.0,13.0,3.0,10.0,10.0,BAL,STL,0,3,2,3,2,3,0.0337140082389113,0.2172672632065156,0.0063168405283171,0.3271679137908209,0.1714398650541182,0.0043721315566958,0.239721977624621,0.0,0.0,-0.7534931655638337,-1.383803468750205,-2.164572913419467,0.7807694446692619,0.1968781725419758,0.8031218274580242,0.2389737165718587,0.7610262834281413,0.8031218274580242,-0.0420955440298829,-0.0689574066312871,0.0268618626014042,2015
2016-10-16,2016101611.0,20.0,4,1.0,05:23,6,323.0,4.0,ATL,3.0,3.0,3.0,69.0,1.0,0.0,SEA,ATL,(5:23) C.Michael right guard to ATL 1 for 2 yards (G.Jarrett; D.Jones).,1,2.0,0,0,0,0,Run,,,0,,,0.0,0.0,0,,0,C.Michael,00-0030432,1,right,guard,,,0,G.Jarrett,0,0,0,0,0.0,17.0,24.0,-7.0,7.0,SEA,ATL,0,1,1,2,1,2,0.0359682590061744,0.0088115130096992,1.678144074169961e-05,0.0107603207637922,0.1578124719885391,0.0017744800563856,0.7325144085922225,0.0,0.0,5.869189244963934,0.1000850955919636,,,0.4530533852534271,0.5469466147465729,0.4571730103901613,0.5428269896098388,0.4530533852534271,0.0041196251367341,,,2016
2013-10-13,2013101310.0,5.0,1,2.0,00:18,1,2718.0,20.0,NO,34.0,34.0,7.0,65.0,0.0,1.0,NE,NO,(:18) (No Huddle) T.Brady pass deep left to A.Dobson to NO 15 for 19 yards (J.Greer).,1,17.5,0,0,0,0,Pass,T.Brady,00-0019596,1,Complete,Deep,10.0,0.0,0,left,0,,,0,,,A.Dobson,00-0030540,1,J.Greer,0,0,0,0,0.0,3.0,7.0,-4.0,4.0,NE,NO,0,2,2,3,2,3,0.017563219688055,0.0571593821064661,0.0002229850367964297,0.0867292609650206,0.3760328456852011,0.003122783657049,0.4591695228614117,0.0,0.0,3.5695018212514475,1.005808788324169,1.005808788324169,0.0,0.4437787191887462,0.5562212808112538,0.4727493557861988,0.5272506442138012,0.4437787191887462,0.0289706365974525,0.0289706365974525,0.0,2013
2013-12-01,2013120107.0,12.0,3,3.0,13:59,14,1739.0,33.0,BUF,23.0,77.0,7.0,3.0,0.0,0.0,BUF,ATL,"(13:59) (No Huddle, Shotgun) E.Manuel pass incomplete short right to S.Chandler (S.Weatherspoon). Receiver and coverage along sideline at BUF 34.",1,0.0,0,0,0,0,Pass,E.Manuel,00-0030526,1,Incomplete Pass,Short,10.0,0.0,0,right,0,,,0,,,S.Chandler,00-0025516,0,,0,0,0,0,0.0,17.0,17.0,0.0,0.0,BUF,ATL,0,3,3,3,3,3,0.0018143672930988,0.2283043082435291,0.0072696475291678,0.3496185157880507,0.158988545470604,0.0041968188253396,0.2498077968502098,0.0,0.0,-0.912767978291318,-1.4874971345450374,2.588756896158817,-3.1387746044711373,0.4616373417215133,0.5383626582784866,0.4132128810356791,0.5867871189643208,0.4616373417215133,-0.0484244606858341,0.0813172008183083,-0.06361267904339468,2013
2015-11-22,2015112211.0,9.0,3,,15:00,15,1800.0,0.0,KC,35.0,35.0,0.0,0.0,0.0,,SD,KC,"C.Santos kicks 65 yards from KC 35 to end zone, Touchback.",1,0.0,0,0,0,0,Kickoff,,,0,,,0.0,0.0,0,,0,,,0,,,,,0,,0,0,0,0,0.0,3.0,12.0,-9.0,9.0,SD,KC,0,3,3,3,3,3,0.0015063265025897,0.1797487862643072,0.0066391083784486,0.281137706070735,0.2137001434842491,0.0035923127788396,0.3136756165208305,0.0,0.0,0.3235258536112761,0.0,,,0.2095354821813672,0.7904645178186327,0.2095354821813672,0.7904645178186327,0.2095354821813672,0.0,,,2015
2015-09-10,2015091000.0,18.0,4,4.0,00:22,1,22.0,5.0,NE,38.0,38.0,9.0,48.0,0.0,0.0,PIT,NE,(:22) (Shotgun) B.Roethlisberger pass short left to T.Murphy to NE 22 for 16 yards (B.Fletcher).,1,16.0,0,0,0,0,Pass,B.Roethlisberger,00-0022924,1,Complete,Short,10.0,0.0,0,left,0,,,0,,,T.Murphy,00-0031816,1,B.Fletcher,0,0,0,0,0.0,14.0,28.0,-14.0,14.0,NE,PIT,0,1,2,1,2,1,0.4257920474265128,0.0375548825079206,0.0007174550204547113,0.0268540956008381,0.298081227756035,0.0009031962752714766,0.0628612002786933,0.0,0.0,1.0340002509989628,1.8838648454520015,1.861751212092721,0.0221136333592806,0.9624554668997504,0.0375445331002495,0.9998230130537704,0.0001769869462296611,0.0375445331002495,-0.0373675461540199,-0.0094654423625318,-0.0279021037914881,2015
2012-10-28,2012102800.0,22.0,4,1.0,06:50,7,410.0,0.0,GB,40.0,60.0,10.0,3.0,0.0,0.0,GB,JAC,(6:50) A.Green left guard to GB 43 for 3 yards (A.Lane).,1,3.0,0,0,0,0,Run,,,0,,,0.0,0.0,0,,0,A.Green,00-0028034,1,left,guard,,,0,A.Lane,0,0,0,0,0.0,20.0,15.0,5.0,5.0,GB,JAC,0,3,3,2,3,2,0.2069254186559042,0.0845514111599196,0.000914048026122451,0.1250950005965764,0.2319275027022908,0.0026850607517512,0.3479015581074351,0.0,0.0,2.0053162026543823,-0.2446733935482443,,,0.7888672294350496,0.2111327705649504,0.7889878622895201,0.2110121377104798,0.7888672294350496,0.00012063285447050376,,,2012
2016-11-13,2016111308.0,2.0,1,2.0,11:13,12,3373.0,6.0,MIN,20.0,20.0,10.0,57.0,0.0,0.0,WAS,MIN,(11:13) (Shotgun) C.Thompson right end to MIN 11 for 9 yards (E.Kendricks; A.Barr).,1,9.0,0,0,0,0,Run,,,0,,,0.0,0.0,0,,0,C.Thompson,00-0030404,1,right,end,,,0,E.Kendricks,0,0,0,0,0.0,0.0,0.0,0.0,0.0,WAS,MIN,0,3,3,3,3,3,0.0008488188789328315,0.0394442088391338,8.394071857104219e-05,0.062018256981223,0.4352008093410696,0.0029053707376315,0.4594985945034382,0.0,0.0,3.975275024199434,0.2378070359999289,,,0.6107576999238882,0.3892423000761118,0.6200421313782618,0.3799578686217382,0.6107576999238882,0.0092844314543736,,,2016
2014-11-09,2014110901.0,4.0,1,1.0,05:17,6,3017.0,7.0,BUF,29.0,71.0,10.0,2.0,0.0,0.0,BUF,KC,(5:17) (Shotgun) K.Orton scrambles right tackle to BUF 31 for 2 yards (J.Mauga).,1,2.0,0,0,0,0,Run,,,0,,,0.0,0.0,0,,0,K.Orton,00-0023541,1,right,tackle,,,0,J.Mauga,0,0,0,0,0.0,7.0,3.0,4.0,4.0,BUF,KC,0,3,3,3,3,3,0.013056378928281,0.1439078951235896,0.0030597080101772,0.2198752559756817,0.2485649294189395,0.0035431882672941,0.3679926442760366,0.0,0.0,1.351759781502768,-0.428182946021848,,,0.6661217732778966,0.3338782267221034,0.6498904121117403,0.3501095878882597,0.6661217732778966,-0.0162313611661563,,,2014
2012-11-25,2012112507.0,9.0,2,2.0,13:22,14,2602.0,7.0,SEA,29.0,71.0,10.0,8.0,0.0,0.0,SEA,MIA,(13:22) (Shotgun) R.Wilson right tackle to SEA 27 for -2 yards (C.Wake).,1,-2.0,0,0,0,0,Run,,,0,,,0.0,0.0,0,,0,R.Wilson,00-0029263,1,right,tackle,,,0,C.Wake,0,0,0,0,0.0,0.0,0.0,0.0,0.0,MIA,SEA,0,3,3,3,3,3,0.0681111280021819,0.1570047437492318,0.0038579165540005,0.2370775524370373,0.2226112793959469,0.0036141521254148,0.3077232277361866,0.0,0.0,0.6908518051770185,-1.220004098705669,,,0.5091894011383786,0.4908105988616214,0.5451881234686811,0.454811876531319,0.4908105988616214,-0.0359987223303023,,,2012
2013-12-08,2013120801.0,12.0,2,1.0,00:20,1,1820.0,13.0,CIN,19.0,81.0,10.0,-1.0,0.0,0.0,CIN,IND,(:20) A.Dalton kneels to CIN 18 for -1 yards.,1,-1.0,0,0,0,0,QB Kneel,,,0,,,0.0,0.0,0,,0,,00-0027973,0,,,,,0,,0,0,0,0,0.0,14.0,0.0,14.0,14.0,CIN,IND,0,2,2,1,2,1,0.4257920474265128,0.0,0.0,0.0,0.0,0.0,0.0,0.0,0.0,0.0,0.0,,,0.8909992520678185,0.1090007479321815,0.8909992520678185,0.1090007479321815,0.8909992520678185,0.0,,,2013
2010-01-03,2010010312.0,8.0,2,1.0,12:38,13,2558.0,43.0,KC,40.0,60.0,10.0,17.0,0.0,1.0,KC,DEN,(12:38) M.Cassel pass short middle to C.Chambers to DEN 43 for 17 yards (B.Dawkins). DEN-M.Thomas was injured during the play.,1,17.0,0,0,0,0,Pass,M.Cassel,00-0023662,1,Complete,Short,10.0,0.0,0,middle,0,,,0,,,C.Chambers,00-0020446,1,B.Dawkins,0,0,0,0,0.0,7.0,7.0,0.0,0.0,DEN,KC,0,2,3,2,3,2,0.0607306409378085,0.1019833221395056,0.001108115216506,0.1528872249381249,0.2736133231230083,0.0032444530003427,0.4064329206447038,0.0,0.0,2.2939825484642338,1.1296883266749211,1.023235004830485,0.1064533218444361,0.4746806388216255,0.5253193611783745,0.4358601185837597,0.5641398814162403,0.5253193611783745,0.0388205202378657,0.0342923143028311,0.0045282059350345,2009
2013-11-10,2013111008.0,23.0,4,2.0,02:21,3,141.0,0.0,CAR,35.0,65.0,7.0,2.0,0.0,0.0,CAR,SF,"(2:21) J.Stewart up the middle to CAR 34 for -1 yards (J.Smith, D.Skuta).",1,-1.0,0,0,0,0,Run,,,0,,,0.0,0.0,0,,0,J.Stewart,00-0026153,1,middle,,,,0,J.Smith,0,0,0,0,0.0,10.0,9.0,1.0,1.0,SF,CAR,0,2,2,2,2,2,0.4257920474265128,0.0719172598397495,0.0012355733921625,0.105236744818785,0.1386328953682702,0.0019344639127804,0.2011456006169068,0.0,0.0,0.8729066782136504,-0.5978493938650545,,,0.3518317677335323,0.6481682322664677,0.3963515124811608,0.6036484875188391,0.6481682322664677,-0.0445197447476285,,,2013
2012-12-23,2012122302.0,1.0,1,2.0,12:21,13,3441.0,40.0,MIA,49.0,51.0,1.0,39.0,0.0,1.0,MIA,BUF,(12:21) (Shotgun) R.Bush left guard to BUF 41 for 10 yards (J.Byrd).,1,10.0,0,0,0,0,Run,,,0,,,0.0,0.0,0,,0,R.Bush,00-0024217,1,left,guard,,,0,J.Byrd,0,0,0,0,0.0,0.0,0.0,0.0,0.0,MIA,BUF,0,3,3,3,3,3,0.0015431250063662,0.0822247148252141,0.0005329217723026152,0.1224850646508952,0.2827875107984181,0.0034692385973973,0.5069574243494063,0.0,0.0,3.298867539459379,0.2261966355636144,,,0.5855980520873375,0.4144019479126625,0.5946975258910998,0.4053024741089002,0.5855980520873375,0.0090994738037623,,,2012
2009-10-18,2009101800.0,16.0,3,1.0,09:58,10,1498.0,15.0,HOU,46.0,54.0,10.0,14.0,0.0,1.0,HOU,CIN,(9:58) M.Schaub pass short left to K.Walter to CIN 41 for 13 yards (C.Ndukwe).,1,13.0,0,0,0,0,Pass,M.Schaub,00-0022787,1,Complete,Short,-1.0,0.0,0,left,0,,,0,,,K.Walter,00-0021931,1,C.Ndukwe,0,0,0,0,0.0,21.0,17.0,4.0,4.0,CIN,HOU,0,3,3,3,3,3,0.0028478795969065,0.0956680757508042,0.0007312801341054323,0.1473655715701544,0.3064136875250243,0.003518091242112,0.4434554141808929,0.0,0.0,2.7104393558138424,0.8364566982621815,-0.758006476035102,1.5944631742972837,0.28158146235559,0.71841853764441,0.2529667445358724,0.7470332554641276,0.71841853764441,0.0286147178197175,-0.0271085023457513,0.0557232201654689,2009
2016-10-30,2016103001.0,17.0,4,,00:31,1,31.0,0.0,ATL,35.0,35.0,0.0,0.0,0.0,,GB,ATL,"M.Bosher kicks 65 yards from ATL 35 to end zone, Touchback.",1,0.0,0,0,0,0,Kickoff,,,0,,,0.0,0.0,0,,0,,,0,,,,,0,,0,0,0,0,0.0,32.0,33.0,-1.0,1.0,ATL,GB,0,2,2,2,2,2,0.4257920474265128,0.0411943998529805,0.0021229556011774,0.0298401411828411,0.1150632340829315,0.00044275493367020426,0.102732150052229,0.0,0.0,0.7284901634405541,0.0,,,0.5367086410142912,0.4632913589857088,0.5367086410142912,0.4632913589857088,0.4632913589857088,0.0,,,2016
2012-10-21,2012102103.0,14.0,3,4.0,07:19,8,1339.0,9.0,NO,41.0,59.0,1.0,9.0,0.0,1.0,NO,TB,"(7:19) (Punt formation) T.Morstead punts 55 yards to TB 4, Center-J.Drescher, out of bounds.",1,0.0,0,0,0,0,Punt,,,0,,,0.0,0.0,0,,0,,,0,,,,,0,,0,0,0,0,0.0,28.0,21.0,7.0,7.0,TB,NO,0,3,3,3,3,3,0.0082476062440967,0.2021084718663338,0.0027184026070768,0.3152300446009754,0.1528577729454888,0.0055026145178028,0.3133350872182255,0.0,0.0,-0.1554483746203319,1.2503514585598106,,,0.2762001639311139,0.7237998360688861,0.2104871763214857,0.7895128236785143,0.7237998360688861,0.05888471184731932,,,2012
2013-10-27,2013102710.0,8.0,2,3.0,00:42,1,1842.0,18.0,MIN,30.0,70.0,3.0,11.0,0.0,0.0,MIN,GB,(:42) C.Ponder pass short middle to A.Peterson to MIN 34 for 4 yards (A.Hawk).,1,4.0,0,0,0,0,Pass,C.Ponder,00-0027950,1,Complete,Short,4.0,0.0,0,middle,0,,,0,,,A.Peterson,00-0025394,1,A.Hawk,0,0,0,0,0.0,10.0,23.0,-13.0,13.0,MIN,GB,0,3,3,1,3,1,0.4257920474265128,0.0518424767470163,0.002293573950368,0.0366230407647674,0.1025044190232414,0.0005043959376374625,0.1075919929612862,0.0,0.0,0.6451901361788458,0.4223617662454605,0.4223617662454605,0.0,0.1341699791429268,0.8658300208570732,0.1429902376649564,0.8570097623350436,0.1341699791429268,0.0088202585220295,0.0088202585220295,0.0,2013
2015-09-21,2015092100.0,4.0,1,1.0,04:50,5,2990.0,35.0,NYJ,19.0,19.0,10.0,65.0,0.0,0.0,IND,NYJ,(4:50) (Run formation) J.Reitz reported in as eligible.  J.Robinson left end to NYJ 11 for 8 yards (M.Gilchrist; C.Pryor).,1,8.0,0,0,0,0,Run,,,0,,,0.0,0.0,0,,0,J.Reitz,00-0031611,1,left,end,,,0,M.Gilchrist,0,0,0,0,0.0,0.0,7.0,-7.0,7.0,IND,NYJ,0,3,3,3,3,3,0.0034447635731048,0.031343732423449,2.8784075197945805e-05,0.0474769803746998,0.3787517173089042,0.002620691076838,0.536333331167806,0.0,0.0,4.4694022242113896,0.1901447591420471,,,0.4158168790642104,0.5841831209357896,0.4199521728277387,0.5800478271722613,0.4158168790642104,0.0041352937635283,,,2015
2012-12-02,2012120202.0,10.0,2,4.0,01:54,2,1914.0,6.0,SF,42.0,58.0,7.0,3.0,0.0,1.0,SF,STL,"(1:54) A.Lee punts 50 yards to STL 8, Center-B.Jennings. A.Pettis to STL 13 for 5 yards (T.Brock).",1,5.0,0,0,0,0,Punt,,,0,,,0.0,0.0,0,,0,,,0,,,,,0,T.Brock,0,0,0,0,0.0,7.0,0.0,7.0,7.0,STL,SF,0,2,3,2,3,2,0.4257920474265128,0.0751054833322005,0.0022602721171357,0.0529433940380583,0.1420688461644887,0.0010175853468102,0.0846912780894734,0.0,0.0,0.4206399033161198,-0.8823917018734346,,,0.2479829730947358,0.7520170269052642,0.2780324048687442,0.7219675951312557,0.7520170269052642,-0.0300494317740084,,,2012
2011-10-23,2011102305.0,11.0,2,1.0,08:46,9,2326.0,48.0,TB,28.0,28.0,10.0,51.0,0.0,0.0,CHI,TB,(8:46) J.Cutler pass incomplete deep right to D.Hester (R.Barber).,1,0.0,0,0,0,0,Pass,J.Cutler,00-0024226,1,Incomplete Pass,Deep,10.0,0.0,0,right,0,,,0,,,D.Hester,00-0024272,0,,0,0,0,0,0.0,7.0,2.0,5.0,5.0,TB,CHI,0,3,3,3,3,3,0.0612118303937798,0.0380899574559315,5.966915511544044e-05,0.0563374289238915,0.3429900444276969,0.0025685172433386,0.4987425524002459,0.0,0.0,4.016553821426223,-0.4461489067449049,1.0560092373318346,-1.5021581440767395,0.2169827708270608,0.7830172291729391,0.2290722842452328,0.7709277157547672,0.7830172291729391,-0.0120895134181719,0.0274218806226647,-0.0395113940408367,2011
2012-09-10,2012091001.0,7.0,2,2.0,00:23,1,1823.0,0.0,SD,11.0,11.0,10.0,69.0,0.0,0.0,OAK,SD,(:23) C.Palmer pass incomplete short middle to D.Hagan (A.Bigby).,1,0.0,0,0,0,0,Pass,C.Palmer,00-0021429,1,Incomplete Pass,Short,10.0,0.0,0,middle,0,,,0,,,D.Hagan,00-0024297,0,,0,0,0,0,0.0,3.0,10.0,-7.0,7.0,OAK,SD,0,1,1,1,1,1,0.2639523278131712,0.0143319244978372,3.74267593530133e-05,0.0105519260125864,0.4403127598686415,0.0006200203919887942,0.2701936146564216,0.0,0.0,3.096599513884531,-0.486332831758629,3.903400486115469,-3.1387746044711373,0.3723741850663983,0.6276258149336016,0.3551606242103272,0.6448393757896728,0.3723741850663983,-0.0172135608560711,0.10628588579079232,-0.06361267904339468,2012
2014-12-28,2014122810.0,6.0,2,,11:25,12,2485.0,0.0,TB,35.0,35.0,0.0,0.0,0.0,,NO,TB,"M.Koenen kicks 65 yards from TB 35 to end zone, Touchback.",1,0.0,0,0,0,0,Kickoff,,,0,,,0.0,0.0,0,,0,,,0,,,,,0,,0,0,0,0,0.0,0.0,10.0,-10.0,10.0,TB,NO,0,3,2,3,2,3,0.1186496271636121,0.1528756042548219,0.0055553157657488,0.2292212387442564,0.1951238365996273,0.003037737102776,0.2955366403691574,0.0,0.0,0.5859173510827778,-2.680256769549416e-05,,,0.8045447594901606,0.1954552405098394,0.8044841462044464,0.1955158537955535,0.1954552405098394,6.0613285714133935e-05,,,2014
2011-09-18,2011091812.0,9.0,2,1.0,03:57,4,2037.0,39.0,DEN,41.0,59.0,10.0,23.0,0.0,0.0,DEN,CIN,(3:57) W.McGahee up the middle to DEN 43 for 2 yards (M.Johnson). DEN-W.McGahee was injured during the play.,1,2.0,0,0,0,0,Run,,,0,,,0.0,0.0,0,,0,W.McGahee,00-0022178,1,middle,,,,0,M.Johnson,0,0,0,0,0.0,7.0,3.0,4.0,4.0,DEN,CIN,0,3,3,2,3,2,0.3372124320659729,0.0681368061520799,0.0006916614522951109,0.1001364243755474,0.1961687817355987,0.0022132963847896,0.2954405978337161,0.0,0.0,1.7542684108227262,-0.32441429020915,,,0.6978277354822191,0.3021722645177809,0.6858199716293062,0.3141800283706938,0.6978277354822191,-0.0120077638529129,,,2011
2010-11-15,2010111500.0,25.0,4,4.0,05:55,6,355.0,0.0,WAS,35.0,35.0,3.0,40.0,0.0,0.0,PHI,WAS,"(5:55) (Punt formation) PENALTY on PHI-S.Rocca, Delay of Game, 5 yards, enforced at WAS 35 - No Play.",1,0.0,0,0,0,0,No Play,,,0,,,0.0,0.0,0,,0,,,0,,,,,0,,0,0,0,1,0.0,38.0,28.0,20.5,23.0,WAS,PHI,0,1,2,1,2,1,0.2216103578132209,0.0804312666460931,0.0006681611642054475,0.1211134812760061,0.3924367663851049,0.004355375947077,0.1793845907682923,0.0,0.0,1.3512886952287826,-0.4534093949226579,,,3.590070551129365e-05,0.9999640992944888,4.891534965856259e-05,0.9999510846503414,0.9999640992944888,-1.301464414726894e-05,,,2010
2009-12-20,2009122006.0,19.0,3,1.0,02:35,3,1055.0,37.0,GB,44.0,56.0,10.0,18.0,0.0,0.0,GB,PIT,(2:35) (Shotgun) A.Rodgers pass short right to J.Finley to GB 49 for 5 yards (L.Woodley).,1,5.0,0,0,0,0,Pass,A.Rodgers,00-0023459,1,Complete,Short,5.0,0.0,0,right,0,,,0,,,J.Finley,00-0026231,1,L.Woodley,0,0,0,0,0.0,14.0,24.0,-10.0,10.0,PIT,GB,0,2,3,2,3,2,0.0174434977289662,0.0972459480465887,0.0008334043825983274,0.14734750035696,0.2973017954998765,0.0034040515563585,0.4364238024286515,0.0,0.0,2.6288429512092244,0.0625938637218381,0.0625938637218381,0.0,0.7720147852133583,0.2279852147866416,0.7718316132745806,0.2281683867254194,0.2279852147866416,0.000183171938777732,0.000183171938777732,0.0,2009
2012-11-18,2012111807.0,13.0,2,1.0,00:06,1,1806.0,6.0,JAC,37.0,37.0,10.0,33.0,0.0,0.0,HOU,JAC,(:06) (Shotgun) M.Schaub pass short left to K.Walter pushed ob at JAC 32 for 5 yards (D.Cox).,1,5.0,0,0,0,0,Pass,M.Schaub,00-0022787,1,Complete,Short,5.0,0.0,0,left,0,,,0,,,K.Walter,00-0021931,1,D.Cox,0,0,0,0,0.0,17.0,17.0,0.0,0.0,HOU,JAC,0,0,0,1,0,1,0.4257920474265128,0.0229600477703349,0.00011908003012317444,0.0165234831915394,0.265831416556461,0.0006029650924165564,0.2297855346775855,0.0,0.0,2.2224162368852878,-0.1656420039765578,-0.1656420039765578,0.0,0.5750249410671848,0.4249750589328152,0.5696762018209687,0.4303237981790313,0.5750249410671848,-0.0053487392462161,-0.0053487392462161,0.0,2012
2012-11-25,2012112506.0,9.0,3,,08:37,9,1417.0,5.0,TB,35.0,35.0,0.0,0.0,0.0,,ATL,TB,"M.Koenen kicks 72 yards from TB 35 to ATL -7. Jz. Rodgers, Touchback.",1,0.0,0,0,0,0,Kickoff,,,0,,,0.0,0.0,0,,0,,,0,,,,,0,,0,0,0,0,0.0,10.0,13.0,-3.0,3.0,TB,ATL,0,3,3,3,3,3,0.0070097559934872,0.1765636438761422,0.0064850814725455,0.2721797933189409,0.2150954864493948,0.0035216973322284,0.3191445415572608,0.0,0.0,0.4384219971073622,0.0,,,0.6010627355282464,0.3989372644717536,0.6010627355282464,0.3989372644717536,0.3989372644717536,0.0,,,2012
2011-10-02,2011100203.0,16.0,3,1.0,08:39,9,1419.0,45.0,DAL,34.0,66.0,10.0,17.0,0.0,0.0,DAL,DET,(8:39) D.Murray up the middle to DAL 38 for 4 yards (A.Fluellen).,1,4.0,0,0,0,0,Run,,,0,,,0.0,0.0,0,,0,D.Murray,00-0028009,1,middle,,,,0,A.Fluellen,0,0,0,0,0.0,27.0,9.0,18.0,18.0,DAL,DET,0,2,2,3,2,3,0.0052349048902587,0.1300282028866299,0.0020498395975297,0.2000471906832167,0.2672824892632027,0.0036046127728385,0.3917527599063236,0.0,0.0,1.7568113900420843,-0.0873796136129128,,,0.962132870518878,0.0378671294811219,0.9616168860791496,0.0383831139208504,0.962132870518878,-0.0005159844397285562,,,2011
2010-10-10,2010101011.0,8.0,2,1.0,12:01,13,2521.0,45.0,OAK,38.0,38.0,10.0,39.0,0.0,0.0,SD,OAK,(12:01) M.Tolbert right tackle to OAK 38 for no gain (L.Houston).,1,0.0,0,0,0,0,Run,,,0,,,0.0,0.0,0,,0,M.Tolbert,00-0026069,1,right,tackle,,,0,L.Houston,0,0,0,0,0.0,0.0,11.0,-11.0,11.0,OAK,SD,0,3,3,3,3,3,0.0391263689916178,0.0546069002890756,0.00015696863900501324,0.0814851464588972,0.3341941692596818,0.002913651608941,0.4875167947527812,0.0,0.0,3.686496710908878,-0.5074663672416198,,,0.7597525198087498,0.2402474801912501,0.7729882152653877,0.2270117847346122,0.2402474801912501,-0.0132356954566378,,,2010
2012-10-07,2012100706.0,11.0,2,,00:50,1,1850.0,5.0,KC,22.0,22.0,0.0,5.0,0.0,0.0,,,Timeout #2 by BAL at 00:50.,1,0.0,0,0,0,0,Timeout,,,0,,,0.0,0.0,0,,0,,,0,,,,,0,,0,0,0,0,0.0,,,,,KC,BAL,1,2,1,2,1,1,0.0,0.0,0.0,0.0,0.0,0.0,0.0,0.0,0.0,0.0,0.0,,,,,,,,0.0,,,2012
2013-10-20,2013102005.0,7.0,2,3.0,03:23,4,2003.0,39.0,KC,41.0,59.0,7.0,49.0,0.0,1.0,KC,HOU,(3:23) (Shotgun) A.Smith pass short right to D.Avery pushed ob at HOU 48 for 11 yards (S.Keo).,1,11.0,0,0,0,0,Pass,A.Smith,00-0023436,1,Complete,Short,4.0,0.0,0,right,0,,,0,,,D.Avery,00-0026173,1,S.Keo,0,0,0,0,0.0,7.0,10.0,-3.0,3.0,KC,HOU,0,2,2,2,2,2,0.3998572981003467,0.0898159440288527,0.0012996560964317,0.1327385359940887,0.1666656572890727,0.0026089924911496,0.2070139160000575,0.0,0.0,0.7530954726118775,1.558180449112357,-0.6912012648390102,2.249381713951367,0.4202787834329544,0.5797212165670456,0.4690291311833179,0.530970868816682,0.4202787834329544,0.0487503477503635,-0.0231227629314074,0.05636049994176793,2013
2010-10-03,2010100306.0,17.0,3,3.0,00:10,1,910.0,41.0,CAR,36.0,64.0,4.0,16.0,0.0,0.0,CAR,NO,"(:10) (Shotgun) J.Clausen pass short right to D.Rosario to CAR 46 for 10 yards (M.Jenkins). Pass 4, YAC 6",1,10.0,0,0,0,0,Pass,J.Clausen,00-0027659,1,Complete,Short,4.0,0.0,0,right,0,,,0,,,D.Rosario,00-0025542,1,M.Jenkins,0,0,0,0,0.0,14.0,13.0,1.0,1.0,NO,CAR,0,2,3,2,3,2,0.0406457105881549,0.157413509060832,0.0028297905696112,0.2349260822887809,0.2240655096151861,0.0038256296106614,0.3362937682667732,0.0,0.0,0.9115214815911088,1.858210687640012,1.4106230753308586,0.4475876123091535,0.4469822341302522,0.5530177658697478,0.3770769797145058,0.6229230202854942,0.5530177658697478,0.05888471184731932,0.0525851235523108,0.0173201308634355,2010
2010-11-21,2010112112.0,1.0,1,2.0,12:19,13,3439.0,35.0,IND,22.0,78.0,10.0,39.0,0.0,1.0,IND,NE,"(12:19) (No Huddle, Shotgun) P.Manning pass short middle to A.Collie to 50 for 28 yards (J.Sanders, B.Meriweather) [T.Banta-Cain].",1,17.5,0,0,0,0,Pass,P.Manning,00-0010346,1,Complete,Short,10.0,0.0,1,middle,0,,,0,,,A.Collie,00-0027092,1,,0,0,0,0,0.0,0.0,0.0,0.0,0.0,NE,IND,0,3,3,3,3,3,0.0028244934463394,0.1984148604055415,0.0069154715598155,0.3087783353687562,0.1999090767154921,0.0039124404219287,0.2792453220821265,0.0,0.0,-0.2082545063523289,2.311291607352805,2.172639875615608,1.0092180871632523,0.5212408717741592,0.4787591282258407,0.4232509515081081,0.5767490484918918,0.4787591282258407,0.05888471184731932,0.0645716386522988,0.0334182816137522,2010
2015-11-29,2015112904.0,6.0,2,2.0,03:08,4,1988.0,35.0,IND,24.0,24.0,4.0,52.0,0.0,0.0,TB,IND,(3:08) (No Huddle) J.Winston sacked at IND 24 for 0 yards (D.Jackson).,1,0.0,0,0,0,0,Sack,,00-0031503,0,,,0.0,0.0,1,,0,,,0,,,,,0,D.Jackson,0,1,0,0,0.0,6.0,6.0,0.0,0.0,IND,TB,0,2,2,2,2,2,0.1915904835137213,0.0297502883367315,6.464489829496456e-05,0.0434779886879592,0.3183632870563135,0.0021063694043348,0.4146469381026446,0.0,0.0,3.468105091073623,-0.722697792114019,,,0.3982434427036591,0.6017565572963409,0.4236198335910394,0.5763801664089606,0.6017565572963409,-0.0253763908873803,,,2015
2017-01-01,2017010113.0,15.0,2,1.0,00:01,1,1801.0,6.0,LA,29.0,29.0,10.0,46.0,0.0,0.0,ARI,LA,"(:01) C.Catanzaro 47 yard field goal is GOOD, Center-A.Brewer, Holder-M.Wile.",1,0.0,1,0,0,0,Field Goal,,,0,,,0.0,0.0,0,,0,,,0,,,,,0,,0,0,0,0,0.0,13.0,6.0,7.0,7.0,LA,ARI,0,1,2,1,2,1,0.0,0.0,0.0,0.0,0.5864579642145082,0.0,0.0,0.0,0.0,2.216332235360733,0.7836677646392665,,,0.1948718130693286,0.8051281869306713,0.1965093383380164,0.8034906616619836,0.8051281869306713,-0.0016375252686877,,,2016
2012-09-16,2012091608.0,3.0,1,2.0,11:16,12,3376.0,21.0,DAL,18.0,82.0,8.0,5.0,0.0,0.0,DAL,SEA,(11:16) D.Murray right tackle to DAL 21 for 3 yards (R.Bryant).,1,3.0,0,0,0,0,Run,,,0,,,0.0,0.0,0,,0,D.Murray,00-0028009,1,right,tackle,,,0,R.Bryant,0,0,0,0,0.0,0.0,3.0,-3.0,3.0,SEA,DAL,0,3,3,3,3,3,0.0038945834450296,0.2095037599049419,0.0085253210869588,0.3234086829159044,0.1817603853356248,0.0038249842604553,0.2690822830510848,0.0,0.0,-0.4729155964146954,-0.3525380245112723,,,0.6196807528035526,0.3803192471964473,0.6303474871468949,0.369652512853105,0.3803192471964473,-0.0106667343433423,,,2012
2016-12-25,2016122501.0,17.0,3,2.0,13:02,14,1682.0,43.0,KC,35.0,65.0,10.0,10.0,0.0,0.0,KC,DEN,(13:02) A.Smith pass short right to J.Maclin to KC 35 for no gain (C.Harris Jr.) [V.Miller].,1,0.0,0,0,0,0,Pass,A.Smith,00-0023436,1,Complete,Short,-1.0,0.0,1,right,0,,,0,,,J.Maclin,00-0026995,1,,0,0,0,0,0.0,21.0,10.0,11.0,11.0,KC,DEN,0,3,3,3,3,3,0.0018752926311591,0.1518501112682132,0.0028305317222844,0.2373770033159483,0.2606483750547095,0.0040244099185303,0.3413942760891548,0.0,0.0,1.056903457164426,-1.0047431440329069,-1.1693292212144644,0.1645860771815575,0.858892988427362,0.141107011572638,0.8397423155295791,0.1602576844704208,0.858892988427362,-0.0191506728977828,-0.0226238163009998,0.003473143403217,2016
2009-10-25,2009102508.0,20.0,4,2.0,07:19,8,439.0,41.0,OAK,34.0,34.0,9.0,46.0,0.0,0.0,NYJ,OAK,"(7:19) S.Greene left end to OAK 33 for 1 yard (K.Morrison, D.Bryant).",1,1.0,0,0,0,0,Run,,,0,,,0.0,0.0,0,,0,S.Greene,00-0026899,1,left,end,,,0,K.Morrison,0,0,0,0,0.0,31.0,0.0,20.5,23.0,OAK,NYJ,0,3,3,3,3,3,0.1087569655751091,0.0518019634471332,0.00020920069417915908,0.0776078139920676,0.3469354983231223,0.0027781744901495,0.411910383478239,0.0,0.0,3.230656538623108,-0.6774225458604053,,,6.991168153724914e-06,0.9999930088318464,9.873055012321608e-06,0.9999901269449876,0.9999930088318464,-2.881886858596694e-06,,,2009
2010-09-19,2010091907.0,19.0,4,1.0,12:06,13,726.0,11.0,ARI,21.0,79.0,10.0,5.0,0.0,0.0,ARI,ATL,(12:06) D.Anderson pass short middle to L.Fitzgerald to ARI 26 for 5 yards (B.Williams).,1,5.0,0,0,0,0,Pass,D.Anderson,00-0023645,1,Complete,Short,4.0,0.0,0,middle,0,,,0,,,L.Fitzgerald,00-0022921,1,B.Williams,0,0,0,0,0.0,7.0,34.0,-23.5,23.0,ATL,ARI,0,2,2,2,2,2,0.1007322358931966,0.1530636131850877,0.0052391848439221,0.2298259841930502,0.2022753922828941,0.0031144946774275,0.3057490949244216,0.0,0.0,0.6748477320800301,0.0785803784445586,-0.0978840858261627,0.1764644642707213,0.997312404583736,0.0026875954162639,0.9973223368002596,0.0026776631997402,0.0026875954162639,-9.932216523635216e-06,-0.00013940275909101298,0.00012947054256737776,2010
2013-09-29,2013092911.0,1.0,1,3.0,13:39,14,3519.0,6.0,DAL,26.0,74.0,14.0,6.0,0.0,0.0,DAL,SD,(13:39) (Shotgun) T.Romo pass incomplete short left to D.Harris.,1,0.0,0,0,0,0,Pass,T.Romo,00-0021678,1,Incomplete Pass,Short,10.0,0.0,0,left,0,,,0,,,D.Harris,00-0028114,0,,0,0,0,0,0.0,0.0,0.0,0.0,0.0,SD,DAL,0,3,3,3,3,3,0.0018731864964682,0.2274958757776015,0.0064225912268206,0.3540990507412961,0.1781681219015065,0.0048236538620443,0.2271175199942622,0.0,0.0,-1.0400518515870751,-1.352461233327559,3.2358282933421334,-3.1387746044711373,0.5494572772225856,0.4505427227774143,0.5900572711098808,0.4099427288901192,0.4505427227774143,-0.0405999938872951,0.0961019150783838,-0.06361267904339468,2013
2016-01-03,2016010300.0,4.0,1,1.0,09:30,10,3270.0,11.0,BUF,34.0,66.0,10.0,0.0,0.0,0.0,BUF,NYJ,(9:30) (Shotgun) T.Taylor pass incomplete short right to N.O'Leary (D.Harris). Caught out of bounds at BUF 40.,1,0.0,0,0,0,0,Pass,T.Taylor,00-0028118,1,Incomplete Pass,Short,6.0,0.0,0,right,0,,,0,,,,00-0032117,0,,0,0,0,0,0.0,0.0,0.0,0.0,0.0,BUF,NYJ,0,3,3,3,3,3,0.0042695592303975,0.1304569880111849,0.0020581318535661,0.2010948516259495,0.2672944752664138,0.003617450351923,0.3912085436605647,0.0,0.0,1.7444269430047066,-0.7207589257547391,0.2780604702014559,-0.9988193959561952,0.541521202557886,0.4584787974421139,0.5201494623068394,0.4798505376931605,0.541521202557886,-0.0213717402510466,0.0086981634241695,-0.0300699036752161,2015
2013-11-10,2013111002.0,11.0,3,4.0,10:01,11,1501.0,34.0,DET,32.0,68.0,3.0,7.0,0.0,1.0,DET,CHI,"(10:01) (Punt formation) S.Martin punts 44 yards to CHI 24, Center-D.Muhlbach, fair catch by D.Hester.",1,0.0,0,0,0,0,Punt,,,0,,,0.0,0.0,0,,0,,,0,,,,,0,,0,0,0,0,0.0,14.0,7.0,7.0,7.0,CHI,DET,0,3,3,3,3,3,0.0046161436566674,0.2512230082867673,0.0046632608862113,0.3798342685201777,0.1129880888748133,0.0053145353155168,0.2413606944598458,0.0,0.0,-1.3827172277995747,0.5748654113038631,,,0.3209560728431504,0.6790439271568496,0.2745816959514326,0.7254183040485673,0.6790439271568496,0.0463743768917177,,,2013
2012-01-01,2012010101.0,6.0,2,1.0,14:01,15,2641.0,29.0,BUF,32.0,32.0,10.0,53.0,0.0,0.0,NE,BUF,"(14:01) (No Huddle, Shotgun) T.Brady pass short left to W.Welker to BUF 24 for 8 yards (J.Rogers).",1,8.0,0,0,0,0,Pass,T.Brady,00-0019596,1,Complete,Short,8.0,0.0,0,left,0,,,0,,,W.Welker,00-0022427,1,J.Rogers,0,0,0,0,0.0,0.0,21.0,-21.0,21.0,NE,BUF,0,3,3,3,3,3,0.020571294273075,0.0463005944370885,9.278543584652308e-05,0.0693439193204455,0.3518972859515774,0.0028465340408957,0.5089475865410712,0.0,0.0,3.999523242297945,0.3333001989866906,0.3333001989866906,0.0,0.0736305301570941,0.926369469842906,0.0771152985929967,0.9228847014070032,0.0736305301570941,0.0034847684359025,0.0034847684359025,0.0,2011
2016-10-23,2016102300.0,23.0,4,1.0,09:17,10,557.0,6.0,LA,22.0,78.0,10.0,0.0,0.0,0.0,LA,NYG,(9:17) C.Keenum pass incomplete short middle to T.Gurley.,1,0.0,0,0,0,0,Pass,C.Keenum,00-0028986,1,Incomplete Pass,Short,-2.0,0.0,0,middle,0,,,0,,,T.Gurley,00-0032241,0,,0,0,0,0,0.0,10.0,16.0,-6.0,6.0,LA,NYG,0,3,3,3,3,3,0.1782714409783909,0.1361481598368789,0.0043761535860512,0.2030934599956038,0.1887943466019758,0.0028337459261422,0.2864826930749567,0.0,0.0,0.7385783765309424,-0.6375846866045081,-0.8769980579241536,0.2394133713196455,0.2660986966818782,0.7339013033181219,0.2417081651599763,0.7582918348400237,0.2660986966818782,-0.0243905315219018,-0.0330490610968346,0.0086585295749327,2016
2010-11-14,2010111403.0,5.0,2,1.0,12:49,13,2569.0,38.0,HOU,37.0,37.0,10.0,30.0,0.0,0.0,JAC,HOU,(12:49) G.Jones up the middle to HOU 34 for 3 yards (S.Cody).,1,3.0,0,0,0,0,Run,,,0,,,0.0,0.0,0,,0,G.Jones,00-0022897,1,middle,,,,0,S.Cody,0,0,0,0,0.0,3.0,3.0,0.0,0.0,JAC,HOU,0,3,3,3,3,3,0.0315872622324969,0.0534894930191911,0.00014484364746261593,0.079951206722992,0.3387858040053749,0.0029226572145476,0.4931187331579344,0.0,0.0,3.7536172451373178,-0.2226258534516336,,,0.5898549118992554,0.4101450881007445,0.5833906582014068,0.4166093417985932,0.5898549118992554,-0.0064642536978486,,,2010
2016-10-16,2016101601.0,10.0,3,2.0,12:47,13,1667.0,37.0,CHI,29.0,71.0,6.0,23.0,0.0,0.0,CHI,JAX,(12:47) (Shotgun) K.Carey left end to CHI 32 for 3 yards (J.Odrick).,1,3.0,0,0,0,0,Run,,,0,,,0.0,0.0,0,,0,K.Carey,00-0031057,1,left,end,,,0,J.Odrick,0,0,0,0,0.0,10.0,0.0,10.0,10.0,CHI,JAX,0,3,3,3,3,3,0.0022607027300333,0.1666305890328952,0.0038102909094303,0.2571365676152641,0.2294093572889243,0.0039806099131433,0.3367718825103091,0.0,0.0,0.7461241470408284,-0.2031685000973822,,,0.8332651782144899,0.1667348217855101,0.8288837000583236,0.1711162999416764,0.8332651782144899,-0.0043814781561662,,,2016
2009-11-01,2009110102.0,10.0,2,2.0,12:25,13,2545.0,42.0,CLE,30.0,30.0,6.0,19.0,0.0,0.0,CHI,CLE,(12:25) J.Cutler pass short right to M.Forte to CLE 27 for 3 yards (J.Trusnik).,1,3.0,0,0,0,0,Pass,J.Cutler,00-0024226,1,Complete,Short,-3.0,0.0,0,right,0,,,0,,,M.Forte,00-0026184,1,J.Trusnik,0,0,0,0,0.0,6.0,0.0,6.0,6.0,CHI,CLE,0,3,3,3,3,3,0.0304725454187384,0.0479284579910203,0.00014993016544559057,0.0720713503652576,0.3788246388740297,0.0028934583401038,0.4676596188454043,0.0,0.0,3.7672934783593712,-0.3305125983692392,-1.0344288136585371,0.7039162152892979,0.7906753720379079,0.209324627962092,0.7835212863573265,0.2164787136426734,0.7906753720379079,-0.0071540856805814,-0.0283547686543409,0.0212006829737595,2009
2009-12-13,2009121303.0,11.0,2,2.0,00:07,1,1807.0,0.0,SEA,45.0,45.0,5.0,50.0,0.0,1.0,HOU,SEA,(:07) (Shotgun) M.Schaub pass short left to A.Foster pushed ob at SEA 30 for 15 yards (D.Hawthorne).,1,15.0,0,0,0,0,Pass,M.Schaub,00-0022787,1,Complete,Short,9.0,0.0,0,left,0,,,0,,,A.Foster,00-0026796,1,D.Hawthorne,0,0,0,0,0.0,24.0,7.0,17.0,17.0,HOU,SEA,0,0,0,2,0,2,0.4257920474265128,0.0283753814957895,0.0003399755629265093,0.0204149476168329,0.2226885618239648,0.0005924185385019715,0.1808475550980312,0.0,0.0,1.7064726793040648,0.4607214871590583,0.542934240764926,-0.0822127536058676,0.9506964114151824,0.0493035885848176,0.9554466684125112,0.0445533315874887,0.9506964114151824,0.0047502569973288,0.0055695118218374,-0.0008192548245085085,2009
2015-10-11,2015101106.0,12.0,3,3.0,12:30,13,1650.0,46.0,BUF,19.0,81.0,20.5,5.0,0.0,0.0,BUF,TEN,"(12:30) (Shotgun) T.Taylor pass short middle to A.Dixon to BUF 25 for 6 yards (Z.Brown). Penalty on BUF-C.Glenn, Offensive Holding, declined.",1,6.0,0,0,0,0,Pass,T.Taylor,00-0028118,1,Complete,Short,6.0,0.0,0,middle,0,,,0,,,A.Dixon,00-0027772,1,Z.Brown,0,0,0,0,0.0,0.0,3.0,-3.0,3.0,TEN,BUF,0,3,3,3,3,3,0.0026115352413591,0.2592332231013372,0.009553273933919493,0.4027302742802032,0.141528049740001,0.0048042776301652,0.1791891644942572,0.0,0.0,-1.9281016843506535,-0.5641699013672117,-0.5641699013672117,0.0,0.6771168809685403,0.3228831190314597,0.697357229316085,0.302642770683915,0.3228831190314597,-0.0202403483475446,-0.0202403483475446,0.0,2015
2016-12-04,2016120409.0,8.0,2,2.0,06:58,7,2218.0,20.0,ARI,45.0,45.0,7.0,6.0,0.0,0.0,WAS,ARI,(6:58) (Shotgun) R.Kelley up the middle to ARI 42 for 3 yards (P.Peterson).,1,3.0,0,0,0,0,Run,,,0,,,0.0,0.0,0,,0,R.Kelley,00-0032371,1,middle,,,,0,P.Peterson,0,0,0,0,0.0,3.0,7.0,-4.0,4.0,ARI,WAS,0,3,3,3,3,3,0.1542218499016322,0.0677127491145692,0.00044555131271939305,0.1005711760345995,0.2923107038395213,0.0028736196747944,0.3818643501221641,0.0,0.0,2.647702219511958,-0.3484540483681715,,,0.5465821747203888,0.4534178252796111,0.5565005409181433,0.4434994590818567,0.4534178252796111,-0.0099183661977544,,,2016
2012-09-23,2012092307.0,23.0,4,4.0,02:46,3,166.0,0.0,BUF,49.0,51.0,1.0,9.0,0.0,1.0,BUF,CLE,"(2:46) B.Moorman punts 44 yards to CLE 7, Center-G.Sanborn. J.Cribbs MUFFS catch, and recovers at CLE 9. J.Cribbs to CLE 13 for 4 yards (D.Searcy).",1,4.0,0,0,0,0,Punt,,,0,,,0.0,0.0,0,,0,,,0,,,,,0,D.Searcy,0,0,0,0,0.0,24.0,14.0,10.0,10.0,CLE,BUF,0,1,0,1,0,1,0.4257920474265128,0.0888337492536206,0.000970465825442691,0.1338046422189054,0.1267753393469405,0.0030235337890987,0.1833848563020684,0.0,0.0,0.4649924047894127,-0.5227218263646586,,,0.0450508751708218,0.9549491248291782,0.0490108658935914,0.9509891341064084,0.9549491248291782,-0.0039599907227696,,,2012
2013-12-12,2013121200.0,13.0,3,1.0,03:51,4,1131.0,25.0,SD,33.0,67.0,15.0,52.0,0.0,1.0,SD,DEN,(3:51) (Shotgun) P.Rivers pass short left to E.Royal to DEN 47 for 20 yards (M.Adams).,1,17.5,0,0,0,0,Pass,P.Rivers,00-0022942,1,Complete,Short,-2.0,0.0,0,left,0,,,0,,,E.Royal,00-0026182,1,M.Adams,0,0,0,0,0.0,24.0,10.0,14.0,14.0,DEN,SD,0,2,2,2,2,2,0.0166264799773347,0.1354082817887251,0.0022840676271492,0.2060290943259399,0.2764360269042366,0.0038412287816636,0.3593748205949508,0.0,0.0,1.499617641538639,1.739956178687882,-0.9413615478536091,2.659125528472397,0.0816396615314012,0.9183603384685988,0.0606128005547345,0.9393871994452656,0.9183603384685988,0.0210268609766667,-0.0117867438787888,0.0328136048554555,2013
2016-11-27,2016112708.0,22.0,4,2.0,02:19,3,139.0,0.0,SEA,49.0,51.0,16.0,29.0,0.0,0.0,SEA,TB,(2:19) (Shotgun) R.Wilson pass incomplete deep middle to T.Lockett [R.Ayers].,1,0.0,0,0,0,0,Pass,R.Wilson,00-0029263,1,Incomplete Pass,Deep,10.0,0.0,1,middle,0,,,0,,,T.Lockett,00-0032211,0,,0,0,0,0,0.0,5.0,14.0,-9.0,9.0,TB,SEA,0,1,1,1,1,1,0.3985933179799466,0.061842958031075,0.0006205093053119654,0.0924035792687173,0.2036142347136382,0.0021690924714715,0.2407563082298391,0.0,0.0,1.4668800991078608,-0.623856090736318,3.361783386220178,-3.1387746044711373,0.9194665048580573,0.0805334951419428,0.9385017855187696,0.0614982144812304,0.0805334951419428,-0.0190352806607123,0.10628588579079232,-0.06361267904339468,2016
2010-11-21,2010112101.0,11.0,2,2.0,00:01,1,1801.0,4.0,NYJ,39.0,39.0,10.0,22.0,0.0,0.0,HOU,NYJ,(:01) (Shotgun) M.Schaub sacked at NYJ 47 for -8 yards (B.Thomas).,1,-8.0,0,0,0,0,Sack,,00-0022787,0,,,0.0,0.0,1,,0,,,0,,,,,0,B.Thomas,0,1,0,0,0.0,7.0,13.0,-6.0,6.0,NYJ,HOU,0,1,2,1,2,1,0.4257920474265128,0.0269706668786457,0.0002714071676341927,0.0197186988670588,0.2618396173700008,0.0006174022304233365,0.1842005648975249,0.0,0.0,1.8566719038129056,-2.1801977574241818,,,0.6325065937376544,0.3674934062623456,0.7065773379187807,0.2934226620812192,0.3674934062623456,-0.05867359827459407,,,2010
2012-09-30,2012093007.0,20.0,4,3.0,11:43,12,703.0,32.0,MIA,31.0,69.0,1.0,9.0,0.0,0.0,MIA,ARI,(11:43) J.Lane right tackle to MIA 31 for no gain (Q.Groves).,1,0.0,0,0,0,0,Run,,,0,,,0.0,0.0,0,,0,J.Lane,00-0029619,1,right,tackle,,,0,Q.Groves,0,0,0,0,0.0,13.0,7.0,6.0,6.0,ARI,MIA,0,1,3,1,3,1,0.0935282126542655,0.1418808978324683,0.0030981791025002,0.2033082883728996,0.1703588755899184,0.0026562537457559,0.3851692927021918,0.0,0.0,1.3575771128639076,-2.0116723956235147,,,0.2215452457984538,0.7784547542015462,0.2937569261214712,0.7062430738785288,0.7784547542015462,-0.05867359827459407,,,2012
2014-09-25,2014092500.0,4.0,1,3.0,06:18,7,3078.0,38.0,WAS,20.0,80.0,5.0,5.0,0.0,0.0,WAS,NYG,(6:18) (Shotgun) K.Cousins pass incomplete short right to A.Roberts.,1,0.0,0,0,0,0,Pass,K.Cousins,00-0029604,1,Incomplete Pass,Short,6.0,0.0,0,right,0,,,0,,,A.Roberts,00-0027691,0,,0,0,0,0,0.0,0.0,7.0,-7.0,7.0,WAS,NYG,0,3,3,3,3,3,0.0120353967201665,0.2295217822268241,0.0082176323298334,0.3418916010700213,0.144235452934207,0.0037735010778294,0.260324633641118,0.0,0.0,-0.8357160223841826,-1.4983454922088746,1.894277894162831,-3.1387746044711373,0.2445135310906151,0.7554864689093849,0.2045786308193761,0.7954213691806238,0.2445135310906151,-0.0399349002712389,0.0592560832657981,-0.06361267904339468,2014
2013-12-22,2013122208.0,16.0,3,1.0,00:36,1,936.0,46.0,TB,38.0,38.0,10.0,21.0,0.0,0.0,STL,TB,(:36) Z.Stacy left tackle to TB 35 for 3 yards (J.Banks).,1,3.0,0,0,0,0,Run,,,0,,,0.0,0.0,0,,0,Z.Stacy,00-0030536,1,left,tackle,,,0,J.Banks,0,0,0,0,0.0,17.0,13.0,4.0,4.0,STL,TB,0,3,3,3,3,3,0.0169532748547895,0.0566573055318544,0.000163374842084231,0.0852359042154992,0.3420281309723867,0.0030264070412965,0.4959356025420893,0.0,0.0,3.736736429006152,-0.2177105848154106,,,0.7612065847924728,0.2387934152075271,0.7553625394318461,0.2446374605681539,0.7612065847924728,-0.0058440453606267,,,2013
2012-10-07,2012100703.0,2.0,1,2.0,14:17,15,3557.0,28.0,NYG,15.0,15.0,3.0,22.0,0.0,0.0,CLE,NYG,"(14:17) T.Richardson up the middle for 15 yards, TOUCHDOWN.",1,15.0,1,1,0,0,Run,,,0,,,0.0,0.0,0,,0,T.Richardson,00-0029675,1,middle,,,,0,,0,0,0,0,0.0,0.0,0.0,0.0,0.0,NYG,CLE,0,3,3,3,3,3,0.0003332821077426088,0.0288290779048144,3.960872275422421e-05,0.044521831276225,0.410355291335219,0.0025715731540884,0.5133493354991562,0.0,0.0,4.4314350987144,2.311291607352805,,,0.3817349563027941,0.6182650436972059,0.2917367387969976,0.7082632612030024,0.6182650436972059,0.05888471184731932,,,2012
2010-10-10,2010101007.0,8.0,2,1.0,12:14,13,2534.0,5.0,ATL,18.0,82.0,10.0,9.0,0.0,0.0,ATL,CLE,"(12:14) M.Turner left tackle to ATL 27 for 9 yards (A.Rubin, T.Ward).",1,9.0,0,0,0,0,Run,,,0,,,0.0,0.0,0,,0,M.Turner,00-0022821,1,left,tackle,,,0,A.Rubin,0,0,0,0,0.0,3.0,7.0,-4.0,4.0,CLE,ATL,0,3,3,3,3,3,0.1028245751160397,0.1621689276846436,0.0066546748142415,0.2436787421134888,0.1914781913427379,0.0030751453707966,0.2901197435580517,0.0,0.0,0.4058557421993336,1.2063338026755384,,,0.6401912078890258,0.3598087921109741,0.5991568077333056,0.4008431922666943,0.3598087921109741,0.0410344001557201,,,2010
2011-12-05,2011120500.0,9.0,2,,01:26,2,1886.0,0.0,SD,35.0,35.0,0.0,0.0,0.0,,JAC,SD,N.Novak kicks 69 yards from SD 35 to JAC -4. C.Shorts to JAC 19 for 23 yards (M.Tolbert).,1,17.5,0,0,0,0,Kickoff,,,0,,,0.0,0.0,0,,0,,,0,,,,,0,M.Tolbert,0,0,0,0,0.0,14.0,17.0,-3.0,3.0,JAC,SD,0,1,1,2,1,2,0.4257920474265128,0.0504240589270737,0.0035179033949526,0.0366288907263431,0.1164264395422725,0.0004819776879728305,0.1042410218785201,0.0,0.0,0.6652202084968757,-0.0439653748095661,,,0.4303602980117193,0.5696397019882806,0.4288561869398484,0.5711438130601516,0.4303602980117193,-0.0015041110718709,,,2011
2011-12-17,2011121700.0,4.0,1,3.0,05:45,6,3045.0,46.0,DAL,31.0,69.0,10.0,31.0,0.0,1.0,DAL,TB,(5:45) (Shotgun) T.Romo pass deep right to J.Witten pushed ob at TB 41 for 28 yards (T.Jackson).,1,17.5,0,0,0,0,Pass,T.Romo,00-0021678,1,Complete,Deep,10.0,0.0,0,right,0,,,0,,,J.Witten,00-0022127,1,T.Jackson,0,0,0,0,0.0,7.0,0.0,7.0,7.0,TB,DAL,0,3,3,3,3,3,0.0118369887302297,0.1985658664583206,0.004483116988925,0.303523349887244,0.2078800441318052,0.0046306064283923,0.2690800273750832,0.0,0.0,-0.2128657456857379,2.311291607352805,3.246429650570116,0.5440665656870225,0.2840978702581489,0.7159021297418511,0.1787449955749901,0.8212550044250099,0.7159021297418511,0.05888471184731932,0.0932949790062248,0.0120578956769339,2011
2012-12-30,2012123000.0,6.0,2,1.0,05:08,6,2108.0,34.0,BUF,18.0,18.0,10.0,62.0,0.0,0.0,NYJ,BUF,(5:08) B.Powell right tackle to BUF 16 for 2 yards (S.Merriman; K.Sheppard).,1,2.0,0,0,0,0,Run,,,0,,,0.0,0.0,0,,0,B.Powell,00-0028064,1,right,tackle,,,0,S.Merriman,0,0,0,0,0.0,6.0,6.0,0.0,0.0,BUF,NYJ,0,3,3,3,3,3,0.1014132580983831,0.0256270617250795,2.187088433275788e-05,0.0375372730626993,0.340036508566229,0.0021837414831782,0.493180286180098,0.0,0.0,4.137053173542931,-0.3409910656073327,,,0.3706667942627701,0.6293332057372298,0.3833521601578952,0.6166478398421048,0.6293332057372298,-0.012685365895125,,,2012
2015-09-20,2015092013.0,11.0,2,1.0,00:35,1,1835.0,7.0,SEA,10.0,10.0,10.0,79.0,1.0,0.0,GB,SEA,"(:35) (Shotgun) A.Rodgers pass short left to R.Cobb to SEA 1 for 9 yards (M.Burley). The Replay Official reviewed the runner was down by contact ruling, and the play was Upheld. The ruling on the field was confirmed.",1,9.0,0,0,0,0,Pass,A.Rodgers,00-0023459,1,Complete,Short,2.0,0.0,0,left,0,,,0,,,R.Cobb,00-0028002,1,M.Burley,0,0,1,0,0.0,10.0,3.0,7.0,7.0,GB,SEA,0,0,0,2,0,2,0.1765648944457549,0.007895813012212,6.636672557267532e-06,0.0042655682314102,0.4195353689574201,0.00041680774843453857,0.3913149109322107,0.0,0.0,3.945084408892982,1.2579104656092497,-0.1667059770095558,1.4246164426188055,0.846145075012053,0.1538549249879469,0.867350779577105,0.1326492204228949,0.846145075012053,0.0212057045650519,-0.0032588769258821,0.0244645814909341,2015
2011-09-25,2011092511.0,7.0,2,1.0,12:52,13,2572.0,46.0,CHI,16.0,16.0,10.0,53.0,0.0,0.0,GB,CHI,(12:52) R.Grant right tackle to CHI 7 for 9 yards (T.Jennings).,1,9.0,0,0,0,0,Run,,,0,,,0.0,0.0,0,,0,R.Grant,00-0022984,1,right,tackle,,,0,T.Jennings,0,0,0,0,0.0,7.0,0.0,7.0,7.0,CHI,GB,0,3,3,3,3,3,0.0163405306092126,0.0270968135931479,2.063248042758345e-05,0.0403817573463822,0.3761658323817162,0.0024259569605571,0.5375684766285562,0.0,0.0,4.532324740301182,0.3252424023268627,,,0.1695103375009512,0.8304896624990488,0.1619783968144057,0.8380216031855943,0.8304896624990488,0.0075319406865455,,,2011
2016-12-24,2016122409.0,22.0,4,1.0,12:52,13,772.0,10.0,SF,34.0,66.0,10.0,0.0,0.0,1.0,SF,LA,"(12:52) (Shotgun) C.Kaepernick pass incomplete short left to C.Hyde (E.Gaines). SF-C.Hyde was injured during the play. He is Out.  Los Angeles challenged the incomplete pass ruling, and the play was REVERSED. (Shotgun) C.Kaepernick pass short left to C.Hyde to SF 34 for no gain (E.Gaines). FUMBLES (E.Gaines), touched at SF 34, RECOVERED by LA-M.Fox at SF 25.",1,0.0,0,0,0,0,Pass,C.Kaepernick,00-0027974,1,Incomplete Pass,Short,0.0,0.0,0,left,0,,,0,,,C.Hyde,00-0031045,0,E.Gaines,1,0,1,0,0.0,7.0,14.0,-7.0,7.0,LA,SF,0,3,3,3,3,3,0.0660201943998748,0.1184690455657769,0.0018500472986901,0.1778523896499224,0.2537636676209048,0.0032732373039046,0.3787714181609261,0.0,0.0,1.8151634457528376,-2.3435852439389357,-0.6722513546992883,-3.1387746044711373,0.7192758903269134,0.2807241096730866,0.8641571936490493,0.1358428063509508,0.2807241096730866,-0.05867359827459407,-0.0244811911957634,-0.06361267904339468,2016
2011-11-20,2011112008.0,1.0,1,3.0,14:15,15,3555.0,40.0,ARI,24.0,76.0,6.0,4.0,0.0,0.0,ARI,SF,(14:15) (Shotgun) J.Skelton pass incomplete short right to L.Fitzgerald (C.Rogers).,1,0.0,0,0,0,0,Pass,J.Skelton,00-0027754,1,Incomplete Pass,Short,4.0,0.0,0,right,0,,,0,,,L.Fitzgerald,00-0022921,0,,0,0,0,0,0.0,0.0,0.0,0.0,0.0,SF,ARI,0,3,3,3,3,3,0.0016851981325326,0.2221361880636917,0.0067684963160231,0.3398027780119504,0.1634171731374058,0.0041303537509446,0.2620598125874517,0.0,0.0,-0.725634087880505,-1.561770091029825,-0.8751537995979679,-0.6866162914318568,0.5422126942566838,0.4577873057433162,0.5887420199959803,0.4112579800040197,0.4577873057433162,-0.0465293257392965,-0.0256553603729155,-0.0208739653663809,2011
2011-09-25,2011092503.0,12.0,2,,00:27,1,1827.0,3.0,MIA,35.0,35.0,0.0,0.0,0.0,,CLE,MIA,D.Carpenter kicks 72 yards from MIA 35 to CLE -7. B.Skrine to CLE 16 for 23 yards (C.Clemons).,1,17.5,0,0,0,0,Kickoff,,,0,,,0.0,0.0,0,,0,,,0,,,,,0,C.Clemons,0,0,0,0,0.0,7.0,10.0,-3.0,3.0,CLE,MIA,0,2,2,2,2,2,0.4257920474265128,0.0424701089977705,0.0029604327814947,0.030782158523797,0.0984302816568896,0.0004058265193595807,0.0882747992891611,0.0,0.0,0.5652197908106357,-0.5652197908106357,,,0.4228536049117913,0.5771463950882088,0.403693351796872,0.5963066482031281,0.4228536049117913,-0.0191602531149192,,,2011
2009-12-27,2009122707.0,2.0,1,1.0,09:57,10,3297.0,23.0,TB,47.0,47.0,10.0,36.0,0.0,0.0,NO,TB,(9:57) M.Bell left guard to TB 39 for 8 yards (M.McCoy).,1,8.0,0,0,0,0,Run,,,0,,,0.0,0.0,0,,0,M.Bell,00-0024011,1,left,guard,,,0,M.McCoy,0,0,0,0,0.0,0.0,0.0,0.0,0.0,NO,TB,0,3,3,2,3,2,0.0023677351390245,0.0783458608427577,0.0003923324123098744,0.1205541902684084,0.3259972618265347,0.0033965404832083,0.4689460790277561,0.0,0.0,3.1877058404085616,0.5508653003007526,,,0.6005714487182214,0.3994285512817785,0.6198326677735824,0.3801673322264176,0.6005714487182214,0.0192612190553609,,,2009
2016-11-13,2016111306.0,6.0,1,3.0,02:51,3,2871.0,43.0,TB,36.0,36.0,8.0,28.0,0.0,0.0,CHI,TB,(2:51) (Shotgun) J.Cutler pass incomplete short left to E.Royal.,1,0.0,0,0,0,0,Pass,J.Cutler,00-0024226,1,Incomplete Pass,Short,5.0,0.0,0,left,0,,,0,,,E.Royal,00-0026182,0,,0,0,0,0,0.0,0.0,6.0,-6.0,6.0,TB,CHI,0,3,3,3,3,3,0.0115307778595164,0.0793322959120925,0.0004373741979221962,0.125034561523784,0.4275206494863951,0.0042489268280264,0.3518954141922631,0.0,0.0,2.64021413466247,-1.9478521605801529,-0.7955112496346226,-1.15234091094553,0.6200604565382365,0.3799395434617635,0.6856144023122375,0.3143855976877625,0.3799395434617635,-0.05867359827459407,-0.0270009009024349,-0.038553044871566,2016
2012-12-02,2012120207.0,11.0,2,2.0,05:59,6,2159.0,24.0,MIA,19.0,81.0,11.0,15.0,0.0,1.0,MIA,NE,(5:59) R.Bush right end to MIA 35 for 16 yards (A.Talib; D.McCourty).,1,16.0,0,0,0,0,Run,,,0,,,0.0,0.0,0,,0,R.Bush,00-0024217,1,right,end,,,0,A.Talib,0,0,0,0,0.0,3.0,17.0,-14.0,14.0,MIA,NE,0,2,2,2,2,2,0.3411525752062338,0.1345970253823459,0.0054050523696465,0.1998322363152123,0.1294019460962164,0.0024478730313359,0.1871632915990088,0.0,0.0,-0.1101822095484343,1.632832577619462,,,0.1131187242451433,0.8868812757548566,0.1362985957216691,0.8637014042783309,0.1131187242451433,0.0231798714765258,,,2012
2012-10-07,2012100704.0,16.0,3,2.0,10:58,11,1558.0,33.0,MIN,25.0,75.0,8.0,12.0,0.0,1.0,MIN,TEN,(10:58) C.Ponder pass short left to A.Peterson to MIN 35 for 10 yards (Z.Brown).,1,10.0,0,0,0,0,Pass,C.Ponder,00-0027950,1,Complete,Short,1.0,0.0,0,left,0,,,0,,,A.Peterson,00-0025394,1,Z.Brown,0,0,0,0,0.0,13.0,0.0,13.0,13.0,MIN,TEN,0,3,3,3,3,3,0.0037456368592879,0.1840338438966445,0.0053432385619083,0.2843356087461255,0.2132717005528151,0.0039390288013633,0.3053309425818551,0.0,0.0,0.231872487297529,1.5890330475937726,-0.7998152106049825,2.388848258198755,0.8789083831094773,0.1210916168905227,0.9019175118800046,0.0980824881199954,0.8789083831094773,0.0230091287705273,-0.0128838346890367,0.035892963459564,2012
2012-09-24,2012092400.0,16.0,4,2.0,12:09,13,729.0,40.0,GB,42.0,58.0,13.0,34.0,0.0,0.0,GB,SEA,(12:09) (Shotgun) A.Rodgers pass short middle to J.Finley to SEA 47 for 11 yards (M.Trufant).,1,11.0,0,0,0,0,Pass,A.Rodgers,00-0023459,1,Complete,Short,6.0,0.0,0,middle,0,,,0,,,J.Finley,00-0026231,1,M.Trufant,0,0,0,0,0.0,6.0,7.0,-1.0,1.0,SEA,GB,0,3,2,3,2,3,0.0688416033056286,0.1170544008950458,0.0016038323404839,0.1777750221421992,0.2811181393617472,0.0035592634604047,0.3500477384944905,0.0,0.0,1.702011092105984,0.9065605655188224,-0.1073026186369394,1.013863184155762,0.502789351349676,0.497210648650324,0.4675135242650648,0.5324864757349351,0.497210648650324,0.0352758270846111,-0.0038651303343266,0.0391409574189377,2012
2011-10-16,2011101603.0,5.0,1,2.0,01:02,2,2762.0,39.0,WAS,29.0,29.0,4.0,64.0,0.0,1.0,PHI,WAS,(1:02) L.McCoy up the middle to WAS 8 for 21 yards (J.Wilson).,1,17.5,0,0,0,0,Run,,,0,,,0.0,0.0,0,,0,L.McCoy,00-0027029,1,middle,,,,0,J.Wilson,0,0,0,0,0.0,7.0,0.0,7.0,7.0,WAS,PHI,0,2,3,2,3,2,0.0124917743209862,0.0455391090574566,0.0001273441409885514,0.0684562424076796,0.3775395997831935,0.0028894012562309,0.4929565290334644,0.0,0.0,3.973027592788189,1.346107447979859,,,0.189652865320372,0.8103471346796279,0.163009509053393,0.8369904909466069,0.8103471346796279,0.026643356266979,,,2011
2017-01-01,2017010100.0,1.0,1,1.0,15:00,15,3600.0,0.0,NO,25.0,75.0,10.0,0.0,0.0,0.0,NO,ATL,(15:00) (Shotgun) D.Brees pass incomplete short left to M.Ingram.,1,0.0,0,0,0,0,Pass,D.Brees,00-0020531,1,Incomplete Pass,Short,-6.0,0.0,0,left,0,,,0,,,M.Ingram,00-0027966,0,,0,0,0,0,0.0,0.0,0.0,0.0,0.0,ATL,NO,0,3,3,3,3,3,0.0013736795911316,0.1626315095188615,0.004440726358228,0.2541786337864296,0.23308117414857,0.0036557130265806,0.3406385635701985,0.0,0.0,0.8149984757122131,-0.7716850733373526,-1.856584459005164,1.0848993856678115,0.4999931782780654,0.5000068217219346,0.5222803689320747,0.4777196310679252,0.5000068217219346,-0.0222871906540093,-0.0537778607463383,0.031490670092329,2016
2009-10-04,2009100401.0,1.0,1,3.0,11:11,12,3371.0,42.0,CIN,46.0,54.0,6.0,58.0,0.0,1.0,CIN,CLE,(11:11) (Shotgun) C.Palmer pass short left to A.Caldwell to CLE 30 for 24 yards (M.Adams) [A.Hall].,1,17.5,0,0,0,0,Pass,C.Palmer,00-0021429,1,Complete,Short,10.0,0.0,1,left,0,,,0,,,A.Caldwell,00-0026237,1,,0,0,0,0,0.0,0.0,0.0,0.0,0.0,CLE,CIN,0,3,3,3,3,3,0.0024416575304516,0.1365618473059969,0.0016266852668159,0.2132638163819141,0.2988199191074264,0.0044808458669082,0.3428052285404865,0.0,0.0,1.3992724217144794,2.311291607352805,2.1313141573239323,0.5305302067040785,0.4716938973308097,0.5283061026691903,0.3849967103101672,0.6150032896898328,0.5283061026691903,0.05888471184731932,0.0676177344622772,0.0190794525583651,2009
2015-11-15,2015111502.0,1.0,1,3.0,13:37,14,3517.0,43.0,DAL,24.0,76.0,6.0,-1.0,0.0,0.0,DAL,TB,"(13:37) (Shotgun) PENALTY on DAL-J.Witten, False Start, 5 yards, enforced at DAL 24 - No Play.",1,0.0,0,0,0,0,No Play,,,0,,,0.0,0.0,0,,0,,,0,,,,,0,,0,0,0,1,0.0,0.0,0.0,0.0,0.0,TB,DAL,0,3,3,3,3,3,0.0019642614082804,0.2218921475750253,0.0067573086231352,0.3389414037814946,0.1636330905017069,0.0041250080092522,0.2626867801011053,0.0,0.0,-0.7138241382104462,-0.8268663810793162,,,0.5397389415078946,0.4602610584921054,0.563359335586795,0.4366406644132051,0.4602610584921054,-0.0236203940789003,,,2015
2010-09-26,2010092602.0,16.0,3,3.0,02:37,3,1057.0,46.0,TB,6.0,6.0,2.0,53.0,0.0,0.0,PIT,TB,(2:37) C.Batch pass incomplete short middle to D.Johnson.,1,0.0,0,0,0,0,Pass,C.Batch,00-0000865,1,Incomplete Pass,Short,6.0,0.0,0,middle,0,,,0,,,D.Johnson,00-0026957,0,,0,0,0,0,0.0,28.0,6.0,20.5,22.0,TB,PIT,0,3,2,3,2,3,0.0044089171061592,0.0218417042096961,3.306065579876076e-05,0.0347922935948787,0.5452663758510574,0.0022300047312335,0.391427643851176,0.0,0.0,4.071115354869034,-1.144431080713236,2.9288846451309656,-3.1387746044711373,0.0032847123727769,0.9967152876272232,0.0057071049637344,0.9942928950362656,0.9967152876272232,-0.0024223925909575,0.002648830299198,-0.0050712228901556,2010
2016-12-18,2016121802.0,21.0,4,1.0,02:14,3,134.0,6.0,GB,34.0,34.0,10.0,63.0,0.0,0.0,CHI,GB,(2:14) (Shotgun) M.Barkley pass short left to J.Langford to GB 16 for 18 yards (J.Ryan).,1,17.5,0,0,0,0,Pass,M.Barkley,00-0030533,1,Complete,Short,0.0,0.0,0,left,0,,,0,,,J.Langford,00-0031569,1,J.Ryan,0,0,0,0,0.0,24.0,27.0,-3.0,3.0,CHI,GB,0,2,2,3,2,3,0.2732906554696828,0.0349373573787037,7.819447867896606e-05,0.0509580248198409,0.2577535980983067,0.0020418009361839,0.3809403688186029,0.0,0.0,2.982252343065152,0.8346100783363886,-0.4259371021051166,1.2605471804415052,0.510197797267071,0.4898022027329289,0.5819764027215547,0.4180235972784453,0.510197797267071,0.05888471184731932,-0.0349781221708886,0.05636049994176793,2016
2009-09-13,2009091308.0,8.0,2,,01:08,2,1868.0,4.0,TB,14.0,14.0,0.0,4.0,0.0,0.0,,,Timeout #3 by DAL at 01:08.,1,0.0,0,0,0,0,Timeout,,,0,,,0.0,0.0,0,,0,,,0,,,,,0,,0,0,0,0,0.0,,,,,TB,DAL,1,1,2,1,2,0,0.0,0.0,0.0,0.0,0.0,0.0,0.0,0.0,0.0,0.0,0.0,,,,,,,,0.0,,,2009
2009-12-13,2009121308.0,24.0,4,2.0,02:26,3,146.0,0.0,CAR,22.0,22.0,8.0,9.0,0.0,0.0,NE,CAR,(2:26) L.Maroney left guard to CAR 15 for 7 yards (D.Lewis).,1,7.0,0,0,0,0,Run,,,0,,,0.0,0.0,0,,0,L.Maroney,00-0024236,1,left,guard,,,0,D.Lewis,0,0,0,0,0.0,20.0,10.0,10.0,10.0,NE,CAR,0,1,1,1,1,1,0.2117682898936335,0.0294498018927948,6.513790480116594e-05,0.0436381096364959,0.3313881359314315,0.0020871443047282,0.3816033804361147,0.0,0.0,3.2756159105130958,0.1805647423075935,,,0.9812580679174828,0.0187419320825171,0.9866974620440724,0.0133025379559275,0.9812580679174828,0.0054393941265896,,,2009
2013-11-10,2013111003.0,2.0,1,2.0,07:21,8,3141.0,38.0,PHI,33.0,33.0,12.0,44.0,0.0,0.0,GB,PHI,(7:21) (Shotgun) S.Wallace pass short right to E.Lacy to PHI 35 for -2 yards (E.Wolff).,1,-2.0,0,0,0,0,Pass,S.Wallace,00-0022055,1,Complete,Short,-5.0,0.0,0,right,0,,,0,,,E.Lacy,00-0030485,1,E.Wolff,0,0,0,0,0.0,0.0,0.0,0.0,0.0,GB,PHI,0,3,3,3,3,3,0.0032230129254245,0.0613497344883551,0.0002509026214574331,0.0957196014873005,0.3984623015192521,0.0033200047720429,0.4376744421861671,0.0,0.0,3.411159790285928,-0.991781446945899,-1.2778405065873484,0.2860590596414494,0.5987544888129215,0.4012455111870785,0.567555112960531,0.432444887039469,0.5987544888129215,-0.0311993758523905,-0.0409561595302501,0.0097567836778595,2013
2016-12-04,2016120407.0,9.0,2,2.0,00:05,1,1805.0,4.0,DET,14.0,14.0,10.0,75.0,0.0,0.0,NO,DET,"(:05) W.Lutz 32 yard field goal is GOOD, Center-J.Drescher, Holder-T.Morstead.",1,0.0,1,0,0,0,Field Goal,,,0,,,0.0,0.0,0,,0,,,0,,,,,0,,0,0,0,0,0.0,3.0,13.0,-10.0,10.0,NO,DET,0,1,1,3,1,3,0.0,0.0,0.0,0.0,0.5864579642145082,0.0,0.0,0.0,0.0,2.819354012399577,0.1806459876004225,,,0.2656958098422829,0.734304190157717,0.2436770129230984,0.7563229870769015,0.2656958098422829,-0.0220187969191845,,,2016
2011-10-23,2011102304.0,13.0,3,1.0,09:47,10,1487.0,40.0,CAR,8.0,8.0,8.0,67.0,1.0,0.0,WAS,CAR,"(9:47) R.Torain left end to CAR 15 for -7 yards (J.Anderson, D.Connor).",1,-7.0,0,0,0,0,Run,,,0,,,0.0,0.0,0,,0,R.Torain,00-0026279,1,left,end,,,0,J.Anderson,0,0,0,0,0.0,6.0,16.0,-10.0,10.0,CAR,WAS,0,3,3,3,3,3,0.000503764526643756,0.0128756944610074,7.189997212820896e-06,0.0151121604500858,0.3342765871823568,0.0016151489697193,0.6356094544129739,0.0,0.0,5.310899653849278,-0.8974188252723243,,,0.6736892788238915,0.3263107211761084,0.7063492914251768,0.2936507085748231,0.3263107211761084,-0.0326600126012852,,,2011
2010-10-31,2010103103.0,10.0,2,,01:28,2,1888.0,0.0,KC,30.0,30.0,0.0,0.0,0.0,,BUF,KC,"R.Succop kicks 75 yards from KC 30 to BUF -5. C.Spiller, Touchback.",1,0.0,0,0,0,0,Kickoff,,,0,,,0.0,0.0,0,,0,,,0,,,,,0,,0,0,0,0,0.0,0.0,7.0,-7.0,7.0,KC,BUF,0,1,3,1,3,1,0.4257920474265128,0.050707981362328,0.0035378149833615,0.0368379265424614,0.1170670920107907,0.0004846965537988557,0.1048087242219767,0.0,0.0,0.66876667884287,0.0,,,0.7053618966083659,0.294638103391634,0.7053618966083659,0.294638103391634,0.294638103391634,0.0,,,2010
2016-01-03,2016010309.0,5.0,2,3.0,11:24,12,2484.0,48.0,DET,23.0,77.0,7.0,11.0,0.0,1.0,DET,CHI,"(11:24) (Shotgun) M.Stafford pass short right to E.Ebron to DET 31 for 8 yards (H.Jones-Quartey). Penalty on CHI, Defensive Offside, declined.",1,8.0,0,0,0,0,Pass,M.Stafford,00-0026498,1,Complete,Short,8.0,0.0,0,right,0,,,0,,,E.Ebron,00-0031387,1,H.Jones-Quartey,0,0,0,0,0.0,7.0,0.0,7.0,7.0,CHI,DET,0,3,2,3,2,3,0.1142682808252453,0.1980932140603608,0.0062112103763408,0.2914742341825839,0.147535125281206,0.0036217115545428,0.2387962237197201,0.0,0.0,-0.5255993372211072,2.053951061863838,2.053951061863838,0.0,0.2965575496708583,0.7034424503291417,0.2294497919469011,0.7705502080530988,0.7034424503291417,0.05888471184731932,0.0671077577239571,0.0,2015
2012-12-09,2012120909.0,9.0,2,2.0,02:37,3,1957.0,41.0,DAL,14.0,86.0,14.0,13.0,0.0,0.0,DAL,CIN,(2:37) (Shotgun) T.Romo pass short left to M.Austin to DAL 19 for 5 yards (L.Hall).,1,5.0,0,0,0,0,Pass,T.Romo,00-0021678,1,Complete,Short,5.0,0.0,0,left,0,,,0,,,M.Austin,00-0023921,1,L.Hall,0,0,0,0,0.0,10.0,13.0,-3.0,3.0,CIN,DAL,0,2,3,2,3,2,0.4257920474265128,0.0998933210412708,0.0052966133822154,0.1477846556755001,0.0782199097413793,0.0015951357274178,0.112020316354968,0.0,0.0,-0.3227735644529939,-0.0925087096250147,-0.0925087096250147,0.0,0.630892651522071,0.3691073484779291,0.634779532619853,0.3652204673801471,0.3691073484779291,-0.003886881097782,-0.003886881097782,0.0,2012
2010-11-14,2010111404.0,1.0,1,4.0,10:09,11,3309.0,2.0,MIN,37.0,37.0,11.0,38.0,0.0,0.0,CHI,MIN,"(10:09) (Punt formation) PENALTY on CHI-R.Davis, False Start, 5 yards, enforced at MIN 37 - No Play.",1,0.0,0,0,0,0,No Play,,,0,,,0.0,0.0,0,,0,,,0,,,,,0,,0,0,0,1,0.0,0.0,0.0,0.0,0.0,CHI,MIN,0,3,3,3,3,3,0.0027598896165941,0.1168376197347717,0.0011723087840855,0.1776950119853674,0.531194945354376,0.0060441783335453,0.1642960461912597,0.0,0.0,1.1590229553989784,-0.501956501173031,,,0.5228169382840435,0.4771830617159565,0.5079885128915286,0.4920114871084714,0.5228169382840435,-0.0148284253925149,,,2010
2016-10-16,2016101600.0,4.0,1,1.0,02:33,3,2853.0,38.0,SF,17.0,17.0,10.0,63.0,0.0,0.0,BUF,SF,(2:33) L.McCoy left end pushed ob at SF 12 for 5 yards (N.Bellore).,1,5.0,0,0,0,0,Run,,,0,,,0.0,0.0,0,,0,L.McCoy,00-0027029,1,left,end,,,0,N.Bellore,0,0,0,0,0.0,0.0,3.0,-3.0,3.0,BUF,SF,0,3,3,2,3,2,0.0055642685884091,0.0289323067863814,2.349837091175648e-05,0.0435847868453933,0.3800501507100474,0.0025337581913925,0.5393112305074644,0.0,0.0,4.528459157046457,-0.1147558248241296,,,0.5425336493477162,0.4574663506522838,0.5367648771879042,0.4632351228120958,0.5425336493477162,-0.0057687721598119,,,2016
2013-12-29,2013122903.0,3.0,1,2.0,04:24,5,2964.0,39.0,PHI,43.0,43.0,5.0,40.0,0.0,0.0,DAL,PHI,(4:24) K.Orton pass short right to D.Bryant to PHI 40 for 3 yards (B.Fletcher).,1,3.0,0,0,0,0,Pass,K.Orton,00-0023541,1,Complete,Short,-2.0,0.0,0,right,0,,,0,,,D.Bryant,00-0027902,1,B.Fletcher,0,0,0,0,0.0,0.0,3.0,-3.0,3.0,DAL,PHI,0,3,3,3,3,3,0.0085732492313337,0.0750843766601727,0.0004290059145053983,0.1139343409920565,0.3413608704826136,0.0034201858602134,0.4571979708591046,0.0,0.0,3.207657250428076,-0.1314473409602481,-1.093624578694249,0.9621772377340004,0.4975596111984839,0.5024403888015161,0.4909424812754491,0.509057518724551,0.4975596111984839,-0.0066171299230348,-0.0327709792107868,0.026153849287752,2013
2011-12-04,2011120401.0,20.0,4,1.0,12:27,13,747.0,13.0,KC,29.0,71.0,10.0,7.0,0.0,0.0,KC,CHI,(12:27) D.McCluster left tackle to KC 36 for 7 yards (N.Roach).,1,7.0,0,0,0,0,Run,,,0,,,0.0,0.0,0,,0,D.McCluster,00-0027651,1,left,tackle,,,0,N.Roach,0,0,0,0,0.0,10.0,3.0,7.0,7.0,CHI,KC,0,3,2,3,2,3,0.0804372287055992,0.1314367886454272,0.0027754330883921,0.1972783403831136,0.2339209747535663,0.0032283034283265,0.3509229309955748,0.0,0.0,1.3838704332915146,0.4771176317233412,,,0.2092737483311468,0.7907262516688531,0.1913010130351958,0.8086989869648041,0.7907262516688531,0.017972735295951,,,2011
2013-11-28,2013112800.0,13.0,3,,15:00,15,1800.0,4.0,DET,35.0,35.0,0.0,0.0,0.0,,GB,DET,S.Martin kicks 70 yards from DET 35 to GB -5. M.Hyde to GB 21 for 26 yards (T.Whitehead).,1,17.5,0,0,0,0,Kickoff,,,0,,,0.0,0.0,0,,0,,,0,,,,,0,T.Whitehead,0,0,0,0,0.0,9.0,17.0,-8.0,8.0,DET,GB,0,3,3,3,3,3,0.0015063265025897,0.1797487862643072,0.0066391083784486,0.281137706070735,0.2137001434842491,0.0035923127788396,0.3136756165208305,0.0,0.0,0.3235258536112761,0.1005896966037547,,,0.7623725217609562,0.2376274782390438,0.759538553047226,0.240461446952774,0.2376274782390438,0.0028339687137302,,,2013
2016-11-14,2016111400.0,20.0,3,1.0,01:56,2,1016.0,12.0,CIN,47.0,47.0,10.0,11.0,0.0,1.0,NYG,CIN,(1:56) E.Manning pass short middle to O.Beckham to CIN 36 for 11 yards (D.Dennard).,1,11.0,0,0,0,0,Pass,E.Manning,00-0022803,1,Complete,Short,10.0,0.0,0,middle,0,,,0,,,O.Beckham,00-0031235,1,D.Dennard,0,0,0,0,0.0,14.0,20.0,-6.0,6.0,NYG,CIN,0,3,3,2,3,2,0.0160052450773028,0.0750829029704848,0.0003733600673492456,0.1134480774293529,0.3221366436259967,0.0032470200301191,0.4697067507993943,0.0,0.0,3.2407192554823654,0.5961978909966184,0.5961978909966184,0.0,0.3760057392001618,0.6239942607998382,0.3965383737329815,0.6034616262670185,0.3760057392001618,0.0205326345328197,0.0205326345328197,0.0,2016
2009-12-20,2009122001.0,12.0,3,1.0,10:44,11,1544.0,24.0,NE,44.0,56.0,10.0,22.0,0.0,0.0,NE,BUF,"(10:44) T.Brady pass short right to S.Morris to NE 46 for 2 yards (D.Whitner). Screen pass, caught at NE 41.",1,2.0,0,0,0,0,Pass,T.Brady,00-0019596,1,Complete,Short,-3.0,0.0,0,right,0,,,0,,,S.Morris,00-0019484,1,D.Whitner,0,0,0,0,0.0,14.0,3.0,11.0,11.0,BUF,NE,0,3,3,3,3,3,0.0024951627515698,0.1013565228929553,0.0008748589507879012,0.1564460823803823,0.3003691441251141,0.0035568950746445,0.434901333824546,0.0,0.0,2.551588696053335,-0.3736987180450213,-1.0340709932223453,0.660372275177324,0.1161402388412612,0.8838597611587388,0.1215064717928383,0.8784935282071616,0.8838597611587388,-0.0053662329515771,-0.0162778065267235,0.0109115735751463,2009
2013-10-28,2013102800.0,22.0,4,1.0,04:33,5,273.0,37.0,STL,29.0,71.0,10.0,47.0,0.0,1.0,STL,SEA,(4:33) K.Clemens pass short middle to C.Givens to 50 for 21 yards (B.Irvin).,1,17.5,0,0,0,0,Pass,K.Clemens,00-0024264,1,Complete,Short,10.0,0.0,0,middle,0,,,0,,,C.Givens,00-0029614,1,B.Irvin,0,0,0,0,0.0,9.0,14.0,-5.0,5.0,STL,SEA,0,3,3,3,3,3,0.3700423433548216,0.088197015874892,0.0018495275204917,0.1300233362549772,0.1617758620214579,0.002160976994901,0.2459509379784581,0.0,0.0,1.0328526494528825,1.2806499800235664,0.8531385207207671,0.4275114593027993,0.2839486999032325,0.7160513000967674,0.3390683411350983,0.6609316588649017,0.2839486999032325,0.0551196412318658,0.0417102730730301,0.0134093681588357,2013
2011-10-30,2011103008.0,5.0,2,3.0,09:04,10,2344.0,36.0,PIT,15.0,85.0,17.0,-7.0,0.0,1.0,PIT,NE,(9:04) (Shotgun) B.Roethlisberger pass short middle intended for E.Sanders INTERCEPTED by G.Guyton at PIT 25. G.Guyton to PIT 8 for 17 yards (H.Miller).,1,0.0,0,0,0,0,Pass,B.Roethlisberger,00-0022924,1,Incomplete Pass,Short,10.0,0.0,0,middle,1,,,0,,,,00-0027685,0,H.Miller,0,0,0,0,0.0,10.0,0.0,10.0,10.0,PIT,NE,0,2,2,2,2,2,0.1944584451032931,0.2147815333537151,0.0095406446383359,0.3165454660457026,0.104817321235995,0.003468746765105,0.1563878428578531,0.0,0.0,-1.4631397944145683,-2.3435852439389357,-0.1130987723680221,-3.1387746044711373,0.7672157051561002,0.2327842948438998,0.6678099005774913,0.3321900994225086,0.7672157051561002,-0.05867359827459407,-0.0029082309129641,-0.06361267904339468,2011
2016-09-11,2016091112.0,8.0,2,,04:00,4,2040.0,6.0,ARI,35.0,35.0,0.0,0.0,0.0,,,,Timeout at 04:00.,1,0.0,0,0,0,0,Timeout,,,0,,,0.0,0.0,0,,0,,,0,,,,,0,,0,0,0,0,0.0,,,,,ARI,NE,0,3,3,3,3,3,0.0,0.0,0.0,0.0,0.0,0.0,0.0,0.0,0.0,0.0,0.0,,,,,,,,0.0,,,2016
2014-09-21,2014092101.0,19.0,4,,09:26,10,566.0,2.0,TEN,2.0,2.0,0.0,76.0,0.0,0.0,CIN,TEN,"M.Nugent extra point is GOOD, Center-C.Harris, Holder-K.Huber.",1,0.0,1,0,0,0,Extra Point,,,0,,,0.0,0.0,0,,0,,,0,,,,,0,,0,0,0,0,0.0,32.0,0.0,20.5,23.0,CIN,TEN,0,2,2,3,2,3,0.0,0.0,0.0,0.0,0.0,0.0,0.0,0.9907954004544308,0.0,0.9907954004544308,0.009204599545569,,,0.9999766039862772,2.3396013722809528e-05,0.9999336140604128,6.638593958729899e-05,0.9999766039862772,-4.298992586448946e-05,,,2014
2012-12-30,2012123007.0,6.0,2,2.0,10:19,11,2419.0,38.0,WAS,15.0,15.0,5.0,79.0,0.0,1.0,DAL,WAS,(10:19) D.Murray up the middle to WAS 10 for 5 yards (R.Doughty).,1,5.0,0,0,0,0,Run,,,0,,,0.0,0.0,0,,0,D.Murray,00-0028009,1,middle,,,,0,R.Doughty,0,0,0,0,0.0,0.0,0.0,0.0,0.0,WAS,DAL,0,3,1,3,1,3,0.0308395626746502,0.0275285717870942,4.048075333100651e-05,0.0411722821677023,0.4106201680255962,0.002362867690064,0.487436066901562,0.0,0.0,4.27776605572599,0.778473939697145,,,0.3558197202762597,0.6441802797237403,0.3252790999460924,0.6747209000539076,0.6441802797237403,0.0305406203301673,,,2012
2011-11-27,2011112709.0,16.0,3,1.0,08:24,9,1404.0,39.0,NE,11.0,11.0,10.0,71.0,0.0,0.0,PHI,NE,(8:24) L.McCoy right guard to NE 9 for 2 yards (S.Moore).,1,2.0,0,0,0,0,Run,,,0,,,0.0,0.0,0,,0,L.McCoy,00-0027029,1,right,guard,,,0,S.Moore,0,0,0,0,0.0,13.0,31.0,-18.0,18.0,PHI,NE,0,3,3,3,3,3,0.0011322653314667,0.0242613989110114,1.3783636285475384e-05,0.037004747902615,0.389999283557252,0.0024510648784632,0.5451374557829062,0.0,0.0,4.659017171585115,-0.3154439850974446,,,0.108946720421626,0.891053279578374,0.1037509071622917,0.8962490928377083,0.108946720421626,-0.0051958132593343,,,2011
2010-11-14,2010111402.0,24.0,4,3.0,00:01,1,1.0,24.0,CIN,5.0,95.0,20.5,-16.0,0.0,0.0,CIN,IND,"(:01) (No Huddle, Shotgun) C.Palmer pass incomplete short right to C.Ochocinco.",1,0.0,0,0,0,0,Pass,C.Palmer,00-0021429,1,Incomplete Pass,Short,5.0,0.0,0,right,0,,,0,,,C.Ochocinco,00-0020397,0,,0,0,0,0,0.0,17.0,22.0,-5.0,5.0,IND,CIN,0,0,3,0,3,0,0.4257920474265128,0.068992529890111,0.009055896228995,0.0491480727953368,0.0364789139064848,0.0004308747428024237,0.0339221141061656,0.0,0.0,-0.2213726017474625,0.0,0.2213726017474625,-0.2213726017474625,0.8970159404427244,0.1029840595572756,1.0,0.0,0.1029840595572756,-0.05867359827459407,-0.0819389836104645,0.0,2010
2010-10-31,2010103101.0,24.0,4,1.0,00:19,1,19.0,8.0,DAL,24.0,76.0,10.0,-1.0,0.0,0.0,DAL,JAC,(:19) J.Kitna kneels to DAL 23 for -1 yards.,1,-1.0,0,0,0,0,QB Kneel,,,0,,,0.0,0.0,0,,0,,00-0009311,0,,,,,0,,0,0,0,0,0.0,17.0,35.0,-18.0,18.0,DAL,JAC,0,0,0,1,0,1,0.4257920474265128,0.0,0.0,0.0,0.0,0.0,0.0,0.0,0.0,0.0,0.0,,,0.00013656684105020956,0.9998634331589498,0.0,1.0,0.00013656684105020956,-0.00013656684105020956,,,2010
2010-12-12,2010121204.0,6.0,2,1.0,12:31,13,2551.0,41.0,TB,8.0,8.0,8.0,47.0,1.0,0.0,WAS,TB,(12:31) R.Torain up the middle to TB 12 for -4 yards (B.Ruud).,1,-4.0,0,0,0,0,Run,,,0,,,0.0,0.0,0,,0,R.Torain,00-0026279,1,middle,,,,0,B.Ruud,0,0,0,0,0.0,0.0,0.0,0.0,0.0,WAS,TB,0,3,3,3,3,3,0.0093584870648496,0.0120383457908076,6.650524658950022e-06,0.013741020836337,0.327532839021363,0.0015043920687452,0.6358182646932385,0.0,0.0,5.30401966977815,-0.7263469968480987,,,0.6459088599681672,0.3540911400318328,0.6062669736580972,0.3937330263419027,0.6459088599681672,-0.0396418863100699,,,2010
2015-11-01,2015110107.0,28.0,4,4.0,04:13,5,253.0,44.0,STL,20.0,80.0,5.0,5.0,0.0,1.0,STL,SF,"(4:13) J.Hekker punts 56 yards to SF 24, Center-J.McQuaide. B.Ellington to STL 49 for 27 yards (C.Lynch).",1,17.5,0,0,0,0,Punt,,,0,,,0.0,0.0,0,,0,,,0,,,,,0,C.Lynch,0,0,0,0,0.0,27.0,6.0,20.5,21.0,STL,SF,0,3,3,3,3,3,0.4254958888156084,0.1691546091325244,0.0043106345622443,0.2375364942819377,0.0376006828685186,0.0025263729780904,0.1233753173610757,0.0,0.0,-1.1973585404063587,-1.2045005355526317,,,0.9911538399646278,0.0088461600353721,0.9899624017453278,0.0100375982546722,0.9911538399646278,-0.0011914382193,,,2015
2010-12-26,2010122610.0,19.0,3,4.0,04:55,5,1195.0,5.0,OAK,17.0,83.0,19.0,-9.0,0.0,1.0,OAK,IND,"(4:55) S.Lechler punts 39 yards to IND 44, Center-J.Condo, out of bounds.",1,0.0,0,0,0,0,Punt,,,0,,,0.0,0.0,0,,0,,,0,,,,,0,,0,0,0,0,0.0,16.0,17.0,-1.0,1.0,OAK,IND,0,3,3,3,3,3,0.0159936024311674,0.3173569848108516,0.009553273933919493,0.4455959351159907,0.0623649499708078,0.0043960374958719,0.144285402322653,0.0,0.0,-2.885371934787065,0.2686945736392436,,,0.3448670619186474,0.6551329380813525,0.3964667616702609,0.603533238329739,0.3448670619186474,0.0515996997516134,,,2010
2013-12-08,2013120808.0,14.0,3,4.0,13:57,14,1737.0,6.0,WAS,30.0,70.0,7.0,3.0,0.0,1.0,WAS,KC,"(13:57) S.Rocca punts 39 yards to KC 31, Center-K.Nelson. D.McCluster to KC 48 for 17 yards (J.Hull).",1,17.0,0,0,0,0,Punt,,,0,,,0.0,0.0,0,,0,,,0,,,,,0,J.Hull,0,0,0,0,0.0,10.0,37.0,-23.5,23.0,WAS,KC,0,3,3,3,3,3,0.0018050705028709,0.2705638009391539,0.0057320232464123,0.4034315752193146,0.1143835223494057,0.0054314624421553,0.1986525453006871,0.0,0.0,-1.9025951668081504,-0.9039072263041572,,,0.0014588429294715,0.9985411570705284,0.0004825075608148044,0.9995174924391852,0.0014588429294715,-0.0009763353686567392,,,2013
2011-11-20,2011112007.0,1.0,1,3.0,11:30,12,3390.0,42.0,GB,48.0,48.0,4.0,29.0,0.0,0.0,TB,GB,"(11:30) (Shotgun) J.Freeman pass incomplete short right to P.Parker (C.Woodson, A.Hawk).",1,0.0,0,0,0,0,Pass,J.Freeman,00-0026993,1,Incomplete Pass,Short,4.0,0.0,0,right,0,,,0,,,P.Parker,00-0027450,0,,0,0,0,0,0.0,0.0,0.0,0.0,0.0,GB,TB,0,3,3,3,3,3,0.0019537333257502,0.110548271642213,0.0010157182354696,0.1727251923467845,0.3301205151799012,0.0040777992101981,0.3795587700596831,0.0,0.0,2.112675936552811,-1.838190234552342,1.2433177192272042,-3.0815079537795462,0.4505462152927898,0.5494537847072102,0.5052787951800649,0.4947212048199351,0.5494537847072102,-0.054732579887275,0.0400767502582675,-0.06361267904339468,2011
2010-09-26,2010092613.0,4.0,1,3.0,07:46,8,3166.0,37.0,SEA,17.0,83.0,7.0,-2.0,0.0,0.0,SEA,SD,"(7:46) (Shotgun) PENALTY on SEA-C.Spencer, False Start, 5 yards, enforced at SEA 17 - No Play.",1,0.0,0,0,0,0,No Play,,,0,,,0.0,0.0,0,,0,,,0,,,,,0,,0,0,0,1,0.0,0.0,0.0,0.0,0.0,SEA,SD,0,3,3,3,3,3,0.0086677424599959,0.2470672602667126,0.009553273933919493,0.3702431586143145,0.1312984724492223,0.0038815240738722,0.228740594556453,0.0,0.0,-1.350263758868616,-0.727471151449107,,,0.4530228841014005,0.5469771158985994,0.4312066117154352,0.5687933882845648,0.4530228841014005,-0.0218162723859653,,,2010
2012-12-30,2012123001.0,7.0,2,3.0,13:08,14,2588.0,20.0,MIA,26.0,26.0,13.0,82.0,0.0,1.0,NE,MIA,(13:08) (Shotgun) T.Brady pass deep middle to D.Branch to MIA 10 for 16 yards (S.Smith).,1,16.0,0,0,0,0,Pass,T.Brady,00-0019596,1,Complete,Deep,10.0,0.0,0,middle,0,,,0,,,D.Branch,00-0021192,1,S.Smith,0,0,0,0,0.0,7.0,0.0,7.0,7.0,NE,MIA,0,3,3,3,3,3,0.0264762468720385,0.0572867080679142,0.0002065925629813533,0.0913005945625098,0.5021855651123378,0.0041534896969855,0.3183908031252326,0.0,0.0,2.9322218253403385,2.1661804596675163,2.1661804596675163,0.0,0.793907336468905,0.206092663531095,0.8419442594510747,0.1580557405489253,0.793907336468905,0.0480369229821696,0.0480369229821696,0.0,2012
2015-09-20,2015092012.0,7.0,2,1.0,12:49,13,2569.0,44.0,DAL,45.0,55.0,10.0,31.0,0.0,0.0,DAL,PHI,(12:49) T.Romo pass short right to G.Swaim to DAL 45 for no gain (M.Jenkins).,1,0.0,0,0,0,0,Pass,T.Romo,00-0021678,1,Complete,Short,0.0,0.0,0,right,0,,,0,,,G.Swaim,00-0032141,1,M.Jenkins,0,0,0,0,0.0,3.0,0.0,3.0,3.0,PHI,DAL,0,2,2,2,2,2,0.0515853747629064,0.089871595873688,0.0007220271450118233,0.1346872890841376,0.2904624600137511,0.0032160192402228,0.429455233880282,0.0,0.0,2.6701361901836216,-0.6147127098211138,-0.6147127098211138,0.0,0.3425214313287179,0.6574785686712821,0.3632575957868672,0.6367424042131328,0.6574785686712821,-0.0207361644581492,-0.0207361644581492,0.0,2015
2011-09-25,2011092501.0,16.0,4,4.0,12:32,13,752.0,32.0,NO,27.0,73.0,14.0,7.0,0.0,1.0,NO,HOU,"(12:32) T.Morstead punts 54 yards to HOU 19, Center-J.Drescher. J.Jones ran ob at HOU 27 for 8 yards (J.Amaya). PENALTY on HOU-B.Reed, Illegal Block Above the Waist, 10 yards, enforced at HOU 24.",1,8.0,0,0,0,0,Punt,,,0,,,0.0,0.0,0,,0,,,0,,,,,0,J.Amaya,0,0,0,1,0.0,17.0,26.0,-9.0,9.0,NO,HOU,0,3,3,3,3,3,0.0898022667151919,0.2615101658711957,0.0062682710831782,0.3681058140306547,0.1029648466788195,0.0048073269178982,0.1665413087030615,0.0,0.0,-1.889509383200841,1.8431938763143167,,,0.1211087946579956,0.8788912053420044,0.1871255554078168,0.8128744445921832,0.1211087946579956,0.05888471184731932,,,2011
2013-11-03,2013110308.0,3.0,1,2.0,08:52,9,3232.0,36.0,BAL,5.0,5.0,5.0,75.0,1.0,0.0,CLE,BAL,(8:52) J.Campbell pass incomplete short right to J.Gordon.,1,0.0,0,0,0,0,Pass,J.Campbell,00-0023460,1,Incomplete Pass,Short,5.0,0.0,0,right,0,,,0,,,J.Gordon,00-0029664,0,,0,0,0,0,0.0,0.0,0.0,0.0,0.0,CLE,BAL,0,2,2,2,2,2,0.0006165343646015108,0.0142430415820997,3.295079716112839e-05,0.0175845067238695,0.3333597864666329,0.0023010174449654,0.6318621626206696,0.0,0.0,5.261829959226809,-0.7363470826461942,1.7381700407731913,-2.474517123419385,0.6583460027797826,0.3416539972202174,0.6327671626085407,0.3672328373914593,0.6583460027797826,-0.0255788401712419,0.0599790522890271,-0.06361267904339468,2013
2010-09-12,2010091207.0,27.0,4,,02:00,2,120.0,27.0,DET,48.0,48.0,0.0,21.0,0.0,,,,Two-Minute Warning,1,0.0,0,0,0,0,Two Minute Warning,,,0,,,0.0,0.0,0,,0,,,0,,,,,0,,0,0,0,0,0.0,,,,,CHI,DET,0,3,3,3,3,3,0.0,0.0,0.0,0.0,0.0,0.0,0.0,0.0,0.0,0.0,2.311291607352805,,,,,,,,,,,2010
2011-01-02,2011010206.0,12.0,2,1.0,03:13,4,1993.0,13.0,OAK,25.0,75.0,10.0,9.0,0.0,0.0,OAK,KC,(3:13) J.Campbell pass short right to Z.Miller to OAK 34 for 9 yards (M.Vrabel).,1,9.0,0,0,0,0,Pass,J.Campbell,00-0023460,1,Complete,Short,9.0,0.0,0,right,0,,,0,,,Z.Miller,00-0025425,1,M.Vrabel,0,0,0,0,0.0,7.0,3.0,4.0,4.0,KC,OAK,0,1,2,1,2,1,0.4257920474265128,0.081270698721148,0.0021676491113009,0.1195200629412418,0.1290253820710866,0.001811772931301,0.1972872239112874,0.0,0.0,0.6869224244801346,0.68654629916054,0.68654629916054,0.0,0.3698136859939718,0.6301863140060282,0.3451756072774493,0.6548243927225507,0.6301863140060282,0.0246380787165224,0.0246380787165224,0.0,2010
2014-10-13,2014101300.0,20.0,4,,07:21,8,441.0,30.0,STL,15.0,15.0,0.0,52.0,0.0,,,,Timeout #1 by SF at 07:21.,1,0.0,0,0,0,0,Timeout,,,0,,,0.0,0.0,0,,0,,,0,,,,,0,,0,0,0,0,0.0,,,,,STL,SF,1,3,3,3,3,2,0.0,0.0,0.0,0.0,0.0,0.0,0.0,0.0,0.0,0.0,0.0,,,,,,,,0.0,,,2014
2011-11-27,2011112708.0,11.0,2,2.0,05:28,6,2128.0,33.0,OAK,30.0,30.0,9.0,45.0,0.0,0.0,CHI,OAK,(5:28) M.Barber right tackle to OAK 29 for 1 yard (L.Houston).,1,1.0,0,0,0,0,Run,,,0,,,0.0,0.0,0,,0,M.Barber,00-0023544,1,right,tackle,,,0,L.Houston,0,0,0,0,0.0,0.0,6.0,-6.0,6.0,OAK,CHI,0,2,2,2,2,2,0.1439248465724381,0.0432405181292435,0.00014377738165876876,0.0645665215062145,0.3438928274949662,0.0025382706725029,0.4016932382429758,0.0,0.0,3.266632931836185,-0.6767158650272584,,,0.5915102282194458,0.4084897717805542,0.6154112739314785,0.3845887260685215,0.4084897717805542,-0.0239010457120327,,,2011
2012-10-07,2012100703.0,9.0,2,1.0,02:59,3,1979.0,47.0,CLE,4.0,4.0,4.0,40.0,1.0,0.0,NYG,CLE,"(2:59) A.Bradshaw left guard for 4 yards, TOUCHDOWN.",1,4.0,1,1,0,0,Run,,,0,,,0.0,0.0,0,,0,A.Bradshaw,00-0025637,1,left,guard,,,0,,0,0,0,0,0.0,10.0,17.0,-7.0,7.0,NYG,CLE,0,3,3,1,3,1,0.0679190064916141,0.0090497265360881,1.1609536875055031e-05,0.0107237685100834,0.1896776260783614,0.0015996914518473,0.7210185713951304,0.0,0.0,5.517123482652093,1.4828765173479068,,,0.474510953492069,0.5254890465079309,0.5203190011206258,0.4796809988793741,0.474510953492069,0.0458080476285567,,,2012
2014-12-07,2014120703.0,14.0,3,1.0,06:50,7,1310.0,19.0,JAC,42.0,42.0,10.0,53.0,0.0,1.0,HOU,JAC,"(6:50) (Shotgun) R.Fitzpatrick pass short left to D.Hopkins to JAC 31 for 11 yards (D.McCray). Penalty on JAC-D.McCray, Illegal Contact, declined.",1,11.0,0,0,0,0,Pass,R.Fitzpatrick,00-0023682,1,Complete,Short,10.0,0.0,0,left,0,,,0,,,D.Hopkins,00-0030564,1,D.McCray,0,0,0,0,0.0,10.0,13.0,-3.0,3.0,JAC,HOU,0,3,3,3,3,3,0.0043316159808571,0.0665377793613605,0.0002456550460350532,0.1015875556325319,0.3377543873412181,0.0032413775971514,0.4863016290408459,0.0,0.0,3.512639782900003,0.5336351148746785,0.5336351148746785,0.0,0.50220510228222,0.49779489771778,0.4851896754858455,0.5148103245141545,0.49779489771778,0.0170154267963745,0.0170154267963745,0.0,2014
2009-11-29,2009112904.0,6.0,2,1.0,12:21,13,2541.0,39.0,MIN,24.0,24.0,10.0,30.0,0.0,0.0,CHI,MIN,(12:21) J.Cutler pass incomplete short middle to E.Bennett.,1,0.0,0,0,0,0,Pass,J.Cutler,00-0024226,1,Incomplete Pass,Short,4.0,0.0,0,middle,0,,,0,,,E.Bennett,00-0026210,0,,0,0,0,0,0.0,0.0,7.0,-7.0,7.0,MIN,CHI,0,3,3,3,3,3,0.0237705393169717,0.0351962513154665,4.34354303954102e-05,0.0524521929391295,0.363038704973835,0.0026103402205669,0.5228885358036347,0.0,0.0,4.281715570606985,-0.4348036859250133,-0.1535617825296755,-0.2812419033953377,0.611841503566654,0.388158496433346,0.6257990987917152,0.3742009012082847,0.388158496433346,-0.0139575952250612,-0.0047684268917586,-0.0091891683333026,2009
2013-12-08,2013120807.0,4.0,1,1.0,09:24,10,3264.0,21.0,TB,16.0,16.0,10.0,46.0,0.0,0.0,BUF,TB,(9:24) (Shotgun) F.Jackson right guard to TB 12 for 4 yards (M.Foster).,1,4.0,0,0,0,0,Run,,,0,,,0.0,0.0,0,,0,F.Jackson,00-0024204,1,right,guard,,,0,M.Foster,0,0,0,0,0.0,0.0,7.0,-7.0,7.0,TB,BUF,0,3,3,3,3,3,0.0010500821187641,0.028936669304653,2.225725501055733e-05,0.0442685859948908,0.3843914013276892,0.0025999356934594,0.5387310683055326,0.0,0.0,4.532756929120499,-0.1854995771440188,,,0.5845000236625355,0.4154999763374645,0.5896597255765802,0.4103402744234198,0.4154999763374645,-0.0051597019140446,,,2013
2011-10-16,2011101609.0,10.0,2,1.0,05:26,6,2126.0,0.0,NO,20.0,80.0,10.0,0.0,0.0,0.0,NO,TB,(5:26) D.Brees pass incomplete short middle to J.Collins.,1,0.0,0,0,0,0,Pass,D.Brees,00-0020531,1,Incomplete Pass,Short,5.0,0.0,0,middle,0,,,0,,,J.Collins,00-0026072,0,,0,0,0,0,0.0,7.0,13.0,-6.0,6.0,TB,NO,0,3,2,3,2,3,0.3635546591478411,0.108999642989014,0.0039401998382235,0.1612270459132927,0.1423392608243427,0.002161888903928,0.2177773023833578,0.0,0.0,0.4923140269278507,-0.4956341165498192,0.060467985753124,-0.5561021023029433,0.6729380555843931,0.3270619444156069,0.6903368919538508,0.3096631080461492,0.3270619444156069,-0.0173988363694576,0.0019955532489523,-0.01939438961841,2011
2013-12-01,2013120111.0,3.0,1,1.0,04:32,5,2972.0,41.0,NYG,47.0,47.0,15.0,12.0,0.0,0.0,WAS,NYG,"(4:32) (Shotgun) R.Griffin pass short right to P.Garcon to NYG 41 for 6 yards (J.Hosley, K.Rivers).",1,6.0,0,0,0,0,Pass,R.Griffin,00-0029665,1,Complete,Short,3.0,0.0,0,right,0,,,0,,,P.Garcon,00-0026345,1,J.Hosley,0,0,0,0,0.0,7.0,0.0,7.0,7.0,WAS,NYG,0,3,3,3,3,3,0.0086073792999784,0.0802273865468213,0.0004044534817110442,0.1219003905622613,0.3449791973786474,0.003643143566444,0.4402380491641364,0.0,0.0,3.029096422878069,0.0721642770450112,-0.2341786775892638,0.3063429546342751,0.8077873241211591,0.1922126758788409,0.8077654333496093,0.1922345666503907,0.8077873241211591,-2.189077154979291e-05,-0.0058268338353981,0.0058049430638483,2013
2010-11-07,2010110709.0,8.0,2,1.0,06:25,7,2185.0,0.0,IND,20.0,80.0,10.0,4.0,0.0,0.0,IND,PHI,(6:25) (Shotgun) P.Manning pass short left to R.Wayne to IND 24 for 4 yards (D.Patterson).,1,4.0,0,0,0,0,Pass,P.Manning,00-0010346,1,Complete,Short,4.0,0.0,0,left,0,,,0,,,R.Wayne,00-0020498,1,D.Patterson,0,0,0,0,0.0,7.0,16.0,-9.0,9.0,PHI,IND,0,3,0,3,0,3,0.3105661570938212,0.1183247789590201,0.0042809795543708,0.1754117951939176,0.1539372752381662,0.0023475566626803,0.2351314572980236,0.0,0.0,0.5210082777827993,-0.0850957954750035,-0.0850957954750035,0.0,0.746558706985355,0.2534412930146449,0.749216183081636,0.2507838169183639,0.2534412930146449,-0.002657476096281,-0.002657476096281,0.0,2010
2010-09-26,2010092614.0,8.0,2,3.0,06:21,7,2181.0,37.0,MIA,23.0,77.0,1.0,13.0,0.0,1.0,MIA,NYJ,(6:21) L.Polite up the middle to MIA 27 for 4 yards (B.Scott).,1,4.0,0,0,0,0,Run,,,0,,,0.0,0.0,0,,0,L.Polite,00-0022405,1,middle,,,,0,B.Scott,0,0,0,0,0.0,7.0,14.0,-7.0,7.0,MIA,NYJ,0,3,3,0,3,0,0.3020009212922711,0.1289462981404468,0.0039395911994469,0.1807085925394753,0.106772198467298,0.0019596942902721,0.2756727040707897,0.0,0.0,0.5942666878814045,0.385469472557855,,,0.3215734777868248,0.6784265222131751,0.3351307407782205,0.6648692592217794,0.3215734777868248,0.0135572629913957,,,2010
2010-09-12,2010091207.0,15.0,3,1.0,13:57,14,1737.0,13.0,CHI,36.0,64.0,10.0,5.0,0.0,0.0,CHI,DET,(13:57) M.Forte left guard to CHI 41 for 5 yards (L.Johnson).,1,5.0,0,0,0,0,Run,,,0,,,0.0,0.0,0,,0,M.Forte,00-0026184,1,left,guard,,,0,L.Johnson,0,0,0,0,0.0,13.0,14.0,-1.0,1.0,CHI,DET,0,3,3,3,3,3,0.001399915164355,0.1261126614143893,0.0017700295532272,0.1963159863359826,0.2737558385247529,0.0036704165368852,0.3969751524704077,0.0,0.0,1.8513444682393825,0.0885279457990759,,,0.5168190624641421,0.4831809375358579,0.5187166298899837,0.4812833701100163,0.5168190624641421,0.0018975674258415,,,2010
2009-11-08,2009110802.0,5.0,2,1.0,14:15,15,2655.0,28.0,CIN,40.0,60.0,10.0,19.0,0.0,0.0,CIN,BAL,(14:15) C.Benson right end to CIN 39 for -1 yards (L.Webb).,1,-1.0,0,0,0,0,Run,,,0,,,0.0,0.0,0,,0,C.Benson,00-0023439,1,right,end,,,0,L.Webb,0,0,0,0,0.0,14.0,0.0,14.0,14.0,CIN,BAL,0,1,1,1,1,1,0.041984350422607,0.104544367179325,0.0011375532636504,0.1573033134604535,0.278757374575009,0.0033275924213951,0.4129454486775598,0.0,0.0,2.3165140470222854,-0.7786654368614159,,,0.9052771883977728,0.094722811602227,0.8945686082192349,0.1054313917807651,0.9052771883977728,-0.010708580178538,,,2009
2012-10-21,2012102110.0,2.0,1,3.0,05:14,6,3014.0,40.0,PIT,26.0,26.0,6.0,59.0,0.0,0.0,CIN,PIT,(5:14) (Shotgun) A.Dalton pass short left to M.Sanu to PIT 21 for 5 yards (C.Allen; W.Allen).,1,5.0,0,0,0,0,Pass,A.Dalton,00-0027973,1,Complete,Short,-5.0,0.0,0,left,0,,,0,,,M.Sanu,00-0029632,1,C.Allen,0,0,0,0,0.0,0.0,3.0,-3.0,3.0,CIN,PIT,0,3,3,3,3,3,0.0048111001127552,0.0548771547159561,0.0001974434694256184,0.0875767708258074,0.4845955468820928,0.0037075036083818,0.3642344803855808,0.0,0.0,3.232779263694736,-0.6881100595930625,-1.5418836395911286,0.8537735799980661,0.500748981491013,0.499251018508987,0.4766131764874883,0.5233868235125116,0.500748981491013,-0.0241358050035246,-0.0460624388985902,0.0219266338950656,2012
2010-09-09,2010090900.0,10.0,2,,00:40,1,1840.0,6.0,MIN,47.0,47.0,0.0,44.0,0.0,,,,Timeout #2 by MIN at 00:40.,1,0.0,0,0,0,0,Timeout,,,0,,,0.0,0.0,0,,0,,,0,,,,,0,,0,0,0,0,0.0,,,,,NO,MIN,1,2,1,2,1,1,0.0,0.0,0.0,0.0,0.0,0.0,0.0,0.0,0.0,0.0,0.0,,,,,,,,0.0,,,2010
2014-11-23,2014112310.0,12.0,3,,02:11,3,1031.0,4.0,DEN,2.0,2.0,0.0,12.0,0.0,0.0,MIA,DEN,"C.Sturgis extra point is GOOD, Center-J.Denney, Holder-B.Fields.",1,0.0,1,0,0,0,Extra Point,,,0,,,0.0,0.0,0,,0,,,0,,,,,0,,0,0,0,0,0.0,27.0,17.0,10.0,10.0,DEN,MIA,0,3,2,3,2,3,0.0,0.0,0.0,0.0,0.0,0.0,0.0,0.9907954004544308,0.0,0.9907954004544308,0.009204599545569,,,0.1551158623014752,0.8448841376985248,0.1480279202769,0.8519720797231,0.8448841376985248,0.0070879420245751,,,2014
2013-10-20,2013102002.0,14.0,4,4.0,15:00,15,900.0,43.0,CIN,28.0,72.0,1.0,9.0,0.0,1.0,CIN,DET,"(15:00) K.Huber punts 50 yards to DET 22, Center-C.Harris, fair catch by M.Spurlock.",1,0.0,0,0,0,0,Punt,,,0,,,0.0,0.0,0,,0,,,0,,,,,0,,0,0,0,0,0.0,24.0,17.0,7.0,7.0,DET,CIN,0,3,3,3,3,3,0.0493019469442575,0.2337206647564166,0.0042592288862129,0.3530145411431432,0.0731392305439696,0.0043740542805313,0.2821903334454687,0.0,0.0,-0.9772841057324256,0.2218710552439777,,,0.299373672524825,0.700626327475175,0.2488197341531293,0.7511802658468707,0.700626327475175,0.0505539383716957,,,2013
2015-11-12,2015111200.0,9.0,2,2.0,09:46,10,2386.0,38.0,NYJ,15.0,85.0,7.0,3.0,0.0,0.0,NYJ,BUF,(9:46) R.Fitzpatrick pass incomplete deep middle to B.Marshall.,1,0.0,0,0,0,0,Pass,R.Fitzpatrick,00-0023682,1,Incomplete Pass,Deep,10.0,0.0,0,middle,0,,,0,,,B.Marshall,00-0024334,0,,0,0,0,0,0.0,3.0,0.0,3.0,3.0,NYJ,BUF,0,3,3,2,3,2,0.1825350478938198,0.1752585909205452,0.007945166799649,0.2596678952180789,0.1440806878184366,0.0029991061254598,0.2275135052240104,0.0,0.0,-0.3285065606131834,-0.7507214510685154,3.9814397763688407,-3.1387746044711373,0.5790471277518533,0.4209528722481467,0.5557642242797256,0.4442357757202744,0.5790471277518533,-0.0232829034721276,0.10628588579079232,-0.06361267904339468,2015
2010-01-03,2010010302.0,13.0,3,3.0,13:55,14,1735.0,25.0,JAC,40.0,60.0,10.0,20.0,0.0,1.0,JAC,CLE,(13:55) (Shotgun) D.Garrard pass short right to M.Sims-Walker pushed ob at CLE 40 for 20 yards (A.Elam).,1,17.5,0,0,0,0,Pass,D.Garrard,00-0021231,1,Complete,Short,0.0,0.0,0,right,0,,,0,,,M.Sims-Walker,00-0025466,1,A.Elam,0,0,0,0,0.0,3.0,13.0,-10.0,10.0,CLE,JAC,0,3,3,3,3,3,0.0014305297974111,0.1678391786167812,0.002601878915412,0.2643325367942255,0.264749000423236,0.004952215940163,0.294094659512771,0.0,0.0,0.5037649984986852,2.311291607352805,-1.6464876069972278,2.659125528472397,0.8130376446840183,0.1869623553159816,0.7268889224265795,0.2731110775734204,0.1869623553159816,0.05888471184731932,-0.0347780200604548,0.05636049994176793,2009
2015-10-18,2015101806.0,1.0,1,3.0,12:35,13,3455.0,22.0,MIA,45.0,55.0,3.0,80.0,0.0,1.0,MIA,TEN,"(12:35) (No Huddle, Shotgun) R.Tannehill pass short right to R.Matthews to TEN 49 for 6 yards (J.McCourty; M.Griffin).",1,6.0,0,0,0,0,Pass,R.Tannehill,00-0029701,1,Complete,Short,6.0,0.0,0,right,0,,,0,,,R.Matthews,00-0029580,1,J.McCourty,0,0,0,0,0.0,0.0,0.0,0.0,0.0,TEN,MIA,0,3,3,3,3,3,0.0017541422147858,0.1305111843265884,0.001611813472491,0.2015155520705247,0.2789506043314592,0.0039109878436278,0.3817457157405228,0.0,0.0,1.711527754446872,1.3244732907078045,1.3244732907078045,0.0,0.4653088502444792,0.5346911497555208,0.4220369820879749,0.5779630179120251,0.5346911497555208,0.0432718681565043,0.0432718681565043,0.0,2015
2012-01-01,2012010108.0,10.0,2,1.0,09:46,10,2386.0,31.0,GB,29.0,29.0,10.0,41.0,0.0,1.0,DET,GB,"(9:46) (No Huddle, Shotgun) M.Stafford pass short right to B.Pettigrew to GB 19 for 10 yards (T.Williams).",1,10.0,0,0,0,0,Pass,M.Stafford,00-0026498,1,Complete,Short,4.0,0.0,0,right,0,,,0,,,B.Pettigrew,00-0026996,1,T.Williams,0,0,0,0,0.0,9.0,10.0,-1.0,1.0,GB,DET,0,3,3,3,3,3,0.0502919900845542,0.0399935089627963,6.661137947034133e-05,0.0592961529089536,0.3455959265584548,0.0026350204270459,0.5021207896787248,0.0,0.0,4.021716528270525,0.3391478217897825,-0.1317747028000218,0.4709225245898043,0.4236939945836663,0.5763060054163337,0.4090563085785571,0.5909436914214429,0.5763060054163337,0.0146376860051091,-0.0038742322831485,0.0185119182882577,2011
2010-12-05,2010120511.0,7.0,2,1.0,10:16,11,2416.0,0.0,ARI,29.0,71.0,10.0,26.0,0.0,1.0,ARI,STL,"(10:16) D.Anderson pass deep right to S.Breaston to STL 45 for 26 yards (N.Diggs) [J.Hall]. Penalty on STL, Defensive Offside, declined.",1,17.5,0,0,0,0,Pass,D.Anderson,00-0023645,1,Complete,Deep,10.0,0.0,1,right,0,,,0,,,S.Breaston,00-0025529,1,,0,0,0,0,0.0,6.0,6.0,0.0,0.0,ARI,STL,0,1,1,2,1,2,0.1289760023297798,0.1237959629659717,0.0026090913160806,0.1848905097720346,0.2221678816373494,0.003038579596196,0.3345219723825878,0.0,0.0,1.343394970848236,1.872945593913512,1.872945593913512,0.0,0.5025483462532361,0.4974516537467639,0.5662491514718762,0.4337508485281238,0.5025483462532361,0.05888471184731932,0.06370080521864,0.0,2010
2011-11-13,2011111309.0,15.0,3,3.0,01:58,2,1018.0,42.0,MIA,35.0,65.0,2.0,5.0,0.0,0.0,MIA,WAS,(1:58) (Shotgun) M.Moore pass short right to D.Bess to MIA 32 for -3 yards (K.Barnes).,1,-3.0,0,0,0,0,Pass,M.Moore,00-0025708,1,Complete,Short,0.0,0.0,0,right,0,,,0,,,D.Bess,00-0026000,1,K.Barnes,0,0,0,0,0.0,13.0,9.0,4.0,4.0,MIA,WAS,0,2,2,3,2,3,0.0268166279801584,0.1523006519819281,0.0028396133325457,0.2249358762213447,0.2114318996100614,0.0033808392750951,0.3782944915988663,0.0,0.0,1.25198650241215,-2.3435852439389357,-2.0644278550489785,-0.5538958059486054,0.6773669240989953,0.3226330759010046,0.5786199954537629,0.4213800045462371,0.6773669240989953,-0.05867359827459407,-0.0786140925140547,-0.0201328361311777,2011
2010-11-07,2010110709.0,16.0,3,,07:28,8,1348.0,5.0,PHI,30.0,30.0,0.0,0.0,0.0,,IND,PHI,D.Akers kicks 73 yards from PHI 30 to IND -3. C.Brown to IND 18 for 21 yards (M.Fokou).,1,17.5,0,0,0,0,Kickoff,,,0,,,0.0,0.0,0,,0,,,0,,,,,0,M.Fokou,0,0,0,0,0.0,17.0,19.0,-2.0,2.0,PHI,IND,0,3,3,3,3,3,0.0092352129512179,0.1757683769743808,0.0064493683267432,0.2702468351314294,0.2150695002378232,0.0035045883729721,0.3197261180054332,0.0,0.0,0.458368790000812,-0.1950802151423238,,,0.5684537035735311,0.4315462964264689,0.575131953107465,0.424868046892535,0.4315462964264689,-0.0066782495339338,,,2010
2014-10-12,2014101207.0,7.0,1,1.0,00:52,1,2752.0,29.0,TB,20.0,20.0,10.0,38.0,0.0,0.0,BAL,TB,(:52) J.Forsett left tackle to TB 19 for 1 yard (C.McDonald).,1,1.0,0,0,0,0,Run,,,0,,,0.0,0.0,0,,0,J.Forsett,00-0026373,1,left,tackle,,,0,C.McDonald,0,0,0,0,0.0,21.0,0.0,20.5,21.0,TB,BAL,0,2,3,2,3,2,0.0091427151012029,0.0316927174297794,3.0809889526440925e-05,0.0475818848695762,0.3745519848497998,0.0025851154046573,0.5344147724554577,0.0,0.0,4.4415166263914925,-0.3677309024708055,,,0.007082903403619,0.9929170965963808,0.0084291689521078,0.991570831047892,0.9929170965963808,-0.0013462655484888,,,2014
2012-12-16,2012121612.0,6.0,1,2.0,01:00,1,2760.0,38.0,KC,10.0,90.0,20.0,-5.0,0.0,0.0,KC,OAK,(1:00) B.Quinn pass short left to D.McCluster to KC 15 for 5 yards (P.Wheeler).,1,5.0,0,0,0,0,Pass,B.Quinn,00-0025409,1,Complete,Short,5.0,0.0,0,left,0,,,0,,,D.McCluster,00-0027651,1,P.Wheeler,0,0,0,0,0.0,0.0,3.0,-3.0,3.0,OAK,KC,0,3,3,3,3,3,0.0476969645120758,0.2338222141598228,0.009553273933919493,0.3590447831426582,0.1449176255304166,0.0033463559381561,0.1950360338041641,0.0,0.0,-1.4403543452067775,-0.3178503395793703,-0.3178503395793703,0.0,0.6648060798227393,0.3351939201772606,0.6775440363985323,0.3224559636014676,0.3351939201772606,-0.0127379565757929,-0.0127379565757929,0.0,2012
2011-10-02,2011100209.0,11.0,2,1.0,00:13,1,1813.0,7.0,ARI,12.0,12.0,10.0,61.0,0.0,0.0,NYG,ARI,(:13) (Shotgun) E.Manning pass incomplete short left to H.Nicks (P.Peterson).,1,0.0,0,0,0,0,Pass,E.Manning,00-0022803,1,Incomplete Pass,Short,10.0,0.0,0,left,0,,,0,,,H.Nicks,00-0027005,0,,0,0,0,0,0.0,7.0,6.0,1.0,1.0,ARI,NYG,0,1,3,1,3,1,0.2669155806846877,0.0130578441612045,1.495580085392975e-05,0.0093652958573646,0.3847066660423235,0.0006173090840782466,0.3253223483694873,0.0,0.0,3.327850539794664,-0.3124412626955868,3.672149460205336,-3.1387746044711373,0.3497027127113362,0.6502972872886638,0.3606106558751611,0.6393893441248388,0.6502972872886638,-0.0109079431638249,0.10628588579079232,-0.06361267904339468,2011
2012-12-23,2012122308.0,4.0,2,3.0,12:01,13,2521.0,5.0,TB,25.0,75.0,15.0,5.0,0.0,0.0,TB,STL,"(12:01) (Shotgun) J.Freeman pass deep left intended for M.Williams INTERCEPTED by J.Jenkins at TB 41. J.Jenkins for 41 yards, TOUCHDOWN.",1,0.0,1,1,0,0,Pass,J.Freeman,00-0026993,1,Incomplete Pass,Deep,10.0,0.0,0,left,1,,,0,,,,00-0027702,0,,0,0,0,0,0.0,3.0,0.0,3.0,3.0,TB,STL,0,3,3,3,3,3,0.0967373108739192,0.2062904407471118,0.0059938223713301,0.3092045145042651,0.1634224688643852,0.0042681391018915,0.2140833035370967,0.0,0.0,-0.797903758957236,-2.3435852439389357,3.152435583396945,-3.1387746044711373,0.539686247013943,0.460313752986057,0.3992229854018542,0.6007770145981458,0.539686247013943,-0.05867359827459407,0.10628588579079232,-0.06361267904339468,2012
2010-09-26,2010092612.0,12.0,2,1.0,05:52,6,2152.0,14.0,ARI,5.0,95.0,10.0,0.0,0.0,0.0,ARI,OAK,(5:52) D.Anderson pass incomplete short right to S.Breaston.,1,0.0,0,0,0,0,Pass,D.Anderson,00-0023645,1,Incomplete Pass,Short,10.0,0.0,0,right,0,,,0,,,S.Breaston,00-0025529,0,,0,0,0,0,0.0,17.0,13.0,4.0,4.0,ARI,OAK,0,3,3,0,3,0,0.3952590704440921,0.1348589268193247,0.009553273933919493,0.2001135260677326,0.1003620160500679,0.0018800462077841,0.1554560265341581,0.0,0.0,-0.4364739123809042,-0.4577259274643432,0.6743024840049539,-1.1320284114692971,0.6506752674357061,0.3493247325642938,0.635786373797185,0.364213626202815,0.6506752674357061,-0.0148888936385211,0.0223267642257363,-0.0372156578642575,2010
2010-09-19,2010091903.0,2.0,1,1.0,12:37,13,3457.0,41.0,KC,18.0,82.0,10.0,19.0,0.0,0.0,KC,CLE,(12:37) M.Cassel pass short middle to T.Moeaki to KC 26 for 8 yards (M.Roth).,1,8.0,0,0,0,0,Pass,M.Cassel,00-0023662,1,Complete,Short,0.0,0.0,0,middle,0,,,0,,,T.Moeaki,00-0027695,1,M.Roth,0,0,0,0,0.0,0.0,0.0,0.0,0.0,CLE,KC,0,3,3,3,3,3,0.0027709726468405,0.1855760173965228,0.0077185599437656,0.288769168112498,0.2066091918798701,0.0035357878462359,0.3050203021742668,0.0,0.0,0.1684919176873645,0.8830612926911412,-0.7786157574297943,1.6616770501209357,0.5110212605954416,0.4889787394045584,0.4839498692739905,0.5160501307260096,0.4889787394045584,0.0270713913214511,-0.0224782574247442,0.0495496487461953,2010
2012-12-30,2012123006.0,1.0,1,2.0,13:37,14,3517.0,32.0,NYG,39.0,39.0,9.0,10.0,0.0,0.0,PHI,NYG,"(13:37) (No Huddle, Shotgun) M.Vick FUMBLES (Aborted) at NYG 43, and recovers at NYG 43. M.Vick to NYG 43 for no gain (S.Paysinger).",1,0.0,0,0,0,0,Run,,,0,,,0.0,0.0,0,,0,M.Vick,00-0020245,1,,,,,0,S.Paysinger,1,0,0,0,0.0,0.0,0.0,0.0,0.0,NYG,PHI,0,3,3,3,3,3,0.0008517919449369404,0.0737629398547709,0.0003861923842027208,0.1158606919240605,0.3706378043347041,0.0035543468126728,0.4349462327446519,0.0,0.0,3.130559688040879,-1.2934328849716967,,,0.4236694823675621,0.5763305176324379,0.4624647778839558,0.5375352221160442,0.5763305176324379,-0.0387952955163937,,,2012
2016-12-04,2016120403.0,17.0,4,3.0,10:58,11,658.0,37.0,CIN,43.0,43.0,4.0,61.0,0.0,1.0,PHI,CIN,(10:58) (Shotgun) C.Wentz pass short middle to P.Turner to CIN 35 for 8 yards (A.Jones).,1,8.0,0,0,0,0,Pass,C.Wentz,00-0032950,1,Complete,Short,6.0,0.0,0,middle,0,,,0,,,P.Turner,00-0032841,1,A.Jones,0,0,0,0,0.0,7.0,29.0,-22.0,22.0,CIN,PHI,0,2,3,2,3,2,0.0674244963481081,0.0844796871197682,0.0006189025654199922,0.1282205709847931,0.3420428557672622,0.0035293360098958,0.3736841512047522,0.0,0.0,2.4967554343711478,1.2882399646376577,1.2054709371325516,0.082769027505106,0.9726622035926368,0.0273377964073631,0.9646737052741488,0.0353262947258513,0.0273377964073631,0.0079884983184881,0.0083072178590399,-0.0003187195405517512,2016
2013-11-03,2013110303.0,14.0,3,3.0,12:45,13,1665.0,6.0,NO,35.0,35.0,10.0,50.0,0.0,0.0,NYJ,NO,(12:45) (Shotgun) G.Smith up the middle to NO 29 for 6 yards (D.Hawthorne).,1,6.0,0,0,0,0,Run,,,0,,,0.0,0.0,0,,0,G.Smith,00-0030565,1,middle,,,,0,D.Hawthorne,0,0,0,0,0.0,20.0,14.0,6.0,6.0,NYJ,NO,0,3,3,3,3,3,0.0010544384390601,0.0821591296756869,0.0004389455310636673,0.1331696469524363,0.4433095414320178,0.0046256413189652,0.3352426566507699,0.0,0.0,2.506335694733131,-0.8042222083219759,,,0.7764847435834348,0.2235152564165652,0.7516776444781931,0.2483223555218069,0.7764847435834348,-0.0248070991052417,,,2013
2013-10-06,2013100601.0,21.0,4,2.0,05:49,6,349.0,39.0,CIN,27.0,73.0,3.0,16.0,0.0,1.0,CIN,NE,(5:49) G.Bernard right tackle to CIN 36 for 9 yards (S.Gregory).,1,9.0,0,0,0,0,Run,,,0,,,0.0,0.0,0,,0,G.Bernard,00-0030456,1,right,tackle,,,0,S.Gregory,0,0,0,0,0.0,13.0,6.0,7.0,7.0,CIN,NE,0,1,1,3,1,3,0.3229173444821042,0.1060923432194162,0.0023364241162974,0.1533636087478808,0.1514697762587941,0.0025142446019762,0.2613062585735307,0.0,0.0,0.8920864888690405,0.6703221755417821,,,0.8480778336585729,0.151922166341427,0.8766031225911349,0.123396877408865,0.8480778336585729,0.028525288932562,,,2013
2010-11-28,2010112801.0,24.0,5,2.0,05:00,5,-600.0,6.0,BUF,37.0,37.0,10.0,51.0,0.0,0.0,PIT,BUF,"(5:00) R.Mendenhall left tackle to BUF 29 for 8 yards (P.Posluszny, A.Coleman).",1,8.0,0,0,0,0,Run,,,0,,,0.0,0.0,0,,0,R.Mendenhall,00-0026163,1,left,end,,,0,P.Posluszny,0,0,0,0,0.0,16.0,16.0,0.0,0.0,BUF,PIT,0,2,1,2,1,2,0.1892215451491974,0.0521505430235525,0.00024714582200157395,0.0778455655686719,0.3097682413327484,0.0025931504519675,0.3681738086518605,0.0,0.0,2.8098428057698395,0.2403360223686563,,,0.3194647995634235,0.6805352004365764,0.2843705090018906,0.7156294909981094,0.6805352004365764,0.0350942905615329,,,2010
2010-11-14,2010111406.0,11.0,2,1.0,02:35,3,1955.0,8.0,DET,44.0,56.0,10.0,6.0,0.0,0.0,DET,BUF,(2:35) (Shotgun) Sh.Hill pass short middle to B.Pettigrew to 50 for 6 yards (P.Posluszny). Caught at DET 49.,1,6.0,0,0,0,0,Pass,Sh.Hill,00-0020679,1,Complete,Short,5.0,0.0,0,middle,0,,,0,,,B.Pettigrew,00-0026996,1,P.Posluszny,0,0,0,0,0.0,0.0,7.0,-7.0,7.0,BUF,DET,0,3,2,3,2,3,0.3951427833796295,0.0569562373139523,0.0004817438991918871,0.0834087893363046,0.1843975591275742,0.001984499772687,0.2776283871706603,0.0,0.0,1.744866662028346,0.1287398849099217,0.0611664605328095,0.0675734243771122,0.6700037223859996,0.3299962776140004,0.6660663832804532,0.3339336167195468,0.3299962776140004,0.0039373391055463,0.0020034986510253,0.0019338404545209,2010
2010-11-14,2010111410.0,11.0,2,3.0,00:33,1,1833.0,39.0,STL,10.0,90.0,4.0,9.0,0.0,0.0,STL,SF,(:33) S.Jackson up the middle to STL 13 for 3 yards (J.Smith).,1,3.0,0,0,0,0,Run,,,0,,,0.0,0.0,0,,0,S.Jackson,00-0022736,1,middle,,,,0,J.Smith,0,0,0,0,0.0,10.0,10.0,0.0,0.0,SF,STL,0,3,1,3,1,3,0.4257920474265128,0.0631024658146556,0.0065607469995286,0.0436962372598639,0.0462431142817143,0.000376066586276349,0.0618079387730646,0.0,0.0,0.0638344951670766,-0.1306591110153508,,,0.5053787301293431,0.4946212698706568,0.5133684287704678,0.486631571229532,0.4946212698706568,-0.0079896986411248,,,2010
2012-01-01,2012010105.0,7.0,2,4.0,07:53,8,2273.0,3.0,JAC,35.0,65.0,3.0,7.0,0.0,1.0,JAC,IND,"(7:53) N.Harris punts 44 yards to IND 21, Center-J.Cain. P.Garcon to IND 20 for -1 yards (K.Osgood).",1,-1.0,0,0,0,0,Punt,,,0,,,0.0,0.0,0,,0,,,0,,,,,0,K.Osgood,0,0,0,0,0.0,7.0,3.0,4.0,4.0,JAC,IND,0,3,3,3,3,3,0.2262946396924825,0.1833070346198702,0.0031203687185214,0.2675227907239181,0.108598437184283,0.0042036395193021,0.2069530895416223,0.0,0.0,-0.6459471589812704,0.0951076119661813,,,0.5975859098086773,0.4024140901913227,0.6172072798187935,0.3827927201812064,0.5975859098086773,0.0196213700101162,,,2011
2010-10-24,2010102409.0,6.0,1,3.0,01:02,2,2762.0,44.0,ARI,34.0,66.0,6.0,4.0,0.0,0.0,ARI,SEA,(1:02) (Shotgun) M.Hall pass incomplete short right to E.Doucet (R.Lewis).,1,0.0,0,0,0,0,Pass,M.Hall,00-0027347,1,Incomplete Pass,Short,5.0,0.0,0,right,0,,,0,,,E.Doucet,00-0026221,0,,0,0,0,0,0.0,0.0,3.0,-3.0,3.0,SEA,ARI,0,3,3,3,3,3,0.0345302479091809,0.1728742097908186,0.0034016888241901,0.2598687469038511,0.2183772403004751,0.0041460017032405,0.3068018645682435,0.0,0.0,0.4665295409378172,-1.7265507710051011,-0.6559119022427633,-1.070638868762338,0.6021930137163691,0.3978069862836309,0.6589204712745189,0.3410795287254812,0.3978069862836309,-0.0567274575581497,-0.0214838014504519,-0.0352436561076977,2010
2014-10-12,2014101211.0,8.0,2,,00:00,0,1800.0,10.0,SEA,16.0,16.0,0.0,3.0,0.0,0.0,,,END QUARTER 2,1,0.0,0,0,0,0,Quarter End,,,0,,,0.0,0.0,0,,0,,,0,,,,,0,,0,0,0,0,0.0,,,,,SEA,DAL,0,1,2,1,2,1,0.0,0.0,0.0,0.0,0.0,0.0,0.0,0.0,0.0,0.0,0.0,,,,,,,,0.0,,,2014
2014-10-05,2014100512.0,16.0,3,2.0,09:40,10,1480.0,36.0,NE,32.0,68.0,10.0,43.0,0.0,1.0,NE,CIN,(9:40) (Shotgun) T.Brady pass deep middle to T.Wright to CIN 43 for 25 yards (A.Jones).,1,17.5,0,0,0,0,Pass,T.Brady,00-0019596,1,Complete,Deep,10.0,0.0,0,middle,0,,,0,,,T.Wright,00-0029910,1,A.Jones,0,0,0,0,0.0,20.0,10.0,10.0,10.0,NE,CIN,0,3,3,3,3,3,0.0044798799952551,0.1609086106070669,0.0034556963146263,0.2494559404954278,0.2472492471620132,0.0039792614677328,0.3304713639578775,0.0,0.0,0.8271770042082001,2.311291607352805,2.0312584120293598,0.579496830797873,0.8360216089216018,0.1639783910783981,0.8831965520946221,0.1168034479053778,0.8360216089216018,0.0471749431730202,0.0377827145493324,0.0093922286236878,2014
2010-10-24,2010102401.0,10.0,2,,07:29,8,2249.0,40.0,PIT,22.0,22.0,0.0,53.0,0.0,,,,Timeout #1 by MIA at 07:29.,1,0.0,0,0,0,0,Timeout,,,0,,,0.0,0.0,0,,0,,,0,,,,,0,,0,0,0,0,0.0,,,,,MIA,PIT,1,3,3,3,2,3,0.0,0.0,0.0,0.0,0.0,0.0,0.0,0.0,0.0,0.0,0.0,,,,,,,,0.0,,,2010
2013-11-17,2013111705.0,9.0,2,3.0,00:24,1,1824.0,3.0,MIA,25.0,75.0,16.0,13.0,0.0,0.0,MIA,SD,(:24) L.Miller left guard to MIA 33 for 8 yards (E.Weddle).,1,8.0,0,0,0,0,Run,,,0,,,0.0,0.0,0,,0,L.Miller,00-0029615,1,left,guard,,,0,E.Weddle,0,0,0,0,0.0,10.0,10.0,0.0,0.0,MIA,SD,0,1,1,1,1,1,0.4257920474265128,0.0604679977463486,0.0033706531208941,0.0438012522050207,0.0869483628860139,0.0006051769412806289,0.0664986129752418,0.0,0.0,0.2327916684513167,0.0,,,0.5080377704357848,0.4919622295642152,0.5080377704357848,0.4919622295642152,0.5080377704357848,0.0,,,2013
2009-11-08,2009110803.0,11.0,2,1.0,01:17,2,1877.0,4.0,HOU,34.0,34.0,10.0,58.0,0.0,1.0,IND,HOU,(1:17) P.Manning pass short left to R.Wayne ran ob at HOU 22 for 12 yards.,1,12.0,0,0,0,0,Pass,P.Manning,00-0010346,1,Complete,Short,10.0,0.0,0,left,0,,,0,,,R.Wayne,00-0020498,1,,0,0,0,0,0.0,13.0,0.0,13.0,13.0,IND,HOU,0,3,3,2,3,2,0.3716369829495675,0.0244108731776916,0.0001057263361574697,0.0176071260723128,0.3147397903442649,0.0006881722921177202,0.2708113288278879,0.0,0.0,2.644581062700666,0.5018872174809919,0.5018872174809919,0.0,0.9118420841875317,0.0881579158124684,0.9180877398601924,0.0819122601398076,0.9118420841875317,0.0062456556726607,0.0062456556726607,0.0,2009
2013-11-24,2013112402.0,22.0,4,1.0,05:18,6,318.0,13.0,DET,32.0,32.0,10.0,8.0,0.0,0.0,TB,DET,(5:18) B.Leonard up the middle to DET 29 for 3 yards (L.Delmas).,1,3.0,0,0,0,0,Run,,,0,,,0.0,0.0,0,,0,B.Leonard,00-0025439,1,middle,,,,0,L.Delmas,0,0,0,0,0.0,23.0,21.0,2.0,2.0,DET,TB,0,3,3,3,3,3,0.1449641072683109,0.039003195701891,7.756676528529246e-05,0.0572692031235151,0.3064729539992599,0.0023914381561818,0.4498215349855556,0.0,0.0,3.554903340708183,-0.2467536636022025,,,0.242644292606056,0.757355707393944,0.2426966786402278,0.7573033213597722,0.757355707393944,-5.238603417179189e-05,,,2013
2016-10-24,2016102400.0,21.0,4,4.0,06:33,7,393.0,5.0,HOU,44.0,44.0,2.0,21.0,0.0,1.0,DEN,HOU,"(6:33) R.Dixon punts 36 yards to HOU 8, Center-C.Kreiter, fair catch by W.Fuller.",1,0.0,0,0,0,0,Punt,,,0,,,0.0,0.0,0,,0,,,0,,,,,0,,0,0,0,0,0.0,24.0,9.0,15.0,15.0,DEN,HOU,0,1,1,3,1,3,0.236199830174463,0.1084997943074023,0.0010753092406124,0.1634606232145652,0.268919585808987,0.004532313400734,0.2173125438532359,0.0,0.0,0.8651368272956924,-0.5833204652110292,,,0.962662559800241,0.037337440199759,0.9611821641141386,0.0388178358858614,0.962662559800241,-0.0014803956861023,,,2016
2012-12-16,2012121608.0,19.0,3,1.0,09:18,10,1458.0,1.0,DET,20.0,80.0,10.0,3.0,0.0,0.0,DET,ARI,(9:18) (Shotgun) M.Leshoure up the middle to DET 22 for 2 yards (C.Campbell).,1,2.0,0,0,0,0,Run,,,0,,,0.0,0.0,0,,0,M.Leshoure,00-0027995,1,middle,,,,0,C.Campbell,0,0,0,0,0.0,7.0,23.0,-16.0,16.0,ARI,DET,0,3,2,3,2,3,0.0059488438066242,0.1769897629041701,0.0065046269281861,0.2732605888566036,0.2150524434250611,0.0035309427854657,0.3187127912938889,0.0,0.0,0.4264060903382298,-0.4525737240783676,,,0.918016764295928,0.0819832357040719,0.9237757666333102,0.0762242333666898,0.0819832357040719,-0.0057590023373821,,,2012
2009-10-04,2009100404.0,8.0,2,,09:11,10,2351.0,5.0,TEN,30.0,30.0,0.0,0.0,0.0,,JAC,TEN,"R.Bironas kicks 73 yards from TEN 30 to JAC -3. M.Thomas to JAC 39 for 42 yards (D.Nickey). PENALTY on TEN-D.Nickey, Horse Collar, 15 yards, enforced at JAC 39.",1,17.5,0,0,0,0,Kickoff,,,0,,,0.0,0.0,0,,0,,,0,,,,,0,D.Nickey,0,0,0,1,0.0,10.0,3.0,7.0,7.0,JAC,TEN,0,2,2,3,2,3,0.1875876991674349,0.140256305113987,0.005086779358326,0.2092355128545463,0.1805510670890867,0.0027850590244245,0.2744975773921942,0.0,0.0,0.5731152970210316,2.311291607352805,,,0.7254289495371187,0.2745710504628813,0.8000198236097034,0.1999801763902966,0.7254289495371187,0.05888471184731932,,,2009
2009-09-13,2009091309.0,15.0,2,2.0,00:11,1,1811.0,0.0,SF,22.0,22.0,10.0,49.0,0.0,1.0,ARI,SF,"(:11) (Field Goal formation) PENALTY on SF, Unsportsmanlike Conduct, 11 yards, enforced at SF 22 - No Play.",1,0.0,0,0,0,0,No Play,,,0,,,0.0,0.0,0,,0,,,0,,,,,0,,0,0,0,1,0.0,3.0,13.0,-10.0,10.0,ARI,SF,0,0,0,3,0,3,0.3564015735913991,0.0189457073076887,8.404721930052487e-05,0.0139087562715557,0.3702617495838289,0.0006382770843623602,0.2397598889418645,0.0,0.0,2.636014515250705,0.7221170412388105,,,0.2630494964114995,0.7369505035885004,0.2867456426942285,0.7132543573057715,0.2630494964114995,0.023696146282729,,,2009
2009-12-20,2009122008.0,5.0,1,1.0,03:14,4,2894.0,10.0,TEN,24.0,76.0,10.0,-2.0,0.0,0.0,TEN,MIA,(3:14) C.Johnson right guard to TEN 22 for -2 yards (C.Crowder).,1,-2.0,0,0,0,0,Run,,,0,,,0.0,0.0,0,,0,C.Johnson,00-0026164,1,right,guard,,,0,C.Crowder,0,0,0,0,0.0,7.0,3.0,4.0,4.0,TEN,MIA,0,2,2,3,2,3,0.0234731892904263,0.1582377073232543,0.0045427573662976,0.2408228738480676,0.2285087832763549,0.0034616647079793,0.3409530241876197,0.0,0.0,0.9095620949195296,-1.0296907355051526,,,0.6289887514675128,0.3710112485324872,0.5889705680966428,0.4110294319033571,0.6289887514675128,-0.0400181833708699,,,2009
2016-12-18,2016121801.0,10.0,3,2.0,14:23,15,1763.0,37.0,BUF,34.0,66.0,1.0,11.0,0.0,1.0,BUF,CLE,(14:23) (Shotgun) L.McCoy right tackle to BUF 36 for 2 yards (D.Davis).,1,2.0,0,0,0,0,Run,,,0,,,0.0,0.0,0,,0,L.McCoy,00-0027029,1,right,tackle,,,0,D.Davis,0,0,0,0,0.0,17.0,3.0,14.0,14.0,BUF,CLE,0,3,3,3,3,3,0.0013903962018561,0.1262508308947917,0.001688858521341,0.1883155671151307,0.2322563657841535,0.0037903625454212,0.4463076189373053,0.0,0.0,2.128163975471468,-0.2728800502408035,,,0.9173044638359448,0.0826955361640552,0.9140173632472772,0.0859826367527226,0.9173044638359448,-0.0032871005886674,,,2016
2015-09-20,2015092003.0,16.0,3,4.0,07:15,8,1335.0,41.0,TEN,41.0,59.0,15.0,31.0,0.0,1.0,TEN,CLE,"(7:15) (Punt formation) B.Kern punts 40 yards to CLE 19, Center-B.Brinkley. T.Benjamin to CLE 31 for 12 yards (B.Wreh-Wilson).",1,12.0,0,0,0,0,Punt,,,0,,,0.0,0.0,0,,0,,,0,,,,,0,B.Wreh-Wilson,0,0,0,0,0.0,0.0,20.0,-20.0,20.0,CLE,TEN,0,3,2,3,2,3,0.0085317094310432,0.2286324244703675,0.0039839193242846,0.3339889340841055,0.2329787432946306,0.006114872387977125,0.1855855687379591,0.0,0.0,-1.021155038283587,-0.4879151650428408,,,0.9721085853748632,0.0278914146251367,0.9773445405516208,0.0226554594483791,0.0278914146251367,-0.0052359551767576,,,2015
2016-12-18,2016121800.0,10.0,2,2.0,12:07,13,2527.0,30.0,BAL,48.0,52.0,6.0,25.0,0.0,0.0,BAL,PHI,(12:07) T.West right guard to BAL 50 for 2 yards (B.Graham).,1,2.0,0,0,0,0,Run,,,0,,,0.0,0.0,0,,0,T.West,00-0031375,1,right,guard,,,0,B.Graham,0,0,0,0,0.0,10.0,11.0,-1.0,1.0,BAL,PHI,0,3,3,3,3,3,0.0600530246280625,0.0927656101361052,0.0008375104920503447,0.1387252047750393,0.2965844514672529,0.0033963946587446,0.407637803842745,0.0,0.0,2.4989624858007717,-0.4638816149979861,,,0.5173245948900493,0.4826754051099506,0.5052943129175776,0.4947056870824223,0.5173245948900493,-0.0120302819724716,,,2016
2012-11-25,2012112501.0,8.0,1,2.0,01:38,2,2798.0,37.0,CLE,44.0,56.0,6.0,1.0,0.0,0.0,CLE,PIT,(1:38) T.Benjamin left end to CLE 45 for 1 yard (K.Lewis).,1,1.0,0,0,0,0,Run,,,0,,,0.0,0.0,0,,0,T.Benjamin,00-0029269,1,left,end,,,0,K.Lewis,0,0,0,0,0.0,3.0,6.0,-3.0,3.0,CLE,PIT,0,3,3,3,3,3,0.0233299652221419,0.1094242792482286,0.0012026774202026,0.1651794570632031,0.2916223796033304,0.0036632730411735,0.4055779684017198,0.0,0.0,2.234305071676863,-0.6847971469381098,,,0.454777884124391,0.545222115875609,0.4310333865378098,0.5689666134621902,0.454777884124391,-0.0237444975865812,,,2012
2016-12-24,2016122410.0,16.0,3,,15:00,15,1800.0,0.0,ARI,35.0,35.0,0.0,0.0,0.0,,SEA,ARI,C.Catanzaro kicks 63 yards from ARI 35 to SEA 2. P.Richardson to SEA 34 for 32 yards (K.Williams).,1,17.5,0,0,0,0,Kickoff,,,0,,,0.0,0.0,0,,0,,,0,,,,,0,K.Williams,0,0,0,0,0.0,3.0,14.0,-11.0,11.0,SEA,ARI,0,3,3,3,3,3,0.0013736795911316,0.1626315095188615,0.004440726358228,0.2541786337864296,0.23308117414857,0.0036557130265806,0.3406385635701985,0.0,0.0,0.8149984757122131,0.8442621163028947,,,0.1733888758405368,0.8266111241594631,0.1925388886553655,0.8074611113446344,0.1733888758405368,0.0191500128148287,,,2016
2015-10-04,2015100404.0,15.0,4,3.0,13:33,14,813.0,6.0,JAC,16.0,16.0,8.0,35.0,0.0,0.0,IND,JAC,(13:33) (Shotgun) M.Hasselbeck pass short middle to D.Moncrief to JAC 9 for 7 yards (T.Armbrister; C.Clemons). JAC-A.Colvin was injured during the play. His return is Questionable.,1,7.0,0,0,0,0,Pass,M.Hasselbeck,00-0007091,1,Complete,Short,2.0,0.0,0,middle,0,,,0,,,D.Moncrief,00-0031339,1,T.Armbrister,0,0,0,0,0.0,10.0,13.0,-3.0,3.0,IND,JAC,0,2,2,3,2,3,0.0171956466421659,0.0375410113994416,8.800686061482392e-05,0.0600838552402821,0.548134573364146,0.0033679907631322,0.3335889157302171,0.0,0.0,3.452876077128693,-0.5773079484559878,-0.8616854107403609,0.2843774622843731,0.5015792045823696,0.4984207954176304,0.4808638058126456,0.5191361941873543,0.5015792045823696,-0.0207153987697239,-0.0309376318799073,0.0102222331101833,2015
2013-10-06,2013100608.0,14.0,3,1.0,07:14,8,1334.0,68.0,CAR,12.0,12.0,10.0,78.0,0.0,0.0,ARI,CAR,(7:14) R.Mendenhall up the middle to CAR 7 for 5 yards (T.Davis; K.Short).,1,5.0,0,0,0,0,Run,,,0,,,0.0,0.0,0,,0,R.Mendenhall,00-0026163,1,middle,end,,,0,T.Davis,0,0,0,0,0.0,3.0,6.0,-3.0,3.0,ARI,CAR,0,3,3,3,3,3,0.0015463809810535,0.0249747563833953,1.50571945515516e-05,0.0379975382023572,0.3884652919953859,0.0024636083811637,0.5445373668620925,0.0,0.0,4.641147509827343,-0.1396343084568148,,,0.5354359830146974,0.4645640169853026,0.5301359853312468,0.4698640146687531,0.5354359830146974,-0.0052999976834505,,,2013
2009-12-27,2009122700.0,8.0,2,2.0,10:36,11,2436.0,28.0,ATL,27.0,73.0,16.0,12.0,0.0,0.0,ATL,BUF,(10:36) M.Ryan pass short right to T.Gonzalez pushed ob at ATL 35 for 8 yards (D.Whitner).,1,8.0,0,0,0,0,Pass,M.Ryan,00-0026143,1,Complete,Short,6.0,0.0,0,right,0,,,0,,,T.Gonzalez,00-0006101,1,D.Whitner,0,0,0,0,0.0,10.0,0.0,10.0,10.0,ATL,BUF,0,1,1,3,1,3,0.1278798664176428,0.157799048602861,0.0046040191287631,0.2390954954802212,0.2033749638518636,0.0033655225349533,0.2638810839836948,0.0,0.0,0.3077498720837033,0.1294293391434096,-0.1640235400942102,0.2934528792376198,0.7882258327170526,0.2117741672829474,0.7926016429714932,0.2073983570285068,0.7882258327170526,0.0043758102544405,-0.0038745258827681,0.0082503361372087,2009
2012-11-04,2012110407.0,3.0,1,3.0,03:47,4,2927.0,3.0,IND,28.0,72.0,2.0,17.0,0.0,1.0,IND,MIA,(3:47) (Shotgun) A.Luck pass short left to R.Wayne ran ob at IND 37 for 9 yards.,1,9.0,0,0,0,0,Pass,A.Luck,00-0029668,1,Complete,Short,8.0,0.0,0,left,0,,,0,,,R.Wayne,00-0020498,1,,0,0,0,0,0.0,0.0,3.0,-3.0,3.0,IND,MIA,0,3,3,3,3,3,0.0196924634157961,0.1803257416005957,0.0045365029723048,0.2650861881368005,0.1764019606471681,0.0033420262795819,0.3506151169477527,0.0,0.0,0.5845422054309368,1.490763157904783,1.4031859231937336,0.0875772347110495,0.4153612791521365,0.5846387208478634,0.4581622688905307,0.5418377311094693,0.4153612791521365,0.0428009897383941,0.0428699128782067,-6.892313981260445e-05,2012
2012-10-21,2012102108.0,18.0,4,2.0,11:32,12,692.0,34.0,NYJ,25.0,75.0,10.0,24.0,0.0,0.0,NYJ,NE,(11:32) M.Sanchez pass short right to S.Hill to NYJ 32 for 7 yards (A.Dennard).,1,7.0,0,0,0,0,Pass,M.Sanchez,00-0026898,1,Complete,Short,5.0,0.0,0,right,0,,,0,,,S.Hill,00-0028995,1,A.Dennard,0,0,0,0,0.0,13.0,23.0,-10.0,10.0,NE,NYJ,0,2,3,2,3,2,0.1092143107970007,0.1626675540276741,0.00483900702253,0.2443919655917721,0.1969776577774,0.0034171660906685,0.2784923386929543,0.0,0.0,0.3387892410937299,0.4112757981324753,-0.0675505427696709,0.4788263409021462,0.852488459221676,0.1475115407783239,0.8453501006317143,0.1546498993682855,0.1475115407783239,0.0071383585899616,-0.0018958051849217,0.0090341637748833,2012
2015-10-04,2015100405.0,22.0,4,,00:42,1,42.0,4.0,PHI,16.0,16.0,0.0,74.0,0.0,0.0,,,Timeout #1 by WAS at 00:42. Charged due to injury.,1,0.0,0,0,0,0,Timeout,,,0,,,0.0,0.0,0,,0,,,0,,,,,0,,0,0,0,0,0.0,,,,,WAS,PHI,1,3,3,3,2,3,0.0,0.0,0.0,0.0,0.0,0.0,0.0,0.0,0.0,0.0,0.0,,,,,,,,0.0,,,2015
2013-12-01,2013120102.0,14.0,3,3.0,08:04,9,1384.0,28.0,IND,1.0,1.0,1.0,80.0,1.0,0.0,TEN,IND,(8:04) R.Fitzpatrick up the middle to IND 1 for no gain (K.Sheppard). IND-R.Jean Francois was injured during the play. His return is Questionable.  TEN - Otto (66) reports as eligible.,1,0.0,0,0,0,0,Run,,,0,,,0.0,0.0,0,,0,R.Fitzpatrick,00-0023682,1,middle,,,,0,K.Sheppard,0,0,0,0,0.0,7.0,12.0,-5.0,5.0,IND,TEN,0,3,3,3,3,3,0.0006505646450258923,0.0155421576665599,0.0006312318558644464,0.0228069231191081,0.2038285308095874,0.0055441057742663,0.7325144085922225,0.0,0.0,5.672011808339245,-2.0073895485832747,,,0.4956408058512088,0.5043591941487912,0.5614556312132948,0.4385443687867052,0.5043591941487912,-0.05867359827459407,,,2013
2012-12-30,2012123007.0,14.0,3,1.0,01:35,2,995.0,38.0,DAL,43.0,57.0,10.0,25.0,0.0,0.0,DAL,WAS,(1:35) F.Jones left end pushed ob at WAS 49 for 8 yards (Mad.Williams).,1,8.0,0,0,0,0,Run,,,0,,,0.0,0.0,0,,0,F.Jones,00-0026162,1,left,end,,,0,Mad.Williams,0,0,0,0,0.0,7.0,14.0,-7.0,7.0,WAS,DAL,0,3,3,3,3,3,0.0226451035318875,0.0990986471122534,0.000901384868268169,0.14983594966903,0.2929680107976332,0.0033872415755329,0.4311636624453945,0.0,0.0,2.5558737939052207,0.654171918032953,,,0.6831818060632809,0.316818193936719,0.6603776415430418,0.3396223584569582,0.316818193936719,0.0228041645202391,,,2012
2015-09-27,2015092710.0,3.0,1,1.0,09:51,10,3291.0,35.0,SF,30.0,70.0,10.0,11.0,0.0,0.0,SF,ARI,(9:51) (Shotgun) C.Hyde left tackle to SF 31 for 1 yard (D.Bucannon).,1,1.0,0,0,0,0,Run,,,0,,,0.0,0.0,0,,0,C.Hyde,00-0031045,1,left,tackle,,,0,D.Bucannon,0,0,0,0,0.0,0.0,6.0,-6.0,6.0,ARI,SF,0,3,2,3,2,3,0.0042862541542346,0.1435307062394021,0.0028842935875322,0.221553595730239,0.252904067721652,0.0036230947002827,0.3712179878666572,0.0,0.0,1.3772484316271782,-0.5854188714137649,,,0.6428142128257732,0.3571857871742267,0.6620444747116874,0.3379555252883126,0.3571857871742267,-0.0192302618859141,,,2015
2016-09-18,2016091804.0,5.0,2,2.0,15:00,15,2700.0,0.0,MIA,32.0,32.0,13.0,60.0,0.0,1.0,NE,MIA,(15:00) (Shotgun) J.White up the middle to MIA 16 for 16 yards (I.Abdul-Quddus; K.Alonso).,1,16.0,0,0,0,0,Run,,,0,,,0.0,0.0,0,,0,J.White,00-0031062,1,middle,,,,0,I.Abdul-Quddus,0,0,0,0,0.0,14.0,0.0,14.0,14.0,NE,MIA,0,3,3,3,3,3,0.0179970260391328,0.0574233203816211,0.0002253249857078164,0.0882817529631628,0.398109080525377,0.0031555719849714,0.4348079231200267,0.0,0.0,3.453600965527842,1.0928766250364208,,,0.9216123171270216,0.0783876828729782,0.9357282697581004,0.0642717302418997,0.9216123171270216,0.0141159526310785,,,2016
2009-11-29,2009112904.0,16.0,3,4.0,07:49,8,1369.0,31.0,CHI,19.0,19.0,9.0,48.0,0.0,0.0,MIN,CHI,"(7:49) R.Longwell 37 yard field goal is GOOD, Center-C.Loeffler, Holder-C.Kluwe.",1,0.0,1,0,0,0,Field Goal,,,0,,,0.0,0.0,0,,0,,,0,,,,,0,,0,0,0,0,0.0,24.0,10.0,14.0,14.0,MIN,CHI,0,3,3,3,3,3,0.0009382566312063958,0.0299191587387757,0.0004429326358190372,0.0441884620004612,0.5864579642145082,0.00045303116394590856,0.0289573252720503,0.0,0.0,2.4889472644142745,0.5110527355857255,,,0.9246034852715148,0.0753965147284853,0.9297778325460764,0.0702221674539236,0.9246034852715148,0.0051743472745616,,,2009
2009-11-08,2009110806.0,9.0,2,2.0,09:09,10,2349.0,41.0,TB,48.0,48.0,6.0,43.0,0.0,1.0,GB,TB,(9:09) R.Grant left guard to TB 33 for 15 yards (R.Barber).,1,15.0,0,0,0,0,Run,,,0,,,0.0,0.0,0,,0,R.Grant,00-0022984,1,left,guard,,,0,R.Barber,0,0,0,0,0.0,14.0,13.0,1.0,1.0,TB,GB,0,3,3,3,3,3,0.104767878136425,0.077762346421567,0.0005774712410150658,0.1156094045609761,0.2964921533181479,0.0031151879232339,0.4016755583986346,0.0,0.0,2.6637279309177897,1.1163418977558512,,,0.3983779634538258,0.6016220365461742,0.3552979629113125,0.6447020370886875,0.6016220365461742,0.0430800005425132,,,2009
2015-09-13,2015091300.0,10.0,3,3.0,10:16,11,1516.0,41.0,CHI,26.0,74.0,9.0,20.0,0.0,1.0,CHI,GB,"(10:16) (No Huddle, Shotgun) J.Cutler pass short right to M.Bennett to CHI 38 for 12 yards (S.Richardson).",1,12.0,0,0,0,0,Pass,J.Cutler,00-0024226,1,Complete,Short,4.0,0.0,0,right,0,,,0,,,M.Bennett,00-0026201,1,S.Richardson,0,0,0,0,0.0,13.0,17.0,-4.0,4.0,CHI,GB,0,2,2,3,2,3,0.0042811021959423,0.2193130592003071,0.0061431660969492,0.335895411148724,0.1774524615156579,0.0044559669761286,0.2524588328662907,0.0,0.0,-0.7130122392726219,2.311291607352805,-1.0111700154826522,2.659125528472397,0.3365333132086135,0.6634666867913864,0.4335132584819001,0.5664867415180999,0.3365333132086135,0.05888471184731932,-0.0359728218859529,0.05636049994176793,2015
2017-01-01,2017010113.0,1.0,1,1.0,11:28,12,3388.0,38.0,LA,15.0,15.0,10.0,61.0,0.0,0.0,ARI,LA,"(11:28) D.Johnson left tackle to LA 14 for 1 yard (C.Thomas, B.Countess).",1,1.0,0,0,0,0,Run,,,0,,,0.0,0.0,0,,0,D.Johnson,00-0032187,1,left,tackle,,,0,C.Thomas,0,0,0,0,0.0,0.0,0.0,0.0,0.0,LA,ARI,0,3,3,3,3,3,0.0006200768091604845,0.0282293369154658,2.047724197897896e-05,0.0433833656805266,0.3862153560220788,0.0025983891217819,0.5389329982090072,0.0,0.0,4.5479613087788096,-0.3654920375433077,,,0.369910114989943,0.630089885010057,0.3814473981898987,0.6185526018101013,0.630089885010057,-0.0115372831999557,,,2016
2014-11-09,2014110900.0,9.0,2,1.0,03:39,4,2019.0,11.0,TEN,28.0,72.0,10.0,1.0,0.0,0.0,TEN,BAL,(3:39) B.Sankey left end to TEN 29 for 1 yard (B.Williams).,1,1.0,0,0,0,0,Run,,,0,,,0.0,0.0,0,,0,B.Sankey,00-0031413,1,left,end,,,0,B.Williams,0,0,0,0,0.0,7.0,7.0,0.0,0.0,BAL,TEN,0,2,2,2,2,2,0.4257920474265128,0.081906933505387,0.0018231563233072,0.1205212961364529,0.145224884081191,0.0019596755888768,0.2213163675361155,0.0,0.0,0.8957923900561894,-0.3625850656935074,,,0.4810765466793689,0.5189234533206311,0.4928945404346161,0.5071054595653839,0.5189234533206311,-0.0118179937552471,,,2014
2009-11-26,2009112601.0,9.0,2,1.0,10:43,11,2443.0,5.0,OAK,17.0,83.0,10.0,2.0,0.0,0.0,OAK,DAL,(10:43) J.Fargas right tackle to OAK 19 for 2 yards (J.Ratliff).,1,2.0,0,0,0,0,Run,,,0,,,0.0,0.0,0,,0,J.Fargas,00-0022093,1,right,tackle,,,0,J.Ratliff,0,0,0,0,0.0,0.0,10.0,-10.0,10.0,DAL,OAK,0,3,3,3,3,3,0.1440622346927529,0.1572524731544503,0.00684570681033,0.2355129116302005,0.1799007043800563,0.0029112528126131,0.2735147165195966,0.0,0.0,0.3260884199071574,-0.392542212409406,,,0.818051983332813,0.1819480166671869,0.8253695470953478,0.1746304529046521,0.1819480166671869,-0.0073175637625347,,,2009
2015-11-02,2015110200.0,21.0,4,2.0,15:00,15,900.0,0.0,IND,21.0,79.0,9.0,1.0,0.0,0.0,IND,CAR,(15:00) (Shotgun) A.Luck pass incomplete short left to D.Moncrief (K.Short).,1,0.0,0,0,0,0,Pass,A.Luck,00-0029668,1,Incomplete Pass,Short,0.0,0.0,0,left,0,,,0,,,D.Moncrief,00-0031339,0,,0,0,0,0,0.0,6.0,17.0,-11.0,11.0,CAR,IND,0,3,2,3,2,3,0.0538397806336965,0.1866551075907569,0.0066367161115695,0.2817572242846904,0.1901699710063205,0.0036083611235265,0.2773328392494392,0.0,0.0,-0.0264828149761537,-0.9262885533553956,-0.924971920622296,-0.0013166327330997,0.8752269607968303,0.1247730392031697,0.8904222929024821,0.1095777070975178,0.1247730392031697,-0.0151953321056518,-0.0152931662587132,9.783415306141574e-05,2015
2017-01-01,2017010108.0,25.0,4,1.0,00:56,1,56.0,0.0,PIT,2.0,98.0,11.0,0.0,0.0,0.0,PIT,CLE,(:56) D.Williams right tackle to PIT 3 for 1 yard (D.Davis).,1,1.0,0,0,0,0,Run,,,0,,,0.0,0.0,0,,0,D.Williams,00-0024242,1,right,tackle,,,0,D.Davis,0,0,0,0,0.0,21.0,21.0,0.0,0.0,PIT,CLE,0,3,3,2,3,2,0.4257920474265128,0.0527104350572108,0.009553273933919493,0.0383445927007467,0.0624012340223232,0.0003336636543372504,0.0551046425558399,0.0,0.0,0.1251899794566649,-0.121145309863999,,,0.5749110091739461,0.4250889908260539,0.5836551495428457,0.4163448504571543,0.5749110091739461,0.0087441403688995,,,2016
2015-12-28,2015122800.0,5.0,2,2.0,04:52,5,2092.0,48.0,DEN,38.0,38.0,11.0,24.0,0.0,0.0,CIN,DEN,(4:52) (Shotgun) A.McCarron pass incomplete short right to G.Bernard.,1,0.0,0,0,0,0,Pass,A.McCarron,00-0031288,1,Incomplete Pass,Short,-2.0,0.0,0,right,0,,,0,,,G.Bernard,00-0030456,0,,0,0,0,0,0.0,14.0,0.0,14.0,14.0,DEN,CIN,0,0,2,0,2,0,0.1991727985468517,0.053751951660844,0.00027153022056207845,0.080359357543753,0.3050876188494221,0.0025967598069056,0.3587599833716613,0.0,0.0,2.707461841533779,-0.7159489920198048,-0.9003397315562187,0.1843907395364139,0.087382470182995,0.912617529817005,0.0972338663396119,0.902766133660388,0.912617529817005,-0.0098513961566168,-0.0124296311557794,0.0025782349991625,2015
2012-10-28,2012102811.0,3.0,1,1.0,13:19,14,3499.0,10.0,NO,20.0,80.0,10.0,13.0,0.0,1.0,NO,DEN,(13:19) D.Brees pass short right to J.Graham to NO 33 for 13 yards (C.Bailey).,1,13.0,0,0,0,0,Pass,D.Brees,00-0020531,1,Complete,Short,-1.0,0.0,0,right,0,,,0,,,J.Graham,00-0027696,1,C.Bailey,0,0,0,0,0.0,0.0,0.0,0.0,0.0,DEN,NO,0,3,3,3,3,3,0.0022612120627115,0.1790362187964277,0.0066030407087303,0.2789542975277995,0.2142262646144447,0.0035762095828613,0.3153427567070249,0.0,0.0,0.3542356894568903,1.250456596546745,-0.9265180267610528,2.1769746233077973,0.5076453847461824,0.4923546152538176,0.4689989358797871,0.5310010641202129,0.4923546152538176,0.0386464488663952,-0.0267026820699458,0.05636049994176793,2012
2013-10-13,2013101304.0,5.0,1,4.0,01:54,2,2814.0,24.0,OAK,42.0,42.0,16.0,38.0,0.0,1.0,KC,OAK,"(1:54) D.Colquitt punts 38 yards to OAK 4, Center-T.Gafford, downed by KC-J.Hemingway.",1,0.0,0,0,0,0,Punt,,,0,,,0.0,0.0,0,,0,,,0,,,,,0,,0,0,0,0,0.0,0.0,0.0,0.0,0.0,KC,OAK,0,3,3,3,3,3,0.022436176512113,0.1362435032224715,0.0015848937111078,0.2003332484988723,0.4693553433172341,0.0061015000134096,0.1639453347247913,0.0,0.0,0.7536533364703242,0.2073794245238265,,,0.501167333566166,0.4988326664338339,0.5516205293407421,0.4483794706592579,0.501167333566166,0.050453195774576,,,2013
2015-10-22,2015102200.0,2.0,1,1.0,11:57,12,3417.0,30.0,SF,23.0,23.0,10.0,42.0,0.0,0.0,SEA,SF,(11:57) M.Lynch right guard to SF 19 for 4 yards (M.Wilhoite).,1,4.0,0,0,0,0,Run,,,0,,,0.0,0.0,0,,0,M.Lynch,00-0025399,1,right,guard,,,0,M.Wilhoite,0,0,0,0,0.0,0.0,0.0,0.0,0.0,SF,SEA,0,3,3,3,3,3,0.000714562656880683,0.0370621711333279,4.3611072349194994e-05,0.0570874160399794,0.3753150020292154,0.0028268614925316,0.5269503755757154,0.0,0.0,4.30936571027818,-0.1563022050604399,,,0.3791739978156346,0.6208260021843653,0.3833503569214432,0.6166496430785567,0.6208260021843653,-0.0041763591058086,,,2015
2010-09-26,2010092602.0,4.0,1,2.0,10:18,11,3318.0,5.0,TB,9.0,91.0,10.0,1.0,0.0,0.0,TB,PIT,(10:18) C.Williams up the middle to TB 10 for 1 yard (T.Polamalu).,1,1.0,0,0,0,0,Run,,,0,,,0.0,0.0,0,,0,C.Williams,00-0023440,1,middle,,,,0,T.Polamalu,0,0,0,0,0.0,3.0,0.0,3.0,3.0,TB,PIT,0,3,3,3,3,3,0.0054556923739627,0.2422099580232555,0.009553273933919493,0.3741372824954072,0.1439546407672316,0.0035520360152127,0.2149237383545113,0.0,0.0,-1.433689992664755,-0.6957190193717744,,,0.5347812958133806,0.4652187041866193,0.5151235417689836,0.4848764582310164,0.5347812958133806,-0.019657754044397,,,2010
2011-09-25,2011092512.0,2.0,1,2.0,09:23,10,3263.0,38.0,ARI,44.0,56.0,5.0,22.0,0.0,1.0,ARI,SEA,(9:23) (Shotgun) C.Taylor right guard to SEA 48 for 8 yards (K.Chancellor).,1,8.0,0,0,0,0,Run,,,0,,,0.0,0.0,0,,0,C.Taylor,00-0021314,1,right,guard,,,0,K.Chancellor,0,0,0,0,0.0,0.0,0.0,0.0,0.0,SEA,ARI,0,2,3,2,3,2,0.0036818018976884,0.1121975497923686,0.0012046511817967,0.1716966466069186,0.2929601531716868,0.0038092159069116,0.414449981442629,0.0,0.0,2.246770283438157,0.8904538049769708,,,0.4585937629783605,0.5414062370216395,0.4284478278088058,0.5715521721911941,0.5414062370216395,0.0301459351695546,,,2011
2010-12-26,2010122606.0,13.0,2,3.0,01:03,2,1863.0,15.0,SF,35.0,65.0,2.0,8.0,0.0,0.0,SF,STL,(1:03) (Shotgun) T.Smith pass incomplete short right to J.Morgan (F.Robbins).,1,0.0,0,0,0,0,Pass,T.Smith,00-0025561,1,Incomplete Pass,Short,5.0,0.0,0,right,0,,,0,,,J.Morgan,00-0026314,0,,0,0,0,0,0.0,13.0,12.0,1.0,1.0,STL,SF,0,1,3,1,3,1,0.4257920474265128,0.0494741590229741,0.0017617855807238,0.0349261063362492,0.1270964370053815,0.0005273286053364328,0.135777923620003,0.0,0.0,0.9363606409827238,-0.6497735515629448,0.4339573794261305,-1.0837309309890752,0.430896706483882,0.569103293516118,0.4514747205050272,0.5485252794949728,0.569103293516118,-0.0205780140211452,0.0140725899846223,-0.0346506040057675,2010
2012-12-09,2012120911.0,18.0,3,1.0,07:37,8,1357.0,30.0,NYG,13.0,13.0,10.0,62.0,0.0,0.0,NO,NYG,(7:37) (Shotgun) D.Brees pass incomplete short right to D.Sproles.,1,0.0,0,0,0,0,Pass,D.Brees,00-0020531,1,Incomplete Pass,Short,4.0,0.0,0,right,0,,,0,,,D.Sproles,00-0023564,0,,0,0,0,0,0.0,12.0,35.0,-23.0,23.0,NYG,NO,0,3,3,3,3,3,0.001458139249681,0.0258962850201815,1.6590713638439743e-05,0.0394397055105381,0.3874535759459814,0.0024954422512306,0.5432402613087487,0.0,0.0,4.6162334664400575,-0.4190523765359151,0.4897978836147194,-0.9088502601506344,0.9485733088003288,0.0514266911996711,0.95272316838187,0.04727683161813,0.0514266911996711,-0.0041498595815411,0.0046861930517141,-0.0088360526332553,2012
2016-10-09,2016100907.0,7.0,2,4.0,11:17,12,2477.0,5.0,ATL,21.0,79.0,10.0,0.0,0.0,1.0,ATL,DEN,"(11:17) M.Bosher punts 59 yards to DEN 20, Center-J.Harris, fair catch by J.Norwood.",1,0.0,0,0,0,0,Punt,,,0,,,0.0,0.0,0,,0,,,0,,,,,0,,0,0,0,0,0.0,10.0,3.0,7.0,7.0,DEN,ATL,0,1,3,1,3,1,0.1180092594637416,0.2668297407090273,0.0071385154551671,0.3748920318758947,0.0668263485090535,0.0041224876475463,0.1621816163395691,0.0,0.0,-2.095015140969441,1.5094705570057108,,,0.3950539562152988,0.6049460437847012,0.2932207693536697,0.7067792306463303,0.6049460437847012,0.05888471184731932,,,2016
2014-09-15,2014091500.0,3.0,1,2.0,09:01,10,3241.0,40.0,IND,35.0,65.0,3.0,9.0,0.0,0.0,IND,PHI,(9:01) (Run formation) T.Richardson right end to IND 37 for 2 yards (M.Kendricks; C.Barwin).,1,2.0,0,0,0,0,Run,,,0,,,0.0,0.0,0,,0,T.Richardson,00-0029675,1,right,end,,,0,M.Kendricks,0,0,0,0,0.0,0.0,3.0,-3.0,3.0,IND,PHI,0,3,3,3,3,3,0.0049604704156353,0.1347489881056109,0.0020506632051864,0.2033702393462818,0.2495115196871751,0.0038517507004061,0.4015063685397042,0.0,0.0,1.7348426740890883,0.0753751585242548,,,0.4532519006352802,0.5467480993647198,0.4569291538916797,0.5430708461083202,0.4532519006352802,0.0036772532563995,,,2014
2014-09-21,2014092111.0,20.0,4,3.0,13:15,14,795.0,25.0,KC,27.0,73.0,2.0,24.0,0.0,0.0,KC,MIA,(13:15) (Shotgun) A.Smith pass incomplete short middle to D.Bowe.,1,0.0,0,0,0,0,Pass,A.Smith,00-0023436,1,Incomplete Pass,Short,5.0,0.0,0,middle,0,,,0,,,D.Bowe,00-0025410,0,,0,0,0,0,0.0,21.0,15.0,6.0,6.0,MIA,KC,0,3,3,3,3,3,0.0721225136822131,0.1723484354976486,0.0045024873763039,0.2498798064796419,0.1639633940083219,0.0031073169807878,0.3340760459750824,0.0,0.0,0.5614282112090718,-1.829756525272944,1.0883515859347714,-2.918108111207715,0.2735826235377361,0.7264173764622639,0.344506661091889,0.655493338908111,0.7264173764622639,-0.05867359827459407,0.0394363906344166,-0.06361267904339468,2014
2016-09-11,2016091105.0,2.0,1,3.0,12:47,13,3467.0,45.0,NO,29.0,29.0,18.0,-8.0,0.0,0.0,OAK,NO,"(12:47) (Shotgun) D.Carr pass short right to A.Cooper to NO 29 for no gain. FUMBLES, ball out of bounds at NO 29. Pass -2, YAC 2",1,0.0,0,0,0,0,Pass,D.Carr,00-0031280,1,Complete,Short,-2.0,0.0,0,right,0,,,0,,,A.Cooper,00-0031544,1,,1,0,0,0,0.0,0.0,0.0,0.0,0.0,NO,OAK,0,3,3,3,3,3,0.0008885072221705066,0.0713142159482153,0.0002970562988455935,0.1177930054325121,0.5029478203203587,0.0049558801634514,0.3018035146144462,0.0,0.0,2.592292025119181,-0.8884645050588604,-0.994086267588754,0.1056217625298936,0.4385013532430475,0.5614986467569525,0.4652364531407391,0.5347635468592609,0.5614986467569525,-0.0267350998976916,-0.0305225021029841,0.0037874022052925,2016
2009-11-08,2009110805.0,16.0,4,2.0,06:27,7,387.0,3.0,NE,47.0,47.0,10.0,41.0,0.0,0.0,MIA,NE,"(6:27) R.Brown left guard to NE 42 for 5 yards (G.Guyton, T.Banta-Cain).",1,5.0,0,0,0,0,Run,,,0,,,0.0,0.0,0,,0,R.Brown,00-0023437,1,left,guard,,,0,G.Guyton,0,0,0,0,0.0,17.0,24.0,-7.0,7.0,NE,MIA,0,3,2,3,2,3,0.1799726776588433,0.072413492202574,0.0005563505255191378,0.108210284053109,0.2833291121485523,0.0028699711675482,0.3526481122438538,0.0,0.0,2.348438898457206,-0.1878112070493167,,,0.7279000490844609,0.272099950915539,0.7421059893065048,0.2578940106934951,0.272099950915539,-0.0142059402220439,,,2009
2012-09-27,2012092700.0,26.0,4,,00:10,1,10.0,5.0,BAL,33.0,33.0,0.0,57.0,0.0,0.0,,,Timeout #2 by BAL at 00:10.,1,0.0,0,0,0,0,Timeout,,,0,,,0.0,0.0,0,,0,,,0,,,,,0,,0,0,0,0,0.0,,,,,BAL,CLE,1,0,2,0,1,0,0.0,0.0,0.0,0.0,0.0,0.0,0.0,0.0,0.0,0.0,0.0,,,,,,,,0.0,,,2012
2010-10-24,2010102407.0,14.0,3,,02:12,3,1032.0,25.0,STL,41.0,41.0,0.0,23.0,0.0,,,,Timeout #1 by TB at 02:12.,1,0.0,0,0,0,0,Timeout,,,0,,,0.0,0.0,0,,0,,,0,,,,,0,,0,0,0,0,0.0,,,,,TB,STL,1,3,3,3,2,3,0.0,0.0,0.0,0.0,0.0,0.0,0.0,0.0,0.0,0.0,0.0,,,,,,,,0.0,,,2010
2010-10-17,2010101709.0,16.0,3,1.0,06:41,7,1301.0,0.0,DEN,20.0,80.0,10.0,3.0,0.0,0.0,DEN,NYJ,(6:41) K.Orton pass short left to E.Royal to DEN 23 for 3 yards (D.Coleman).,1,3.0,0,0,0,0,Pass,K.Orton,00-0023541,1,Complete,Short,1.0,0.0,0,left,0,,,0,,,E.Royal,00-0026182,1,D.Coleman,0,0,0,0,0.0,10.0,10.0,0.0,0.0,DEN,NYJ,0,3,3,2,3,2,0.0111387579430977,0.1751581668152062,0.0064225674676852,0.2688297562587827,0.2149652073724568,0.0034915755567307,0.3199939685860404,0.0,0.0,0.4717086241406469,-0.2827412762503967,-0.6192410219391407,0.3364997456887439,0.4932474088108043,0.5067525911891957,0.4833043894666913,0.5166956105333087,0.4932474088108043,-0.009943019344113,-0.0202951604141378,0.0103521410700248,2010
2010-10-10,2010101005.0,20.0,3,1.0,08:50,9,1430.0,10.0,CAR,47.0,53.0,10.0,16.0,0.0,1.0,CAR,CHI,(8:50) J.Clausen pass deep right to B.LaFell to CHI 37 for 16 yards (C.Tillman).,1,16.0,0,0,0,0,Pass,J.Clausen,00-0027659,1,Complete,Deep,10.0,0.0,0,right,0,,,0,,,B.LaFell,00-0027681,1,C.Tillman,0,0,0,0,0.0,3.0,17.0,-14.0,14.0,CAR,CHI,0,3,3,3,3,3,0.0036396583592776,0.0926146722505316,0.0006657731319471396,0.1422743972366633,0.3092673437224546,0.0034856154041453,0.4480525398949802,0.0,0.0,2.796044697568384,0.9667592532732776,0.9667592532732776,0.0,0.1428776781406681,0.8571223218593319,0.160727912651632,0.839272087348368,0.1428776781406681,0.0178502345109639,0.0178502345109639,0.0,2010
2013-10-27,2013102700.0,5.0,1,1.0,02:28,3,2848.0,16.0,DAL,3.0,3.0,3.0,88.0,1.0,0.0,DET,DAL,(2:28) R.Bush left tackle to DAL 2 for 1 yard (S.Lee).,1,1.0,0,0,0,0,Run,,,0,,,0.0,0.0,0,,0,R.Bush,00-0024217,1,left,tackle,,,0,S.Lee,0,0,0,0,0.0,0.0,0.0,0.0,0.0,DET,DAL,0,3,3,2,3,2,0.0020834416422388,0.0096982225307199,1.866680912447075e-05,0.0121727776030013,0.1658572374205621,0.0019603601064643,0.7325144085922225,0.0,0.0,6.04461604525842,-0.2037725640200536,,,0.6930804278111762,0.3069195721888238,0.6831909823406365,0.3168090176593635,0.6930804278111762,-0.0098894454705397,,,2013
2014-11-02,2014110206.0,7.0,2,2.0,05:50,6,2150.0,7.0,MIN,37.0,63.0,15.0,19.0,0.0,0.0,MIN,WAS,(5:50) (Shotgun) T.Bridgewater pass short right to J.McKinnon to MIN 33 for -4 yards (P.Riley).,1,-4.0,0,0,0,0,Pass,T.Bridgewater,00-0031237,1,Complete,Short,-4.0,0.0,0,right,0,,,0,,,J.McKinnon,00-0031376,1,P.Riley,0,0,0,0,0.0,0.0,10.0,-10.0,10.0,MIN,WAS,0,3,3,3,3,3,0.2751535954612564,0.1030170748116391,0.0018289642686057,0.1545339753148907,0.204795000283911,0.00276510905393,0.2579062808057668,0.0,0.0,1.0308122044235972,-1.1166504049389476,-1.1166504049389476,0.0,0.208514414748152,0.791485585251848,0.181090746801346,0.818909253198654,0.208514414748152,-0.027423667946806,-0.027423667946806,0.0,2014
2015-11-29,2015112910.0,13.0,3,1.0,12:49,13,1669.0,8.0,PIT,15.0,85.0,10.0,-2.0,0.0,0.0,PIT,SEA,(12:49) (Shotgun) B.Roethlisberger sacked at PIT 13 for -2 yards (C.Avril).,1,-2.0,0,0,0,0,Sack,,00-0022924,0,,,0.0,0.0,1,,0,,,0,,,,,0,C.Avril,0,1,0,0,0.0,18.0,14.0,4.0,4.0,SEA,PIT,0,3,3,3,3,3,0.0027725031181581,0.1958773525087894,0.009553273933919493,0.305071620881118,0.1947968734363647,0.0034780826875067,0.2882358864406051,0.0,0.0,-0.1336707747807661,-1.046059101230074,,,0.3837821019462327,0.6162178980537673,0.4211068347649217,0.5788931652350783,0.6162178980537673,-0.0373247328186889,,,2015
2015-11-15,2015111502.0,15.0,3,1.0,00:20,1,920.0,44.0,TB,36.0,64.0,10.0,51.0,0.0,0.0,TB,DAL,(:20) J.Winston pass deep middle to A.Humphries to DAL 45 for 19 yards (B.Church) [R.McClain].,1,17.5,0,0,0,0,Pass,J.Winston,00-0031503,1,Complete,Deep,10.0,0.0,1,middle,0,,,0,,,A.Humphries,00-0032009,1,,0,0,0,0,0.0,3.0,6.0,-3.0,3.0,TB,DAL,0,3,3,3,3,3,0.0358946461708242,0.1171208393015936,0.0016243260046768,0.1767646331326102,0.2678129179161714,0.0033943904756096,0.397388246998514,0.0,0.0,1.9999816618469253,1.353403428651776,1.2348263898011296,0.1185770388506464,0.4390825092269063,0.5609174907730936,0.4862296740296847,0.5137703259703152,0.4390825092269063,0.0471471648027784,0.0430279909391537,0.0041191738636246,2015
2012-09-09,2012090904.0,10.0,2,,00:44,1,1844.0,8.0,TEN,35.0,35.0,0.0,20.0,0.0,0.0,,,Timeout #2 by NE at 00:44.,1,0.0,0,0,0,0,Timeout,,,0,,,0.0,0.0,0,,0,,,0,,,,,0,,0,0,0,0,0.0,,,,,TEN,NE,1,2,1,2,1,1,0.0,0.0,0.0,0.0,0.0,0.0,0.0,0.0,0.0,0.0,0.0,,,,,,,,0.0,,,2012
2011-11-28,2011112800.0,1.0,1,3.0,11:01,12,3361.0,19.0,NYG,23.0,23.0,15.0,47.0,0.0,0.0,NO,NYG,"(11:01) (Shotgun) D.Brees pass short right to D.Sproles to NYG 15 for 8 yards (J.Williams; D.Tollefson). PENALTY on NO-J.Graham, Offensive Pass Interference, 10 yards, enforced at NYG 23 - No Play.",1,8.0,0,0,0,0,No Play,D.Brees,,1,Complete,Short,0.0,0.0,0,right,0,,,0,,,D.Sproles,,1,J.Williams,0,0,0,1,0.0,0.0,0.0,0.0,0.0,NO,NYG,0,3,3,3,3,3,0.0011233687361857,0.0559883555754464,0.0001800055296541206,0.0924818547389471,0.5378049007134895,0.004464082811541,0.307957431894736,0.0,0.0,2.9623468300684253,-0.7136119820471594,,,0.5772877660418888,0.4227122339581112,0.5551643934252622,0.4448356065747377,0.5772877660418888,-0.0221233726166265,,,2011
2016-10-16,2016101602.0,2.0,1,1.0,08:47,9,3227.0,37.0,DET,48.0,48.0,10.0,32.0,0.0,0.0,LA,DET,(8:47) T.Gurley up the middle to DET 43 for 5 yards (T.Whitehead).,1,5.0,0,0,0,0,Run,,,0,,,0.0,0.0,0,,0,T.Gurley,00-0032241,1,middle,,,,0,T.Whitehead,0,0,0,0,0.0,0.0,7.0,-7.0,7.0,DET,LA,0,3,3,3,3,3,0.0032187163398972,0.0802754547246867,0.0004265949808089946,0.1232144424922096,0.3232091602243109,0.0033980906228567,0.4662575406152298,0.0,0.0,3.13604579464411,0.0443997228506836,,,0.6290989935143104,0.3709010064856896,0.6263180876087642,0.3736819123912357,0.3709010064856896,0.0027809059055461,,,2016
2010-12-05,2010120501.0,8.0,2,4.0,10:53,11,2453.0,5.0,CLE,40.0,60.0,6.0,4.0,0.0,1.0,CLE,MIA,"(10:53) (Punt formation) R.Hodges punts 40 yards to MIA 20, Center-R.Pontbriand, fair catch by D.Bess.",1,0.0,0,0,0,0,Punt,,,0,,,0.0,0.0,0,,0,,,0,,,,,0,,0,0,0,0,0.0,0.0,0.0,0.0,0.0,MIA,CLE,0,3,3,3,3,3,0.1207435986265848,0.1977811020187874,0.0032013789938501,0.2875076920850781,0.177433865376747,0.0052551548641334,0.2080772080348191,0.0,0.0,-0.6129475465373679,0.0285067370239016,,,0.5421032077055731,0.4578967922944269,0.4944748988777269,0.5055251011222731,0.4578967922944269,0.0476283088278461,,,2010
2011-10-09,2011100904.0,34.0,4,1.0,00:15,1,15.0,9.0,SEA,42.0,58.0,10.0,-1.0,0.0,0.0,SEA,NYG,(:15) C.Whitehurst kneels to SEA 41 for -1 yards.,1,-1.0,0,0,0,0,QB Kneel,,,0,,,0.0,0.0,0,,0,,00-0024296,0,,,,,0,,0,0,0,0,0.0,35.0,25.0,10.0,10.0,NYG,SEA,0,3,2,3,2,3,0.4257920474265128,0.0,0.0,0.0,0.0,0.0,0.0,0.0,0.0,0.0,0.0,,,0.0322602600853477,0.9677397399146522,0.0,1.0,0.9677397399146522,0.0322602600853477,,,2011
2011-10-16,2011101600.0,6.0,1,1.0,03:13,4,2893.0,11.0,BUF,22.0,78.0,10.0,7.0,0.0,0.0,BUF,NYG,(3:13) F.Jackson left end pushed ob at BUF 29 for 7 yards (A.Rolle).,1,7.0,0,0,0,0,Run,,,0,,,0.0,0.0,0,,0,F.Jackson,00-0024204,1,left,end,,,0,A.Rolle,0,0,0,0,0.0,7.0,7.0,0.0,0.0,NYG,BUF,0,3,3,3,3,3,0.024471241824598,0.1648166552439859,0.0053392726794117,0.2508995699672674,0.2208799029479176,0.0034399345979821,0.3301534227388369,0.0,0.0,0.7191680363499222,0.5445537800622733,,,0.4928303783817389,0.5071696216182611,0.4793000987745941,0.5206999012254059,0.5071696216182611,0.0135302796071448,,,2011
2013-10-06,2013100607.0,27.0,4,2.0,01:32,2,92.0,5.0,KC,49.0,49.0,1.0,31.0,0.0,0.0,TEN,KC,(1:32) (Shotgun) R.Fitzpatrick pass incomplete deep middle to J.Hunter.,1,0.0,0,0,0,0,Pass,R.Fitzpatrick,00-0023682,1,Incomplete Pass,Deep,10.0,0.0,0,middle,0,,,0,,,J.Hunter,00-0030521,0,,0,0,0,0,0.0,23.0,19.0,4.0,4.0,TEN,KC,0,0,0,3,0,3,0.4257920474265128,0.030901514483999,0.0003443763709607744,0.0215227704518112,0.2217838464332638,0.0006531351020586263,0.23906528154915,0.0,0.0,2.096062090991361,-0.295784659043365,0.6297377945741442,-0.9255224536175092,0.9005869025180824,0.0994130974819176,0.9073971738650513,0.0926028261349487,0.9005869025180824,0.0068102713469688,0.0253197720628175,-0.0185095007158486,2013
2014-11-16,2014111607.0,16.0,3,2.0,05:11,6,1211.0,37.0,DEN,48.0,48.0,6.0,31.0,0.0,1.0,STL,DEN,(5:11) T.Mason left end pushed ob at DEN 21 for 27 yards (R.Moore).,1,17.5,0,0,0,0,Run,,,0,,,0.0,0.0,0,,0,T.Mason,00-0031391,1,left,end,,,0,R.Moore,0,0,0,0,0.0,13.0,7.0,6.0,6.0,STL,DEN,0,3,3,3,3,3,0.0081914385854926,0.0894457218787779,0.0006706873402651321,0.136354709189205,0.3269618014916018,0.0035954768996884,0.434780164614969,0.0,0.0,2.8073760059376665,1.603190374873274,,,0.7881263180368774,0.2118736819631226,0.8302227011952695,0.1697772988047304,0.7881263180368774,0.0420963831583921,,,2014
2016-09-11,2016091111.0,21.0,4,2.0,00:21,1,21.0,0.0,IND,47.0,47.0,1.0,50.0,0.0,0.0,DET,IND,(:21) (Shotgun) M.Stafford pass short left to M.Jones to IND 25 for 22 yards (A.Cromartie).,1,17.5,0,0,0,0,Pass,M.Stafford,00-0026498,1,Complete,Short,10.0,0.0,0,left,0,,,0,,,M.Jones,00-0029293,1,A.Cromartie,0,0,0,0,0.0,34.0,35.0,-1.0,1.0,IND,DET,0,1,1,1,1,1,0.4257920474265128,0.025636150500076,0.0002591787887898735,0.017815374471846,0.2006995684510854,0.0005668370705494845,0.2146748386858098,0.0,0.0,1.903821819914294,0.8880345252862196,0.5410747142786145,0.3469598110076051,0.2102665143138408,0.7897334856861592,0.0491840684603772,0.9508159315396228,0.7897334856861592,0.05888471184731932,0.10628588579079232,0.0374493469075136,2016
2010-11-07,2010110706.0,2.0,1,2.0,05:54,6,3054.0,37.0,TB,41.0,59.0,5.0,16.0,0.0,0.0,TB,ATL,(5:54) C.Williams left guard to TB 42 for 1 yard (S.Nicholas).,1,1.0,0,0,0,0,Run,,,0,,,0.0,0.0,0,,0,C.Williams,00-0023440,1,left,guard,,,0,S.Nicholas,0,0,0,0,0.0,0.0,7.0,-7.0,7.0,ATL,TB,0,3,3,3,3,3,0.0091125646322257,0.1197246497814,0.0014808820897127,0.1816510598525192,0.2799742658966128,0.0037927674590161,0.4042638102885132,0.0,0.0,2.0436618721362025,-0.6554742460757725,,,0.6632148135061545,0.3367851864938455,0.6864264679988963,0.3135735320011037,0.3367851864938455,-0.0232116544927417,,,2010
2015-10-18,2015101811.0,9.0,2,1.0,02:38,3,1958.0,0.0,NE,20.0,80.0,10.0,35.0,0.0,0.0,NE,IND,(2:38) (Shotgun) T.Brady pass deep right to D.Amendola to IND 45 for 35 yards (D.Jackson; G.Toler).,1,17.5,0,0,0,0,Pass,T.Brady,00-0019596,1,Complete,Deep,10.0,0.0,0,right,0,,,0,,,D.Amendola,00-0026035,1,D.Jackson,0,0,0,0,0.0,17.0,20.0,-3.0,3.0,IND,NE,0,1,1,1,1,1,0.4257920474265128,0.0801703496635377,0.0028909541841289,0.1178321483044587,0.1058179009148475,0.001588714901589,0.1626671934261207,0.0,0.0,0.3881834910404834,1.9179575297955105,1.4105363820542292,0.5074211477412813,0.5944099081431627,0.4055900918568372,0.5337200410062739,0.4662799589937261,0.4055900918568372,0.05888471184731932,0.0453906860323699,0.0152991811045189,2015
2011-12-04,2011120413.0,18.0,4,,02:00,2,120.0,10.0,NE,47.0,47.0,0.0,4.0,0.0,0.0,,,Two-Minute Warning,1,0.0,0,0,0,0,Two Minute Warning,,,0,,,0.0,0.0,0,,0,,,0,,,,,0,,0,0,0,0,0.0,,,,,NE,IND,0,3,3,3,3,3,0.0,0.0,0.0,0.0,0.0,0.0,0.0,0.0,0.0,0.0,1.7973519607330444,,,,,,,,,,,2011
2015-10-18,2015101805.0,4.0,1,1.0,02:03,3,2823.0,23.0,CLE,30.0,70.0,10.0,13.0,0.0,0.0,CLE,DEN,(2:03) I.Crowell right tackle to CLE 32 for 2 yards (D.Trevathan; V.Walker).,1,2.0,0,0,0,0,Run,,,0,,,0.0,0.0,0,,0,I.Crowell,00-0030656,1,right,tackle,,,0,D.Trevathan,0,0,0,0,0.0,0.0,3.0,-3.0,3.0,CLE,DEN,0,3,3,2,3,2,0.0274585286116141,0.1374262821320733,0.0027428091338187,0.2084046467642704,0.2494723840214588,0.0034606441047776,0.3710347052319868,0.0,0.0,1.4759843848840888,-0.4191308446112451,,,0.4484563806609493,0.5515436193390507,0.4322490936241855,0.5677509063758145,0.4484563806609493,-0.0162072870367637,,,2015
2016-10-24,2016102400.0,17.0,3,,01:26,2,986.0,29.0,HOU,33.0,33.0,0.0,70.0,0.0,,,,Timeout #2 by DEN at 01:26.,1,0.0,0,0,0,0,Timeout,,,0,,,0.0,0.0,0,,0,,,0,,,,,0,,0,0,0,0,0.0,,,,,DEN,HOU,1,3,2,3,1,3,0.0,0.0,0.0,0.0,0.0,0.0,0.0,0.0,0.0,0.0,0.0,,,,,,,,0.0,,,2016
2013-11-18,2013111800.0,9.0,3,2.0,06:45,7,1305.0,24.0,NE,46.0,46.0,7.0,41.0,0.0,0.0,CAR,NE,(6:45) De.Williams left guard to NE 40 for 6 yards (J.Vellano).,1,6.0,0,0,0,0,Run,,,0,,,0.0,0.0,0,,0,De.Williams,00-0024242,1,left,guard,,,0,J.Vellano,0,0,0,0,0.0,10.0,10.0,0.0,0.0,CAR,NE,0,3,3,3,3,3,0.0053501908724525,0.0863976213008635,0.0006043439773797657,0.1326771510638459,0.3382654467249706,0.0036006077796248,0.4331046382808629,0.0,0.0,2.8645884143959304,0.5428159888517929,,,0.5772391786740211,0.4227608213259789,0.5963684201426109,0.403631579857389,0.5772391786740211,0.0191292414685898,,,2013
2012-11-18,2012111800.0,18.0,4,1.0,14:03,15,843.0,7.0,PHI,19.0,81.0,10.0,-5.0,0.0,0.0,PHI,WAS,(14:03) (Shotgun) N.Foles pass incomplete short middle to J.Maclin (D.Gomes).,1,0.0,0,0,0,0,Pass,N.Foles,00-0029567,1,Incomplete Pass,Short,7.0,0.0,0,middle,0,,,0,,,J.Maclin,00-0026995,0,,0,0,0,0,0.0,6.0,24.0,-18.0,18.0,WAS,PHI,0,3,2,3,2,3,0.0676579770011609,0.165867816573116,0.006417618404711,0.2502308801428012,0.2018981476284809,0.0032219292529564,0.3047056309967735,0.0,0.0,0.4830228708403921,-0.7291196257799846,0.5231014538355536,-1.2522210796155382,0.9536951502240202,0.0463048497759798,0.9598304752406472,0.0401695247593527,0.0463048497759798,-0.006135325016627,0.0043323841886893,-0.0104677092053164,2012
2016-11-06,2016110610.0,11.0,2,,01:56,2,1916.0,4.0,TEN,8.0,8.0,0.0,10.0,0.0,,,,Timeout #1 by TEN at 01:56.,1,0.0,0,0,0,0,Timeout,,,0,,,0.0,0.0,0,,0,,,0,,,,,0,,0,0,0,0,0.0,,,,,SD,TEN,1,3,1,3,1,2,0.0,0.0,0.0,0.0,0.0,0.0,0.0,0.0,0.0,0.0,0.0,,,,,,,,0.0,,,2016
2010-11-14,2010111400.0,23.0,4,4.0,03:28,4,208.0,0.0,MIA,39.0,39.0,20.0,38.0,0.0,1.0,TEN,MIA,(3:28) (Shotgun) V.Young pass deep middle intended for J.Gage INTERCEPTED by R.Jones at MIA -8. Touchback.,1,0.0,0,0,0,0,Pass,V.Young,00-0024218,1,Incomplete Pass,Deep,10.0,0.0,0,middle,1,,,0,,,,00-0021982,0,,0,0,0,0,0.0,17.0,29.0,-12.0,12.0,MIA,TEN,0,2,2,2,2,2,0.3468863129451128,0.0779170078223889,0.0008519004184585339,0.1109247609511753,0.357281140528728,0.0037906515075947,0.1023482258265414,0.0,0.0,0.7839341544248518,-1.1991010458836455,4.214854987950023,-3.1387746044711373,0.9522787132858188,0.0477212867141812,0.9637030847331716,0.0362969152668284,0.0477212867141812,-0.0114243714473528,0.10628588579079232,-0.06361267904339468,2010
2014-12-28,2014122806.0,1.0,1,3.0,11:04,12,3364.0,40.0,CHI,29.0,71.0,13.0,14.0,0.0,0.0,CHI,MIN,(11:04) (Shotgun) J.Cutler pass short middle to M.Forte to CHI 34 for 5 yards (A.Cole; G.Hodges).,1,5.0,0,0,0,0,Pass,J.Cutler,00-0024226,1,Complete,Short,4.0,0.0,0,middle,0,,,0,,,M.Forte,00-0026184,1,A.Cole,0,0,0,0,0.0,0.0,0.0,0.0,0.0,MIN,CHI,0,2,3,2,3,2,0.0033757775222214,0.2138133133508855,0.0052962569845189,0.3316332355724038,0.1965495526039246,0.0048612882531188,0.2444705757129268,0.0,0.0,-0.6627998387200211,-0.8970143267976356,-1.0224473468301118,0.1254330200324762,0.5479669440208783,0.4520330559791217,0.5737580414375323,0.4262419585624677,0.4520330559791217,-0.0257910974166539,-0.0302232561245205,0.0044321587078665,2014
2010-12-13,2010121301.0,23.0,4,3.0,11:45,12,705.0,41.0,MIN,25.0,75.0,15.0,-4.0,0.0,0.0,MIN,NYG,(11:45) (Shotgun) J.Webb pass short left to T.Gerhart to MIN 26 for 1 yard (J.Tuck).,1,1.0,0,0,0,0,Pass,J.Webb,00-0027796,1,Complete,Short,-5.0,0.0,0,left,0,,,0,,,T.Gerhart,00-0027888,1,J.Tuck,0,0,0,0,0.0,3.0,21.0,-18.0,18.0,MIN,NYG,0,3,3,3,3,3,0.1025363080372962,0.2048997475319126,0.0059520242044578,0.306934015813821,0.1624862207474976,0.0042390160889595,0.212952667576055,0.0,0.0,-0.7885360342486041,-1.078104243167341,-1.5718938245735847,0.4937895814062436,0.0324135718928658,0.967586428107134,0.0241187315237746,0.9758812684762254,0.0324135718928658,-0.0082948403690912,-0.0103674998148504,0.0020726594457592,2010
2011-12-11,2011121104.0,19.0,4,,06:57,7,417.0,12.0,BAL,20.0,20.0,0.0,0.0,0.0,0.0,,,Timeout #1 by BAL at 06:57.,1,0.0,0,0,0,0,Timeout,,,0,,,0.0,0.0,0,,0,,,0,,,,,0,,0,0,0,0,0.0,,,,,BAL,IND,1,3,3,3,2,3,0.0,0.0,0.0,0.0,0.0,0.0,0.0,0.0,0.0,0.0,0.0,,,,,,,,0.0,,,2011
2010-12-26,2010122608.0,20.0,3,1.0,04:49,5,1189.0,8.0,WAS,32.0,68.0,10.0,17.0,0.0,1.0,WAS,JAC,(4:49) R.Torain left end to WAS 49 for 17 yards (D.Carey).,1,17.0,0,0,0,0,Run,,,0,,,0.0,0.0,0,,0,R.Torain,00-0026279,1,left,end,,,0,D.Carey,0,0,0,0,0.0,10.0,10.0,0.0,0.0,JAC,WAS,0,3,3,3,3,3,0.0136766001933078,0.1339047891374688,0.0023740899265294,0.204284826624965,0.259193332234285,0.0035373543734336,0.3830290075100102,0.0,0.0,1.629401424379573,1.345543308850234,,,0.4673506765671226,0.5326493234328774,0.4202400110979032,0.5797599889020968,0.5326493234328774,0.0471106654692193,,,2010
2012-11-01,2012110100.0,4.0,2,2.0,06:22,7,2182.0,42.0,KC,41.0,59.0,6.0,22.0,0.0,0.0,KC,SD,"(6:22) P.Hillis right end to KC 42 for 1 yard (E.Weddle, V.Martin).",1,1.0,0,0,0,0,Run,,,0,,,0.0,0.0,0,,0,P.Hillis,00-0026367,1,right,end,,,0,E.Weddle,0,0,0,0,0.0,0.0,10.0,-10.0,10.0,SD,KC,0,2,2,2,2,2,0.2333693094357376,0.0903613804276843,0.0011373533194146,0.1331704591938979,0.2213370986690838,0.0028167461909733,0.3178076527632081,0.0,0.0,1.688746295452487,-0.586592124734107,,,0.7746914419870427,0.2253085580129573,0.7905936657636989,0.2094063342363011,0.2253085580129573,-0.0159022237766562,,,2012
2009-10-11,2009101111.0,15.0,2,,00:00,0,1800.0,42.0,SEA,9.0,9.0,0.0,3.0,0.0,0.0,,,END QUARTER 2,1,0.0,0,0,0,0,Quarter End,,,0,,,0.0,0.0,0,,0,,,0,,,,,0,,0,0,0,0,0.0,,,,,SEA,JAC,0,1,2,1,2,1,0.0,0.0,0.0,0.0,0.0,0.0,0.0,0.0,0.0,0.0,0.0,,,,,,,,0.0,,,2009
2015-11-22,2015112200.0,19.0,4,1.0,06:41,7,401.0,46.0,DEN,47.0,53.0,10.0,47.0,0.0,0.0,DEN,CHI,(6:41) R.Hillman right guard to CHI 49 for 4 yards (B.Gaston).,1,4.0,0,0,0,0,Run,,,0,,,0.0,0.0,0,,0,R.Hillman,00-0029683,1,right,guard,,,0,B.Gaston,0,0,0,0,0.0,17.0,9.0,8.0,8.0,CHI,DEN,0,2,3,2,3,2,0.1837097226552531,0.0715757667725414,0.0005068562537018696,0.1057525381691787,0.255196902533363,0.0026795510402951,0.3805786625756667,0.0,0.0,2.478991667701067,-0.1325689231954636,,,0.105528676373982,0.894471323626018,0.1000825199742636,0.8999174800257363,0.894471323626018,0.0054461563997183,,,2015
2011-10-23,2011102303.0,7.0,1,,02:57,3,2877.0,4.0,ATL,30.0,30.0,0.0,0.0,0.0,,DET,ATL,"M.Bosher kicks 73 yards from ATL 30 to DET -3. S.Logan to DET 27 for 30 yards (A.Dent). FUMBLES (A.Dent), RECOVERED by ATL-J.Snelling at DET 28. J.Snelling to DET 28 for no gain (S.Logan).",1,17.5,0,0,0,0,Kickoff,,,0,,,0.0,0.0,0,,0,,,0,,,,,0,A.Dent,1,0,0,0,0.0,3.0,3.0,0.0,0.0,DET,ATL,0,3,3,2,3,2,0.0270177537509087,0.1710582488306688,0.0062517458732142,0.2603198174940292,0.212949250669164,0.0034059133957814,0.3189972699862334,0.0,0.0,0.53072350800605,-2.3435852439389357,,,0.514814424699476,0.485185575300524,0.3991752739032168,0.6008247260967832,0.514814424699476,-0.05867359827459407,,,2011
2010-10-31,2010103100.0,9.0,2,3.0,00:15,1,1815.0,0.0,DEN,40.0,60.0,20.5,32.0,0.0,0.0,DEN,SF,(:15) (Shotgun) K.Orton pass short right to C.Buckhalter ran ob at 50 for 10 yards (N.Bowman).,1,10.0,0,0,0,0,Pass,K.Orton,00-0023541,1,Complete,Short,-2.0,0.0,0,right,0,,,0,,,C.Buckhalter,00-0020270,1,N.Bowman,0,0,0,0,0.0,0.0,3.0,-3.0,3.0,SF,DEN,0,2,2,2,2,2,0.4257920474265128,0.05099704310412,0.0015069600571682,0.0378931756142774,0.1505961400914702,0.0007783666086326945,0.0838744640348938,0.0,0.0,0.6192091230092941,-0.080881629475636,-0.460623065229871,0.379741435754235,0.5753506115404391,0.4246493884595609,0.578064782188409,0.421935217811591,0.4246493884595609,-0.0027141706479698,-0.0155568273336653,0.0128426566856955,2010
2013-11-03,2013110305.0,3.0,2,3.0,11:59,12,2519.0,45.0,WAS,36.0,36.0,4.0,44.0,0.0,0.0,SD,WAS,(11:59) (Shotgun) P.Rivers pass incomplete deep right to A.Gates (P.Riley).,1,0.0,0,0,0,0,Pass,P.Rivers,00-0022942,1,Incomplete Pass,Deep,10.0,0.0,0,right,0,,,0,,,A.Gates,00-0021547,0,,0,0,0,0,0.0,0.0,0.0,0.0,0.0,WAS,SD,0,3,3,3,3,3,0.0445478199421608,0.0690482628637898,0.00037583320185251306,0.1059696387046866,0.3924668793608451,0.0034581567854798,0.3841334091411852,0.0,0.0,2.9235668897139107,-1.484904065961062,2.1684052786221866,-3.1387746044711373,0.4366455407216566,0.5633544592783434,0.4838428230928842,0.5161571769071158,0.5633544592783434,-0.0471972823712275,0.0764175027379395,-0.06361267904339468,2013
2013-12-29,2013122913.0,8.0,2,3.0,07:28,8,2248.0,25.0,DEN,24.0,76.0,6.0,11.0,0.0,1.0,DEN,OAK,"(7:28) (No Huddle, Shotgun) P.Manning pass short left to J.Thomas to DEN 31 for 7 yards (P.Adams).",1,7.0,0,0,0,0,Pass,P.Manning,00-0010346,1,Complete,Short,1.0,0.0,0,left,0,,,0,,,J.Thomas,00-0028067,1,P.Adams,0,0,0,0,0.0,17.0,0.0,17.0,17.0,OAK,DEN,0,3,3,3,3,3,0.2485104679773258,0.162174229009796,0.0048480099659645,0.2360997356621699,0.1296590763333062,0.0029951857676038,0.2157132952838334,0.0,0.0,-0.243956189074546,1.5952314209470757,-1.0927568274668051,2.659125528472397,0.0784106656515555,0.9215893343484444,0.058735190257553,0.941264809742447,0.9215893343484444,0.0196754753940024,-0.0135650934506711,0.0332405688446736,2013
2014-11-23,2014112303.0,21.0,4,2.0,00:20,1,20.0,0.0,CIN,20.0,20.0,10.0,70.0,0.0,1.0,HOU,CIN,(:20) (Shotgun) R.Mallett pass short left to J.Grimes pushed ob at CIN 10 for 10 yards (A.Jones).,1,10.0,0,0,0,0,Pass,R.Mallett,00-0028012,1,Complete,Short,3.0,0.0,0,left,0,,,0,,,J.Grimes,00-0029510,1,A.Jones,0,0,0,0,0.0,12.0,22.0,-10.0,10.0,HOU,CIN,0,0,0,1,0,1,0.3325665047604633,0.0182452578239493,7.351282118196604e-05,0.0134050004385823,0.386971744732676,0.0006432943005830582,0.2480946851225638,0.0,0.0,2.7501468164728524,1.1386348899736451,-0.2847752822132188,1.423410172186864,0.0321950475018786,0.9678049524981214,0.0520036743460134,0.9479963256539864,0.0321950475018786,0.0198086268441348,0.04572883396517,-0.0259202071210352,2014
2016-10-02,2016100203.0,17.0,4,4.0,10:13,11,613.0,44.0,DET,7.0,7.0,3.0,73.0,0.0,0.0,CHI,DET,"(10:13) (Field Goal formation) C.Barth 25 yard field goal is GOOD, Center-P.Scales, Holder-P.O'Donnell.",1,0.0,1,0,0,0,Field Goal,,,0,,,0.0,0.0,0,,0,,,0,,,,,0,,0,0,0,0,0.0,14.0,6.0,8.0,8.0,CHI,DET,0,3,3,3,3,3,0.0048865347168331,0.0049375260776451,8.195020802474944e-05,0.0075273387558469,0.5864579642145082,0.00022784839369188457,0.0069428519858582,0.0,0.0,2.907575660334777,0.0924243396652229,,,0.869487186559912,0.130512813440088,0.8710371446896099,0.1289628553103901,0.869487186559912,0.0015499581296979,,,2016
2010-10-24,2010102412.0,20.0,4,1.0,04:56,5,296.0,33.0,MIN,33.0,67.0,10.0,18.0,0.0,0.0,MIN,GB,(4:56) A.Peterson right tackle to MIN 35 for 2 yards (A.Hawk; C.Wilson).,1,2.0,0,0,0,0,Run,,,0,,,0.0,0.0,0,,0,A.Peterson,00-0025394,1,right,tackle,,,0,A.Hawk,0,0,0,0,0.0,24.0,27.0,-3.0,3.0,GB,MIN,0,3,3,3,3,3,0.3283817450299032,0.0853901109634988,0.0014067107681289,0.1259210125157391,0.181619431470633,0.002298808012693,0.2749821812394038,0.0,0.0,1.3339003370761835,-0.3337183408760529,,,0.5950029384622636,0.4049970615377364,0.6170041068006132,0.3829958931993867,0.4049970615377364,-0.0220011683383496,,,2010
2013-09-15,2013091506.0,8.0,2,2.0,08:39,9,2319.0,35.0,MIA,26.0,74.0,4.0,12.0,0.0,1.0,MIA,IND,(8:39) (Shotgun) R.Tannehill pass short middle to M.Wallace to MIA 32 for 6 yards (J.Freeman).,1,6.0,0,0,0,0,Pass,R.Tannehill,00-0029701,1,Complete,Short,2.0,0.0,0,middle,0,,,0,,,M.Wallace,00-0026901,1,J.Freeman,0,0,0,0,0.0,14.0,10.0,4.0,4.0,IND,MIA,0,3,3,3,3,3,0.1968535915782329,0.132875575505239,0.003228504170835,0.1944836629136777,0.1775093183816544,0.0030248336654731,0.2920245137848877,0.0,0.0,0.8162798437169927,0.6751451509854436,-0.1785286912519159,0.8536738422373595,0.3550365078724732,0.6449634921275268,0.3277190121799058,0.6722809878200942,0.6449634921275268,0.0273174956925673,-0.0058682264187062,0.0331857221112735,2013
2014-11-16,2014111605.0,1.0,1,2.0,09:49,10,3289.0,35.0,CIN,15.0,15.0,6.0,67.0,0.0,0.0,NO,CIN,"(9:49) D.Brees pass short left to E.Lorig to CIN 13 for 2 yards (V.Rey). Pass -3, YAC 5",1,2.0,0,0,0,0,Pass,D.Brees,00-0020531,1,Complete,Short,-3.0,0.0,0,left,0,,,0,,,E.Lorig,00-0027844,1,V.Rey,0,0,0,0,0.0,0.0,0.0,0.0,0.0,NO,CIN,0,2,2,3,2,3,0.0009934930496277262,0.0308912510336655,4.7416202651622704e-05,0.047937466143326,0.4319734693483686,0.0026325904160052,0.4855243138063551,0.0,0.0,4.27152493701202,-0.5371785361751522,-0.9384958146205972,0.401317278445445,0.6081375398707585,0.3918624601292415,0.5909468325029245,0.4090531674970755,0.6081375398707585,-0.017190707367834,-0.0320608184797959,0.0148701111119619,2014
2015-12-20,2015122012.0,20.0,3,1.0,06:04,7,1264.0,38.0,CIN,39.0,61.0,10.0,14.0,0.0,0.0,CIN,SF,(6:04) J.Hill right guard to CIN 40 for 1 yard (G.Hodges).,1,1.0,0,0,0,0,Run,,,0,,,0.0,0.0,0,,0,J.Hill,00-0031301,1,right,guard,,,0,G.Hodges,0,0,0,0,0.0,24.0,0.0,20.5,23.0,SF,CIN,0,3,3,3,3,3,0.0086363522932808,0.1134063111222532,0.0013186872150895,0.17332624295339,0.2838050182788781,0.0035332185776459,0.4159741695594622,0.0,0.0,2.2141606704374928,-0.5340631851203539,,,0.0032944587786646,0.9967055412213354,0.0042497392745175,0.9957502607254825,0.9967055412213354,-0.0009552804958529172,,,2015
2015-10-11,2015101105.0,2.0,1,1.0,13:23,14,3503.0,9.0,CLE,41.0,59.0,10.0,-1.0,0.0,0.0,CLE,BAL,(13:23) J.McCown pass short left to D.Johnson to CLE 40 for -1 yards (C.Upshaw).,1,-1.0,0,0,0,0,Pass,J.McCown,00-0021206,1,Complete,Short,-6.0,0.0,0,left,0,,,0,,,D.Johnson,00-0032257,1,C.Upshaw,0,0,0,0,0.0,0.0,0.0,0.0,0.0,BAL,CLE,0,3,3,3,3,3,0.0014237816175031,0.1108414994395039,0.0011495134590817,0.1721953607023258,0.2906771922641775,0.0036277902071335,0.4200848623102742,0.0,0.0,2.279690143225763,-0.8038865676565283,-1.463351718559281,0.6594651509027527,0.450178003322972,0.549821996677028,0.4729276195095835,0.5270723804904165,0.549821996677028,-0.0227496161866115,-0.0438701137112749,0.0211204975246633,2015
2014-11-16,2014111610.0,13.0,3,1.0,08:02,9,1382.0,41.0,ARI,49.0,51.0,10.0,22.0,0.0,0.0,ARI,DET,(8:02) A.Ellington up the middle to ARI 42 for -7 yards (K.Van Noy).,1,-7.0,0,0,0,0,Run,,,0,,,0.0,0.0,0,,0,A.Ellington,00-0030287,1,middle,,,,0,K.Van Noy,0,0,0,0,0.0,14.0,6.0,8.0,8.0,ARI,DET,0,3,3,3,3,3,0.0041792841500927,0.0872340419020649,0.0005553287773746916,0.1337260665671468,0.3148713026602668,0.0034403442346141,0.4559936317084397,0.0,0.0,2.9445547691781355,-1.418329001227878,,,0.8395482183260815,0.1604517816739185,0.8065911010010351,0.1934088989989648,0.8395482183260815,-0.0329571173250463,,,2014
2016-12-11,2016121112.0,19.0,3,2.0,07:25,8,1345.0,34.0,LA,39.0,39.0,5.0,15.0,0.0,0.0,ATL,LA,(7:25) D.Freeman right tackle to LA 39 for no gain (M.Brockers).,1,0.0,0,0,0,0,Run,,,0,,,0.0,0.0,0,,0,D.Freeman,00-0031285,1,right,tackle,,,0,M.Brockers,0,0,0,0,0.0,27.0,0.0,20.5,23.0,LA,ATL,0,3,3,3,3,3,0.0037200788711108,0.0672762561016373,0.0003178415407791096,0.1028788654129718,0.3565175848181428,0.0033593046780052,0.465930068577353,0.0,0.0,3.415165334574637,-0.7553494341576275,,,0.00029789955316039674,0.9997021004468396,0.00047100205603112233,0.9995289979439688,0.9997021004468396,-0.0001731025028707256,,,2016
2012-10-28,2012102802.0,11.0,2,2.0,01:19,2,1879.0,6.0,CLE,49.0,49.0,4.0,36.0,0.0,1.0,SD,CLE,(1:19) (Shotgun) P.Rivers pass short left to R.Brown ran ob at CLE 44 for 5 yards.,1,5.0,0,0,0,0,Pass,P.Rivers,00-0022942,1,Complete,Short,-3.0,0.0,0,left,0,,,0,,,R.Brown,00-0023437,1,,0,0,0,0,0.0,0.0,7.0,-7.0,7.0,CLE,SD,0,3,3,3,3,3,0.4257920474265128,0.0347978482256104,0.0004877374475972997,0.0249612476106313,0.2331441418873487,0.0006731406813850531,0.1999042576683141,0.0,0.0,1.8200107578565696,0.3408383258922134,-0.5810595287470197,0.9218978546392332,0.6725212322789587,0.3274787677210413,0.6605781132087241,0.3394218867912758,0.3274787677210413,0.0119431190702345,-0.020306438515799,0.0322495575860335,2012
2011-12-19,2011121900.0,10.0,3,1.0,11:40,12,1600.0,8.0,SF,47.0,53.0,10.0,2.0,0.0,0.0,SF,PIT,(11:40) F.Gore left end to SF 49 for 2 yards (J.Worilds).,1,2.0,0,0,0,0,Run,,,0,,,0.0,0.0,0,,0,F.Gore,00-0023500,1,left,end,,,0,J.Worilds,0,0,0,0,0.0,6.0,0.0,6.0,6.0,SF,PIT,0,3,3,3,3,3,0.0018453668607149,0.0936599003325198,0.0006749608629755167,0.144809263660832,0.3093904621602869,0.0035280436238941,0.4460920024987765,0.0,0.0,2.7618770228707503,-0.3604736213749029,,,0.7838315688318717,0.2161684311681283,0.7734015193547837,0.2265984806452162,0.7838315688318717,-0.0104300494770879,,,2011
2009-11-09,2009110900.0,4.0,1,4.0,00:07,1,2707.0,6.0,PIT,40.0,60.0,9.0,20.0,0.0,1.0,PIT,DEN,"(:07) D.Sepulveda punts 43 yards to DEN 17, Center-G.Warren. E.Royal to DEN 23 for 6 yards (R.Mundy).",1,6.0,0,0,0,0,Punt,,,0,,,0.0,0.0,0,,0,,,0,,,,,0,R.Mundy,0,0,0,0,0.0,0.0,3.0,-3.0,3.0,DEN,PIT,0,3,3,3,3,3,0.046898894471269,0.2189624479555014,0.0036980495795636,0.3182451070944544,0.2021001874349609,0.0058359051302692,0.2042594083339812,0.0,0.0,-0.8442109617835225,-0.0032557279378426,,,0.6477524743556189,0.3522475256443811,0.5934931237415733,0.4065068762584268,0.3522475256443811,0.0542593506140456,,,2009
2015-12-20,2015122003.0,3.0,1,4.0,08:45,9,3225.0,11.0,ATL,38.0,62.0,13.0,-3.0,0.0,1.0,ATL,JAC,"(8:45) M.Bosher punts 59 yards to JAC 3, Center-J.Harris, downed by ATL-N.Stupar.",1,0.0,0,0,0,0,Punt,,,0,,,0.0,0.0,0,,0,,,0,,,,,0,,0,0,0,0,0.0,7.0,0.0,7.0,7.0,JAC,ATL,0,3,3,3,3,3,0.0061152340760335,0.2425985334001642,0.0044850867258804,0.3555573758244804,0.1961092775115893,0.006114872387977125,0.1890026715119404,0.0,0.0,-1.3020572294054422,2.311291607352805,,,0.325005209650263,0.674994790349737,0.231942263398577,0.768057736601423,0.674994790349737,0.05888471184731932,,,2015
2010-01-03,2010010307.0,9.0,2,1.0,05:11,6,2111.0,26.0,NYG,33.0,33.0,10.0,59.0,0.0,1.0,MIN,NYG,(5:11) B.Favre pass short middle to V.Shiancoe to NYG 15 for 18 yards (B.Johnson).,1,17.5,0,0,0,0,Pass,B.Favre,00-0005106,1,Complete,Short,10.0,0.0,0,middle,0,,,0,,,V.Shiancoe,00-0022054,1,B.Johnson,0,0,0,0,0.0,17.0,0.0,17.0,17.0,MIN,NYG,0,2,2,2,2,2,0.1524259494034361,0.0399242987879607,8.433488834724713e-05,0.0586147456565968,0.3023361652225731,0.0023909403586651,0.4442235656824206,0.0,0.0,3.4911105504252395,0.6805474824044682,0.5280528880935105,0.1524945943109577,0.9645002156027056,0.0354997843972942,0.9707258088219364,0.0292741911780636,0.9645002156027056,0.0062255932192306,0.0048720343007994,0.0013535589184312,2009
2009-10-18,2009101811.0,20.0,3,1.0,00:49,1,949.0,0.0,BUF,42.0,42.0,10.0,38.0,0.0,0.0,NYJ,BUF,(:49) T.Jones right guard to BUF 34 for 8 yards (R.Corner).,1,8.0,0,0,0,0,Run,,,0,,,0.0,0.0,0,,0,T.Jones,00-0019641,1,right,guard,,,0,R.Corner,0,0,0,0,0.0,13.0,13.0,0.0,0.0,NYJ,BUF,0,2,2,3,2,3,0.0180922978635127,0.0641457619417243,0.00023557829716793093,0.096605852727131,0.3331834813630513,0.003119041205696,0.4846179866017167,0.0,0.0,3.5289650212031365,0.458840981455177,,,0.6125280663620448,0.3874719336379552,0.6313812329105662,0.3686187670894337,0.6125280663620448,0.0188531665485214,,,2009
2011-12-18,2011121801.0,29.0,4,1.0,05:34,6,334.0,7.0,BUF,33.0,67.0,10.0,3.0,0.0,0.0,BUF,MIA,(5:34) (Shotgun) R.Fitzpatrick pass short right to B.Smith to BUF 36 for 3 yards (V.Davis). Caught at BUF 35.,1,3.0,0,0,0,0,Pass,R.Fitzpatrick,00-0023682,1,Complete,Short,2.0,0.0,0,right,0,,,0,,,B.Smith,00-0024318,1,V.Davis,0,0,0,0,0.0,13.0,30.0,-17.0,17.0,BUF,MIA,0,2,2,2,2,2,0.2956630507646122,0.0897121617510042,0.0014787324948317,0.1324850490250724,0.1903510316816856,0.0024156361356889,0.2878943381471047,0.0,0.0,1.3916554409279849,-0.223027486349955,-0.3048997064546366,0.0818722201046815,0.0332044486444857,0.9667955513555144,0.0280267383634904,0.9719732616365095,0.0332044486444857,-0.0051777102809953,-0.0026118756413353,-0.0025658346396599,2011
2014-10-19,2014101909.0,12.0,2,1.0,00:07,1,1807.0,7.0,KC,23.0,77.0,10.0,-1.0,0.0,0.0,KC,SD,"(:07) A.Smith kneels, dead ball declared at KC 22 for -1 yards.",1,-1.0,0,0,0,0,QB Kneel,,,0,,,0.0,0.0,0,,0,,00-0023436,0,,,,,0,,0,0,0,0,0.0,10.0,14.0,-4.0,4.0,SD,KC,0,2,1,2,1,2,0.4257920474265128,0.0,0.0,0.0,0.0,0.0,0.0,0.0,0.0,0.0,0.0,,,0.63487608866366,0.36512391133634,,,0.36512391133634,,,,2014
2014-11-09,2014110908.0,14.0,3,4.0,13:02,14,1682.0,34.0,ARI,22.0,78.0,8.0,2.0,0.0,1.0,ARI,STL,"(13:02) D.Butler punts 48 yards to STL 30, Center-M.Leach, fair catch by T.Austin.",1,0.0,0,0,0,0,Punt,,,0,,,0.0,0.0,0,,0,,,0,,,,,0,,0,0,0,0,0.0,10.0,14.0,-4.0,4.0,ARI,STL,0,3,3,3,3,3,0.0022639049922461,0.297414982529223,0.007717626622211,0.4369367923515378,0.0731206086259829,0.0047485590429878,0.1777975258358111,0.0,0.0,-2.492796122478253,1.165122425476961,,,0.2706447786391179,0.729355221360882,0.3306492941465373,0.6693507058534627,0.2706447786391179,0.05888471184731932,,,2014
2014-11-09,2014110901.0,21.0,4,1.0,08:53,9,533.0,6.0,BUF,20.0,80.0,10.0,12.0,0.0,1.0,BUF,KC,"(8:53) (Shotgun) K.Orton pass short right to B.Brown pushed ob at BUF 32 for 12 yards (J.Johnson). Swing pass, caught at BUF 20.",1,12.0,0,0,0,0,Pass,K.Orton,00-0023541,1,Complete,Short,0.0,0.0,0,right,0,,,0,,,B.Brown,00-0029429,1,J.Johnson,0,0,0,0,0.0,13.0,17.0,-4.0,4.0,BUF,KC,0,3,3,3,3,3,0.1988826082307448,0.1382183899809631,0.0050115509472262,0.2060548396277106,0.1781317164915044,0.0027443376434645,0.2709565570783861,0.0,0.0,0.5695175750788293,0.9544251912503688,-0.6243366529183245,1.5787618441686933,0.3383135161148787,0.6616864838851213,0.3774509221990884,0.6225490778009115,0.3383135161148787,0.0391374060842097,-0.0260496603920706,0.05636049994176793,2014
2011-09-11,2011091100.0,2.0,1,2.0,11:51,12,3411.0,5.0,BAL,47.0,47.0,10.0,15.0,0.0,0.0,PIT,BAL,(11:51) B.Roethlisberger pass short right to M.Wallace to BAL 43 for 4 yards (L.Webb).,1,4.0,0,0,0,0,Pass,B.Roethlisberger,00-0022924,1,Complete,Short,2.0,0.0,0,right,0,,,0,,,M.Wallace,00-0026901,1,L.Webb,0,0,0,0,0.0,0.0,7.0,-7.0,7.0,BAL,PIT,0,3,3,3,3,3,0.0016258344272666,0.094323995494032,0.0007377613368630074,0.1476387054824516,0.3413865511905126,0.0037620141867481,0.4105251378821259,0.0,0.0,2.587441199586932,-0.3286967042930819,-0.6326593123946627,0.3039626081015807,0.6518468469910741,0.3481531530089259,0.6617485366345408,0.3382514633654591,0.3481531530089259,-0.0099016896434667,-0.021009892878752,0.0111082032352852,2011
2011-12-11,2011121106.0,26.0,4,,04:17,5,257.0,11.0,CAR,2.0,2.0,0.0,74.0,0.0,0.0,ATL,CAR,"M.Bryant extra point is GOOD, Center-J.Zelenka, Holder-M.Bosher.",1,0.0,1,0,0,0,Extra Point,,,0,,,0.0,0.0,0,,0,,,0,,,,,0,,0,0,0,0,0.0,30.0,23.0,7.0,7.0,CAR,ATL,0,3,2,3,2,3,0.0,0.0,0.0,0.0,0.0,0.0,0.0,0.9907954004544308,0.0,0.9907954004544308,0.009204599545569,,,0.1336885948776418,0.8663114051223582,0.1394191183654194,0.8605808816345806,0.8663114051223582,-0.0057305234877775,,,2011
2015-11-26,2015112602.0,1.0,1,2.0,14:48,15,3588.0,6.0,GB,15.0,85.0,10.0,29.0,0.0,1.0,GB,CHI,(14:48) (No Huddle) E.Lacy right tackle pushed ob at GB 44 for 29 yards (K.Fuller).,1,17.5,0,0,0,0,Run,,,0,,,0.0,0.0,0,,0,E.Lacy,00-0030485,1,right,tackle,,,0,K.Fuller,0,0,0,0,0.0,0.0,0.0,0.0,0.0,GB,CHI,0,3,3,3,3,3,0.001712218068285,0.2241887163474777,0.009553273933919493,0.3503216714919469,0.1676954890023269,0.003773348662901,0.2413360855980512,0.0,0.0,-0.9467770276249424,2.311291607352805,,,0.4493865696296044,0.5506134303703956,0.5534564211412979,0.4465435788587021,0.4493865696296044,0.05888471184731932,,,2015
2012-12-09,2012120908.0,10.0,2,3.0,09:42,10,2382.0,41.0,STL,44.0,56.0,5.0,7.0,0.0,0.0,STL,BUF,"(9:42) (Shotgun) S.Bradford up the middle to STL 42 for -2 yards (M.Williams). FUMBLES (M.Williams), and recovers at STL 43. S.Bradford to STL 46 for 3 yards (N.Barnett).",1,-2.0,0,0,0,0,Run,,,0,,,0.0,0.0,0,,0,S.Bradford,00-0027854,1,middle,,,,0,M.Williams,1,0,0,0,0.0,0.0,3.0,-3.0,3.0,BUF,STL,0,3,3,3,3,3,0.1192740309808819,0.1194425696673509,0.0015239111240301,0.1785974851286778,0.254414245800582,0.0036396322010534,0.3231081250974236,0.0,0.0,1.4207209503349607,-1.338098392909898,,,0.565916863172484,0.434083136827516,0.6054936157535113,0.3945063842464886,0.434083136827516,-0.0395767525810273,,,2012
2012-11-11,2012111101.0,2.0,1,1.0,10:42,11,3342.0,50.0,SD,48.0,48.0,10.0,32.0,0.0,0.0,TB,SD,(10:42) J.Freeman pass incomplete deep right to V.Jackson.,1,0.0,0,0,0,0,Pass,J.Freeman,00-0026993,1,Incomplete Pass,Deep,10.0,0.0,0,right,0,,,0,,,V.Jackson,00-0023496,0,,0,0,0,0,0.0,0.0,7.0,-7.0,7.0,TB,SD,0,3,3,3,3,3,0.0020337294609513,0.0809159566413715,0.0004307216142934664,0.1247395633830271,0.3234111168116637,0.0034272344036581,0.4650416776850347,0.0,0.0,3.1155933062036585,-0.5839641017470867,1.987780335395704,-2.5717444371427907,0.3674938567799758,0.6325061432200242,0.3481186967151652,0.6518813032848347,0.3674938567799758,-0.0193751600648105,0.0640425076263527,-0.06361267904339468,2012
2009-10-11,2009101100.0,4.0,2,2.0,10:56,11,2456.0,0.0,BAL,4.0,4.0,4.0,70.0,1.0,0.0,CIN,BAL,(10:56) (Shotgun) C.Palmer pass incomplete short left to C.Benson. C.Palmer rolls to left and throws pass out of end zone.,1,0.0,0,0,0,0,Pass,C.Palmer,00-0021429,1,Incomplete Pass,Short,4.0,0.0,0,left,0,,,0,,,C.Benson,00-0023439,0,,0,0,0,0,0.0,0.0,6.0,-6.0,6.0,BAL,CIN,0,2,1,2,1,2,0.0126376139029922,0.0128143501134969,3.850776278727542e-05,0.0155859210952874,0.2895073940518139,0.0023854031942391,0.6670308098793829,0.0,0.0,5.394887144166523,-0.7188020855856347,1.605112855833477,-2.323914941419112,0.5287756219544911,0.4712243780455089,0.5502086141563911,0.4497913858436089,0.4712243780455089,-0.0214329922018999,0.0487037620981793,-0.06361267904339468,2009
2014-12-28,2014122801.0,11.0,2,1.0,01:26,2,1886.0,34.0,CLE,42.0,42.0,10.0,2.0,0.0,0.0,BAL,CLE,(1:26) (Shotgun) J.Flacco pass incomplete short left to T.Smith.,1,0.0,0,0,0,0,Pass,J.Flacco,00-0026158,1,Incomplete Pass,Short,10.0,0.0,0,left,0,,,0,,,T.Smith,00-0027996,0,,0,0,0,0,0.0,3.0,3.0,0.0,0.0,BAL,CLE,0,2,2,3,2,3,0.425292130668656,0.0293433981311006,0.0002061002522639164,0.0211969621754094,0.2803935462231052,0.0006854087753094203,0.2428824537741551,0.0,0.0,2.3059075025133247,-0.2938215698188036,0.531336587055677,-0.8251581568744806,0.5769728154060562,0.4230271845939438,0.5674683301268278,0.4325316698731721,0.5769728154060562,-0.0095044852792283,0.0175532378497966,-0.0270577231290249,2014
2013-10-03,2013100300.0,6.0,1,2.0,02:37,3,2857.0,27.0,BUF,38.0,62.0,8.0,19.0,0.0,0.0,BUF,CLE,(2:37) (No Huddle) T.Choice left guard to BUF 44 for 6 yards (J.Haden).,1,6.0,0,0,0,0,Run,,,0,,,0.0,0.0,0,,0,T.Choice,00-0026262,1,left,guard,,,0,J.Haden,0,0,0,0,0.0,10.0,0.0,10.0,10.0,CLE,BUF,0,2,3,2,3,2,0.0212907844568996,0.1323580541376746,0.0020389734695387,0.2012280928323793,0.2705271308800271,0.0037969731099888,0.3687599911134916,0.0,0.0,1.5907465174757434,0.420563767685663,,,0.1723848285612741,0.8276151714387259,0.1657612902135894,0.8342387097864106,0.8276151714387259,0.0066235383476846,,,2013
2010-12-16,2010121600.0,6.0,1,1.0,01:47,2,2807.0,35.0,SD,39.0,39.0,10.0,36.0,0.0,1.0,SF,SD,(1:47) A.Dixon right end to SD 22 for 17 yards (E.Weddle).,1,17.0,0,0,0,0,Run,,,0,,,0.0,0.0,0,,0,A.Dixon,00-0027772,1,right,end,,,0,E.Weddle,0,0,0,0,0.0,0.0,7.0,-7.0,7.0,SD,SF,0,2,3,2,3,2,0.0132012204864287,0.0589568322960338,0.0001807809659467237,0.088947176543389,0.3413060169272025,0.003077178342831,0.4943307944381681,0.0,0.0,3.690525673910728,0.6905583886986841,,,0.6388004598066261,0.3611995401933738,0.6198822255135779,0.3801177744864222,0.3611995401933738,0.0189182342930483,,,2010
2014-12-21,2014122108.0,10.0,2,,02:18,3,1938.0,7.0,NYG,2.0,2.0,0.0,74.0,0.0,0.0,STL,NYG,"G.Zuerlein extra point is GOOD, Center-J.McQuaide, Holder-J.Hekker.",1,0.0,1,0,0,0,Extra Point,,,0,,,0.0,0.0,0,,0,,,0,,,,,0,,0,0,0,0,0.0,9.0,20.0,-11.0,11.0,STL,NYG,0,3,3,2,3,2,0.0,0.0,0.0,0.0,0.0,0.0,0.0,0.9907954004544308,0.0,0.9907954004544308,0.009204599545569,,,0.1868089100686447,0.8131910899313552,0.1867255185751006,0.8132744814248993,0.1868089100686447,-8.339149354405495e-05,,,2014
2010-12-26,2010122602.0,4.0,1,2.0,06:25,7,3085.0,32.0,BAL,20.0,80.0,1.0,25.0,0.0,1.0,BAL,CLE,(6:25) L.McClain right guard to BAL 36 for 16 yards (D.Bowens).,1,16.0,0,0,0,0,Run,,,0,,,0.0,0.0,0,,0,L.McClain,00-0025524,1,right,guard,,,0,D.Bowens,0,0,0,0,0.0,0.0,7.0,-7.0,7.0,CLE,BAL,0,2,3,2,3,2,0.012625975115465,0.1703991511408024,0.0044441621822835,0.2488393975702873,0.1815341343131696,0.0037124103368274,0.3784447693411645,0.0,0.0,0.93917904822233,1.0284503999084105,,,0.7134056062883738,0.2865943937116261,0.6799931776634652,0.3200068223365347,0.2865943937116261,0.0334124286249085,,,2010
2013-12-22,2013122203.0,8.0,2,3.0,10:21,11,2421.0,0.0,DEN,33.0,67.0,7.0,22.0,0.0,0.0,DEN,HOU,(10:21) (Shotgun) P.Manning pass incomplete short middle to E.Decker (B.McCain) [J.Watt].,1,0.0,0,0,0,0,Pass,P.Manning,00-0010346,1,Incomplete Pass,Short,10.0,0.0,1,middle,0,,,0,,,E.Decker,00-0027690,0,,0,0,0,0,0.0,10.0,3.0,7.0,7.0,HOU,DEN,0,3,3,3,3,3,0.1257106342834915,0.1605007233342575,0.0032847780604985,0.2385771451185732,0.195936250317664,0.0037991536396377,0.2721913152458774,0.0,0.0,0.3426345229996272,-1.490396920945511,2.38678387182632,-3.1387746044711373,0.2749978979049188,0.7250021020950812,0.3257940315015524,0.6742059684984476,0.7250021020950812,-0.0507961335966336,0.0708083298843247,-0.06361267904339468,2013
2013-12-08,2013120809.0,17.0,3,2.0,00:39,1,939.0,38.0,TEN,33.0,33.0,11.0,59.0,0.0,1.0,DEN,TEN,"(:39) (No Huddle, Shotgun) P.Manning pass short right to D.Thomas to TEN 21 for 12 yards (J.McCourty).",1,12.0,0,0,0,0,Pass,P.Manning,00-0010346,1,Complete,Short,1.0,0.0,0,right,0,,,0,,,D.Thomas,00-0027874,1,J.McCourty,0,0,0,0,0.0,34.0,28.0,6.0,6.0,DEN,TEN,0,3,3,3,3,3,0.0158533913746006,0.0584859460318618,0.00023438968475022695,0.0897040780479194,0.3914177528968576,0.003176071863506,0.4411283701005041,0.0,0.0,3.4646488293205926,0.9429781458502408,-0.7005517630439972,1.643529908894238,0.8132370267499448,0.1867629732500552,0.8384762303772775,0.1615237696227225,0.8132370267499448,0.0252392036273326,-0.019495590390869,0.0447347940182016,2013
2012-12-23,2012122311.0,15.0,4,,12:11,13,731.0,3.0,CLE,2.0,2.0,0.0,19.0,0.0,0.0,DEN,CLE,"M.Prater extra point is GOOD, Center-A.Brewer, Holder-B.Colquitt.",1,0.0,1,0,0,0,Extra Point,,,0,,,0.0,0.0,0,,0,,,0,,,,,0,,0,0,0,0,0.0,30.0,6.0,20.5,23.0,DEN,CLE,0,3,3,3,3,3,0.0,0.0,0.0,0.0,0.0,0.0,0.0,0.9907954004544308,0.0,0.9907954004544308,0.009204599545569,,,0.9957744827743804,0.0042255172256195,0.9940296473180028,0.0059703526819973,0.9957744827743804,-0.0017448354563777,,,2012
2009-11-29,2009112907.0,6.0,2,3.0,15:00,15,2700.0,0.0,SEA,14.0,14.0,3.0,65.0,0.0,1.0,STL,SEA,(15:00) K.Boller pass short right to D.Amendola to SEA 3 for 11 yards (C.Terrill).,1,11.0,0,0,0,0,Pass,K.Boller,00-0022164,1,Complete,Short,1.0,0.0,0,right,0,,,0,,,D.Amendola,00-0026035,1,C.Terrill,0,0,0,0,0.0,0.0,7.0,-7.0,7.0,STL,SEA,0,3,3,3,3,3,0.0110106796389542,0.0310928866453592,6.63038891007732e-05,0.0491225312134237,0.5202175728136589,0.0026795802987952,0.3858104455007077,0.0,0.0,3.829416011335276,2.2095585692133817,-1.1140344985621544,2.659125528472397,0.3740738021954561,0.6259261978045438,0.441926196157462,0.558073803842538,0.3740738021954561,0.05888471184731932,-0.0369132603618908,0.05636049994176793,2009
2011-11-07,2011110700.0,6.0,2,3.0,06:10,7,2170.0,38.0,PHI,27.0,73.0,1.0,10.0,0.0,1.0,PHI,CHI,(6:10) L.McCoy up the middle to PHI 28 for 1 yard (B.Urlacher). CHI-J.Peppers was injured during the play. His return is Questionable.,1,1.0,0,0,0,0,Run,,,0,,,0.0,0.0,0,,0,L.McCoy,00-0027029,1,middle,,,,0,B.Urlacher,0,0,0,0,0.0,0.0,10.0,-10.0,10.0,PHI,CHI,0,2,2,3,2,3,0.2972832767189073,0.1189821912965274,0.003065513847127,0.1675150839012208,0.1199453403782236,0.0020052080648576,0.2912033857931362,0.0,0.0,0.866586948923957,0.1808127254954961,,,0.1942764786068022,0.8057235213931977,0.1984404606745416,0.8015595393254583,0.1942764786068022,0.0041639820677394,,,2011
2016-01-03,2016010303.0,14.0,3,2.0,13:22,14,1702.0,38.0,PIT,40.0,60.0,8.0,2.0,0.0,1.0,PIT,CLE,(13:22) (Shotgun) B.Roethlisberger pass short middle intended for A.Brown INTERCEPTED by C.Robertson at PIT 47. C.Robertson to PIT 9 for 38 yards (F.Toussaint).,1,0.0,0,0,0,0,Pass,B.Roethlisberger,00-0022924,1,Incomplete Pass,Short,7.0,0.0,0,middle,1,,,0,,,,00-0027793,0,F.Toussaint,0,0,0,0,0.0,14.0,9.0,5.0,5.0,CLE,PIT,0,3,3,3,3,3,0.0015557122767196,0.1321255401603611,0.0018658775160713,0.2059318643477031,0.2814433770503216,0.0039797796064155,0.3730978490424076,0.0,0.0,1.6223432077135016,-2.3435852439389357,0.9092299126143172,-3.1387746044711373,0.284054194265282,0.715945805734718,0.4948606996063387,0.5051393003936613,0.715945805734718,-0.05867359827459407,0.0305477529079281,-0.06361267904339468,2015
2013-10-20,2013102000.0,18.0,4,1.0,05:00,5,300.0,0.0,ATL,20.0,80.0,10.0,2.0,0.0,0.0,ATL,TB,(5:00) J.Rodgers right tackle to ATL 22 for 2 yards (M.Foster).,1,2.0,0,0,0,0,Run,,,0,,,0.0,0.0,0,,0,J.Rodgers,00-0028083,1,right,tackle,,,0,M.Foster,0,0,0,0,0.0,24.0,20.0,4.0,4.0,ATL,TB,0,3,3,2,3,2,0.3880992792734913,0.1046980299681955,0.0037832648637311,0.1547119123847178,0.1369484506390925,0.0020762928102607,0.2096827700605106,0.0,0.0,0.4781333216362995,-0.2835767539796086,,,0.7119550035321511,0.2880449964678488,0.6971160142824665,0.3028839857175335,0.7119550035321511,-0.0148389892496846,,,2013
2016-09-25,2016092511.0,2.0,1,1.0,08:48,9,3228.0,5.0,SD,24.0,76.0,10.0,-1.0,0.0,0.0,SD,IND,(8:48) (Run formation) M.Gordon right tackle to SD 23 for -1 yards (C.Geathers; D.Parry).,1,-1.0,0,0,0,0,Run,,,0,,,0.0,0.0,0,,0,M.Gordon,00-0032144,1,right,tackle,,,0,C.Geathers,0,0,0,0,0.0,0.0,3.0,-3.0,3.0,IND,SD,0,3,3,3,3,3,0.0062291488558686,0.1630373790844147,0.0047034392760804,0.2512856301008731,0.2304856757196794,0.0035728101346731,0.3406859168284104,0.0,0.0,0.8258856387157409,-0.9045167407646028,,,0.5742445922518322,0.4257554077481678,0.601810356385682,0.398189643614318,0.4257554077481678,-0.0275657641338498,,,2016
2013-12-22,2013122202.0,18.0,3,1.0,15:00,15,1800.0,0.0,CIN,20.0,80.0,10.0,9.0,0.0,0.0,CIN,MIN,(15:00) A.Dalton pass short right to A.Green pushed ob at CIN 29 for 9 yards (M.Sherels).,1,9.0,0,0,0,0,Pass,A.Dalton,00-0027973,1,Complete,Short,-2.0,0.0,0,right,0,,,0,,,A.Green,00-0027942,1,M.Sherels,0,0,0,0,0.0,27.0,7.0,20.0,20.0,CIN,MIN,0,3,3,3,3,3,0.0015063265025897,0.1797487862643072,0.0066391083784486,0.281137706070735,0.2137001434842491,0.0035923127788396,0.3136756165208305,0.0,0.0,0.3235258536112761,1.3495546696290324,-1.069231875184748,2.4187865448137806,0.9641665200491798,0.0358334799508202,0.975860339478746,0.024139660521254,0.9641665200491798,0.0116938194295661,-0.0107537973799471,0.0224476168095133,2013
2015-10-11,2015101105.0,13.0,3,2.0,13:50,14,1730.0,43.0,CLE,33.0,67.0,19.0,22.0,0.0,0.0,CLE,BAL,(13:50) (Shotgun) J.McCown pass short right to D.Johnson to CLE 42 for 9 yards (Z.Smith).,1,9.0,0,0,0,0,Pass,J.McCown,00-0021206,1,Complete,Short,4.0,0.0,0,right,0,,,0,,,D.Johnson,00-0032257,1,Z.Smith,0,0,0,0,0.0,9.0,14.0,-5.0,5.0,BAL,CLE,0,3,3,3,3,3,0.0015910503150256,0.1671587351277807,0.0038184470662388,0.265322402902585,0.2550712814840871,0.0040642879803932,0.3029737951238895,0.0,0.0,0.5277890664463594,0.1779828051998084,-0.5496941869423992,0.7276769921422077,0.6583939173989803,0.3416060826010196,0.6537281505502416,0.3462718494497583,0.3416060826010196,0.0046657668487387,-0.0194584731073118,0.0241242399560505,2015
2015-11-29,2015112905.0,5.0,1,1.0,07:44,8,3164.0,9.0,NYJ,28.0,72.0,10.0,72.0,0.0,0.0,NYJ,MIA,(7:44) R.Fitzpatrick scrambles right end to NYJ 30 for 2 yards (J.Jenkins).,1,2.0,0,0,0,0,Run,,,0,,,0.0,0.0,0,,0,R.Fitzpatrick,00-0023682,1,right,end,,,0,J.Jenkins,0,0,0,0,0.0,0.0,0.0,0.0,0.0,NYJ,MIA,0,3,3,3,3,3,0.0074265531273805,0.1489423846899746,0.0033712043936652,0.2288712540983108,0.2455137312098836,0.0035846367947343,0.3622902356860508,0.0,0.0,1.224073775476045,-0.433163993731368,,,0.5292793853855126,0.4707206146144874,0.5174723270461268,0.4825276729538732,0.5292793853855126,-0.0118070583393857,,,2015
2009-11-22,2009112200.0,17.0,4,1.0,07:48,8,468.0,48.0,BAL,9.0,9.0,9.0,60.0,1.0,0.0,IND,BAL,(7:48) (No Huddle) P.Manning pass to R.Wayne to BAL 7 for 2 yards (D.Foxworth).,1,2.0,0,0,0,0,Pass,P.Manning,00-0010346,1,Complete,,-2.0,0.0,0,,0,,,0,,,R.Wayne,00-0020498,1,D.Foxworth,0,0,0,0,0.0,14.0,15.0,-1.0,1.0,BAL,IND,0,3,3,3,3,3,0.0295037694469666,0.0119174043186277,5.784812817227425e-06,0.0133241310405379,0.343113480591636,0.0013907916250554,0.6007446381643589,0.0,0.0,5.108301792310247,-0.2046482689457143,-0.5501829181833866,0.3455346492376723,0.3403240578461628,0.6596759421538372,0.3441367190031211,0.6558632809968789,0.6596759421538372,-0.0038126611569583,-0.0234657158048834,0.0196530546479251,2009
2015-10-26,2015102600.0,2.0,1,2.0,06:57,7,3117.0,44.0,ARI,19.0,19.0,16.0,40.0,0.0,0.0,BAL,ARI,(6:57) J.Flacco pass short middle to J.Forsett to ARI 15 for 4 yards (K.Minter).,1,4.0,0,0,0,0,Pass,J.Flacco,00-0026158,1,Complete,Short,-3.0,0.0,0,middle,0,,,0,,,J.Forsett,00-0026373,1,K.Minter,0,0,0,0,0.0,0.0,0.0,0.0,0.0,ARI,BAL,0,3,3,3,3,3,0.0023076414520059,0.0395309868766371,8.633045680719557e-05,0.062197118357689,0.451192384153495,0.0028868261465178,0.4417987125568477,0.0,0.0,3.897796342604106,-0.5535603105342699,-0.9484883218182274,0.3949280112839575,0.3842733147175953,0.6157266852824047,0.4023139227135727,0.5976860772864273,0.6157266852824047,-0.0180406079959773,-0.0314479169689008,0.0134073089729234,2015
2009-12-19,2009121900.0,15.0,3,3.0,07:03,8,1323.0,41.0,DAL,36.0,36.0,10.0,5.0,0.0,1.0,NO,DAL,"(7:03) (Shotgun) D.Brees sacked at DAL 42 for -6 yards (A.Spencer). PENALTY on DAL-O.Scandrick, Illegal Use of Hands, 5 yards, enforced at DAL 36 - No Play.",1,-6.0,0,0,0,0,No Play,,,0,,,0.0,0.0,0,,0,,,0,,,,,0,A.Spencer,0,1,0,1,0.0,3.0,24.0,-21.0,21.0,NO,DAL,0,3,3,3,3,3,0.0042568674917147,0.0831122810832796,0.00046103962394087976,0.1328142303973986,0.4364021240646009,0.0045518193502614,0.3384016379888037,0.0,0.0,2.5071629415364405,1.5359615762168324,,,0.0497548022963698,0.95024519770363,0.0649043229160898,0.9350956770839102,0.0497548022963698,0.01514952061972,,,2009
2012-12-16,2012121612.0,21.0,4,1.0,07:13,8,433.0,34.0,OAK,33.0,67.0,10.0,19.0,0.0,0.0,OAK,KC,(7:13) T.Bergstrom reported in as eligible.  M.Goodson left tackle to OAK 39 for 6 yards (B.Siler).,1,6.0,0,0,0,0,Run,,,0,,,0.0,0.0,0,,0,M.Goodson,00-0027080,1,left,tackle,,,0,B.Siler,0,0,0,0,0.0,15.0,0.0,15.0,15.0,OAK,KC,0,2,2,2,2,2,0.2200428878052729,0.099811637696106,0.0016475837611078,0.1479533527028708,0.2104492731543321,0.002688951760166,0.3174063131201443,0.0,0.0,1.5201663652937092,0.1904041381443511,,,0.961853319955116,0.0381466800448838,0.9666434172864324,0.0333565827135676,0.961853319955116,0.0047900973313161,,,2012
2010-11-14,2010111400.0,13.0,2,3.0,05:06,6,2106.0,38.0,TEN,46.0,54.0,1.0,9.0,0.0,0.0,TEN,MIA,(5:06) J.Ringer left end to TEN 46 for no gain (V.Davis).,1,0.0,0,0,0,0,Run,,,0,,,0.0,0.0,0,,0,J.Ringer,00-0027120,1,left,end,,,0,V.Davis,0,0,0,0,0.0,10.0,10.0,0.0,0.0,MIA,TEN,0,1,1,1,1,1,0.2685778311778473,0.0753760269394719,0.0008641327382433975,0.1084230489311902,0.1936230763537648,0.0020756305967478,0.3510602532627344,0.0,0.0,2.055624574280697,-1.684040260892819,,,0.4433094565211601,0.5566905434788398,0.4968043689947303,0.5031956310052697,0.5566905434788398,-0.0534949124735701,,,2010
2009-12-13,2009121302.0,4.0,1,4.0,03:40,4,2920.0,26.0,CHI,15.0,15.0,12.0,48.0,0.0,0.0,GB,CHI,"(3:40) M.Crosby 33 yard field goal is GOOD, Center-B.Goode, Holder-M.Flynn.",1,0.0,1,0,0,0,Field Goal,,,0,,,0.0,0.0,0,,0,,,0,,,,,0,,0,0,0,0,0.0,7.0,0.0,7.0,7.0,CHI,GB,0,2,2,2,2,2,0.0015177939421411,0.0155003909776363,0.0002384357743160592,0.0231342993973376,0.5864579642145082,0.0003403632274733081,0.0169964085003135,0.0,0.0,2.737554370236582,0.2624456297634179,,,0.2022145179525232,0.7977854820474768,0.1950088114930268,0.8049911885069732,0.7977854820474768,0.0072057064594963,,,2009
2009-09-13,2009091303.0,19.0,4,1.0,12:01,13,721.0,36.0,MID,50.0,50.0,10.0,16.0,0.0,0.0,DEN,CIN,(12:01) K.Moreno left end to CIN 49 for 1 yard (R.Maualuga).,1,1.0,0,0,0,0,Run,,,0,,,0.0,0.0,0,,0,K.Moreno,00-0026988,1,left,end,,,0,R.Maualuga,0,0,0,0,0.0,6.0,0.0,6.0,6.0,CIN,DEN,0,3,3,3,3,3,0.0544466189535651,0.077441746672848,0.0004596288084243466,0.1157633652130863,0.3026451417615026,0.0031161839918858,0.4461273145986879,0.0,0.0,2.993470941332098,-0.4671751549191123,,,0.1870895825171193,0.8129104174828806,0.197389755886266,0.8026102441137339,0.8129104174828806,-0.0103001733691466,,,2009
2014-11-02,2014110202.0,20.0,4,1.0,04:13,5,253.0,7.0,DAL,13.0,87.0,10.0,11.0,0.0,1.0,DAL,ARI,(4:13) (Shotgun) B.Weeden pass short right to T.Williams to DAL 24 for 11 yards (J.Powers).,1,11.0,0,0,0,0,Pass,B.Weeden,00-0029677,1,Complete,Short,7.0,0.0,0,right,0,,,0,,,T.Williams,00-0030542,1,J.Powers,0,0,0,0,0.0,9.0,28.0,-19.0,19.0,DAL,ARI,0,0,0,3,0,3,0.4257920474265128,0.1046745069910101,0.0057695676303943,0.1545608640274554,0.1057134185140436,0.0017603656152577,0.1630628889355544,0.0,0.0,0.054612504895521,0.6100163148117459,0.30885452544458,0.3011617893671658,0.0114703722330708,0.9885296277669292,0.0112769613160765,0.9887230386839236,0.0114703722330708,-0.00019341091699429103,0.0005621301587405338,-0.0007555410757348249,2014
2013-09-29,2013092901.0,4.0,2,2.0,14:33,15,2673.0,6.0,CLE,37.0,37.0,10.0,21.0,0.0,0.0,CIN,CLE,(14:33) A.Dalton pass short left to T.Eifert to CLE 32 for 5 yards (C.Robertson).,1,5.0,0,0,0,0,Pass,A.Dalton,00-0027973,1,Complete,Short,1.0,0.0,0,left,0,,,0,,,T.Eifert,00-0030549,1,C.Robertson,0,0,0,0,0.0,0.0,7.0,-7.0,7.0,CLE,CIN,0,2,2,2,2,2,0.0230497088636672,0.065107443652462,0.0003111429921164276,0.0993181953084788,0.3728751390231797,0.0032470001799301,0.4360913699801658,0.0,0.0,3.2865870231895897,-0.2328902681848856,-0.6982506567889297,0.465360388604044,0.6457645464042148,0.3542354535957852,0.6404797650494636,0.3595202349505364,0.3542354535957852,0.0052847813547511,-0.023238112334792,0.0285228936895432,2013
2013-10-06,2013100606.0,14.0,2,3.0,06:19,7,2179.0,36.0,JAC,33.0,67.0,6.0,32.0,0.0,0.0,JAC,STL,"(6:19) (Shotgun) B.Gabbert sacked at JAC 29 for -4 yards (C.Long). FUMBLES (C.Long), recovered by JAC-M.Jones-Drew at JAC 33. M.Jones-Drew to JAC 33 for no gain (J.Laurinaitis).",1,-4.0,0,0,0,0,Sack,,00-0027948,0,,,0.0,0.0,0,,0,,,0,,,,,0,C.Long,1,1,0,0,0.0,10.0,16.0,-6.0,6.0,STL,JAC,0,3,3,3,3,3,0.2757741145054892,0.1299991336437789,0.0026466362062509,0.1909110143050083,0.1622753087728702,0.0030290321694209,0.2353647603971812,0.0,0.0,0.4087695399588236,-1.226175058235773,,,0.6881836711401159,0.3118163288598841,0.7290224981534545,0.2709775018465454,0.3118163288598841,-0.0408388270133386,,,2013
2016-11-13,2016111307.0,11.0,2,1.0,02:22,3,1942.0,13.0,GB,12.0,12.0,10.0,0.0,0.0,0.0,TEN,GB,(2:22) M.Mariota pass incomplete short right to D.Walker.,1,0.0,0,0,0,0,Pass,M.Mariota,00-0032268,1,Incomplete Pass,Short,2.0,0.0,0,right,0,,,0,,,D.Walker,00-0024389,0,,0,0,0,0,0.0,28.0,10.0,18.0,18.0,TEN,GB,0,3,3,1,3,1,0.1522331889147988,0.0194179705577382,1.1504955560502985e-05,0.0282393887047496,0.3258497463834668,0.0019037314787699,0.472344469004916,0.0,0.0,4.031815342624769,-0.4155845513991281,0.3695974420672661,-0.7851819934663942,0.9802436907462804,0.0197563092537197,0.97740643575557,0.02259356424443,0.9802436907462804,-0.0028372549907103,0.0023459854007462,-0.0051832403914565,2016
2011-12-24,2011122404.0,16.0,4,4.0,11:32,12,692.0,4.0,OAK,45.0,55.0,3.0,7.0,0.0,1.0,OAK,KC,"(11:32) S.Lechler punts 45 yards to KC 10, Center-J.Condo, fair catch by J.Arenas.",1,0.0,0,0,0,0,Punt,,,0,,,0.0,0.0,0,,0,,,0,,,,,0,,0,0,0,0,0.0,10.0,6.0,4.0,4.0,KC,OAK,0,1,2,1,2,1,0.0998518076028586,0.1767236227924628,0.0023774060234008,0.2631802287762802,0.2079834402693006,0.0054038598797804,0.2444796346559165,0.0,0.0,-0.0310717986992734,0.3156383651985019,,,0.3520033258682519,0.6479966741317481,0.3154636207270338,0.6845363792729662,0.6479966741317481,0.036539705141218,,,2011
2015-11-15,2015111501.0,10.0,2,,02:00,2,1920.0,28.0,GB,42.0,42.0,0.0,45.0,0.0,,,,Two-Minute Warning,1,0.0,0,0,0,0,Two Minute Warning,,,0,,,0.0,0.0,0,,0,,,0,,,,,0,,0,0,0,0,0.0,,,,,GB,DET,0,3,2,3,2,3,0.0,0.0,0.0,0.0,0.0,0.0,0.0,0.0,0.0,0.0,1.680874018299936,,,,,,,,,,,2015
2016-10-02,2016100208.0,18.0,3,2.0,04:49,5,1189.0,36.0,DEN,27.0,73.0,8.0,5.0,0.0,0.0,DEN,TB,(4:49) C.Anderson right guard to DEN 30 for 3 yards (K.Alexander).,1,3.0,0,0,0,0,Run,,,0,,,0.0,0.0,0,,0,C.Anderson,00-0029854,1,right,guard,,,0,K.Alexander,0,0,0,0,0.0,20.0,7.0,13.0,13.0,TB,DEN,0,3,3,3,3,3,0.0157889801395639,0.1724634610305999,0.0045227918862051,0.2628776715076044,0.2221860347919054,0.0038557031350866,0.3183053575090346,0.0,0.0,0.5358273457916909,-0.3773474168559587,,,0.1119949008237587,0.8880050991762413,0.116941277005387,0.883058722994613,0.8880050991762413,-0.0049463761816282,,,2016
2014-11-02,2014110208.0,22.0,4,3.0,11:28,12,688.0,5.0,NE,8.0,8.0,8.0,72.0,1.0,0.0,DEN,NE,(11:28) (Shotgun) P.Manning pass incomplete short right to E.Sanders.,1,0.0,0,0,0,0,Pass,P.Manning,00-0010346,1,Incomplete Pass,Short,3.0,0.0,0,right,0,,,0,,,E.Sanders,00-0027685,0,,0,0,0,0,0.0,21.0,38.0,-21.0,21.0,NE,DEN,0,3,2,3,2,3,0.0157838815186788,0.0175528592257727,3.460176663159056e-05,0.0216707499257868,0.5586946796322954,0.0022984773318597,0.3839647505989748,0.0,0.0,4.16401121706234,-1.128647357260134,-1.049841621342889,-0.0788057359172449,0.9536280487497196,0.0463719512502804,0.9626577164951,0.0373422835049,0.0463719512502804,-0.0090296677453804,-0.0085372538972131,-0.0004924138481672766,2014
2016-10-09,2016100910.0,18.0,3,1.0,01:04,2,964.0,5.0,SD,19.0,81.0,10.0,-3.0,0.0,0.0,SD,OAK,(1:04) (Shotgun) P.Rivers sacked at SD 16 for -3 yards (sack split by D.Williams and S.McGee).,1,-3.0,0,0,0,0,Sack,,00-0022942,0,,,0.0,0.0,1,,0,,,0,,,,,0,D.Williams,0,1,0,0,0.0,24.0,27.0,-3.0,3.0,OAK,SD,0,2,3,2,3,2,0.0426710071384576,0.1710015083786361,0.0066279510398842,0.2591603710437083,0.2065494835431746,0.0033237220561351,0.3106659568000039,0.0,0.0,0.460574567820186,-1.1428426387915551,,,0.6037267612298969,0.3962732387701031,0.647415778506051,0.3525842214939489,0.3962732387701031,-0.0436890172761542,,,2016
2010-10-17,2010101709.0,24.0,4,3.0,04:05,5,245.0,42.0,NYJ,30.0,30.0,5.0,50.0,0.0,0.0,DEN,NYJ,(4:05) (Shotgun) K.Orton pass incomplete deep right to D.Thomas.,1,0.0,0,0,0,0,Pass,K.Orton,00-0023541,1,Incomplete Pass,Deep,10.0,0.0,0,right,0,,,0,,,D.Thomas,00-0027874,0,,0,0,0,0,0.0,17.0,17.0,0.0,0.0,DEN,NYJ,0,3,3,1,3,1,0.2077126316865378,0.0464728027944439,0.000195064782831681,0.0708862586931798,0.3617110685150945,0.0027691089708032,0.3102530645571089,0.0,0.0,2.6264305265853976,-0.8908614904661727,2.17487389798945,-3.0657353884556238,0.6334662743820026,0.3665337256179973,0.5857583651200067,0.4142416348799933,0.6334662743820026,-0.0477079092619959,0.10628588579079232,-0.06361267904339468,2010
2015-09-27,2015092709.0,5.0,1,,05:42,6,3042.0,0.0,IND,35.0,35.0,0.0,0.0,0.0,,TEN,IND,"P.McAfee kicks 65 yards from IND 35 to end zone, Touchback.",1,0.0,0,0,0,0,Kickoff,,,0,,,0.0,0.0,0,,0,,,0,,,,,0,,0,0,0,0,0.0,0.0,7.0,-7.0,7.0,TEN,IND,0,3,3,3,3,3,0.0140849611665975,0.1742942524223465,0.0063853847587892,0.2669068640913158,0.2147100564606461,0.0034732979052947,0.3201451831950097,0.0,0.0,0.4880914721337661,0.0,,,0.2847757981089637,0.7152242018910362,0.2847757981089637,0.7152242018910362,0.2847757981089637,0.0,,,2015
2016-11-13,2016111311.0,14.0,3,,07:50,8,1370.0,42.0,PIT,36.0,36.0,0.0,41.0,0.0,0.0,,,Timeout #1 by PIT at 07:50.,1,0.0,0,0,0,0,Timeout,,,0,,,0.0,0.0,0,,0,,,0,,,,,0,,0,0,0,0,0.0,,,,,PIT,DAL,1,3,3,3,2,3,0.0,0.0,0.0,0.0,0.0,0.0,0.0,0.0,0.0,0.0,0.0,,,,,,,,0.0,,,2016
2015-12-27,2015122711.0,21.0,4,,00:17,1,17.0,10.0,STL,15.0,15.0,0.0,35.0,0.0,0.0,SEA,STL,"S.Hauschka extra point is GOOD, Center-C.Gresham, Holder-J.Ryan.",1,0.0,1,0,0,0,Extra Point,,,0,,,0.0,0.0,0,,0,,,0,,,,,0,,0,0,0,0,0.0,16.0,22.0,-6.0,6.0,SEA,STL,0,0,0,2,0,2,0.0,0.0,0.0,0.0,0.0,0.0,0.0,0.931114949971538,0.0,0.931114949971538,0.0688850500284619,,,0.0231963791772038,0.976803620822796,0.0134581060998926,0.9865418939001074,0.0231963791772038,-0.0097382730773112,,,2015
2016-10-02,2016100208.0,3.0,1,1.0,12:28,13,3448.0,30.0,TB,39.0,61.0,10.0,15.0,0.0,0.0,TB,DEN,(12:28) C.Sims up the middle to TB 40 for 1 yard (S.Ray).,1,1.0,0,0,0,0,Run,,,0,,,0.0,0.0,0,,0,C.Sims,00-0031390,1,middle,,,,0,S.Ray,0,0,0,0,0.0,0.0,7.0,-7.0,7.0,TB,DEN,0,3,3,3,3,3,0.0018631624014409,0.1163777313181572,0.0013608505727778,0.1804728866359018,0.2842064390106713,0.003632978587997,0.4120859514730538,0.0,0.0,2.129321832968045,-0.5410006405712839,,,0.331662334303795,0.668337665696205,0.3147637980766273,0.6852362019233726,0.331662334303795,-0.0168985362271676,,,2016
2014-09-28,2014092801.0,14.0,4,1.0,07:44,8,464.0,50.0,CHI,2.0,2.0,2.0,58.0,1.0,0.0,GB,CHI,(7:44) E.Lacy right guard to CHI 1 for 1 yard (R.Mundy).,1,1.0,0,0,0,0,Run,,,0,,,0.0,0.0,0,,0,E.Lacy,00-0030485,1,right,guard,,,0,R.Mundy,0,0,0,0,0.0,38.0,17.0,20.5,21.0,CHI,GB,0,1,2,1,2,1,0.0181986832867391,0.0081835914436982,2.7856597343308368e-05,0.0104024779240178,0.1161055465920098,0.0019608580291814,0.7325144085922225,0.0,0.0,6.170661425729558,-0.116648702041175,,,0.0007512580405444336,0.9992487419594556,0.0006963144819646105,0.9993036855180354,0.9992487419594556,5.494355857982303e-05,,,2014
2009-09-13,2009091306.0,1.0,1,1.0,10:10,11,3310.0,44.0,JAC,4.0,4.0,4.0,76.0,1.0,0.0,IND,JAC,(10:10) P.Manning pass incomplete short middle to D.Clark.,1,0.0,0,0,0,0,Pass,P.Manning,00-0010346,1,Incomplete Pass,Short,4.0,0.0,0,middle,0,,,0,,,D.Clark,00-0022165,0,,0,0,0,0,0.0,0.0,0.0,0.0,0.0,IND,JAC,0,3,3,3,3,3,0.0003654679620510593,0.0108431796379245,1.418337419647836e-05,0.0135131707561691,0.2088002062300788,0.00192991047348,0.7325144085922225,0.0,0.0,5.854847509644544,-0.4428284192434848,1.1451524903554562,-1.587980909598941,0.6780257693797833,0.3219742306202167,0.662636718159464,0.337363281840536,0.6780257693797833,-0.0153890512203193,0.0392205163068005,-0.0546095675271198,2009
2012-12-23,2012122304.0,14.0,3,1.0,14:18,15,1758.0,27.0,NE,34.0,66.0,10.0,30.0,0.0,1.0,NE,JAC,(14:18) T.Brady pass short middle to B.Lloyd to 50 for 16 yards (D.Cox).,1,16.0,0,0,0,0,Pass,T.Brady,00-0019596,1,Complete,Short,10.0,0.0,0,middle,0,,,0,,,B.Lloyd,00-0022097,1,D.Cox,0,0,0,0,0.0,13.0,13.0,0.0,0.0,JAC,NE,0,3,3,3,3,3,0.0013468252625472,0.1325500158975424,0.0020999677133562,0.2065616161953679,0.2666479837497562,0.0036809487327832,0.3871126424486467,0.0,0.0,1.6693130493684465,1.2748337492549209,1.202041993369481,0.0727917558854396,0.4566650641088924,0.5433349358911076,0.4149058305455635,0.5850941694544365,0.5433349358911076,0.0417592335633288,0.0396334167944644,0.0021258167688644,2012
2009-09-20,2009092003.0,18.0,4,3.0,10:29,11,629.0,30.0,JAC,40.0,60.0,2.0,33.0,0.0,1.0,JAC,ARI,(10:29) (Shotgun) D.Garrard up the middle to JAC 48 for 8 yards (C.Haggans).,1,8.0,0,0,0,0,Run,,,0,,,0.0,0.0,0,,0,D.Garrard,00-0021231,1,middle,,,,0,C.Haggans,0,0,0,0,0.0,16.0,24.0,-8.0,8.0,JAC,ARI,0,3,3,2,3,2,0.1063083202154483,0.1213038793466016,0.0018177136081324,0.177649141431925,0.2205644085952496,0.0030582987686905,0.3692982380339524,0.0,0.0,1.6418064342812522,1.1462041228989843,,,0.2287669843505169,0.7712330156494831,0.2685642494387276,0.7314357505612724,0.2287669843505169,0.0397972650882107,,,2009
2009-12-06,2009120609.0,16.0,4,3.0,02:44,3,164.0,4.0,SD,44.0,44.0,8.0,31.0,0.0,1.0,CLE,SD,"(2:44) (No Huddle, Shotgun) B.Quinn pass short right to J.Harrison to SD 27 for 17 yards (P.Oliver).",1,17.0,0,0,0,0,Pass,B.Quinn,00-0025409,1,Complete,Short,8.0,0.0,0,right,0,,,0,,,J.Harrison,00-0024359,1,P.Oliver,0,0,0,0,0.0,14.0,30.0,-16.0,16.0,CLE,SD,0,3,3,2,3,2,0.3548727653655294,0.0638616959400613,0.0004884186119030969,0.0962806011289763,0.2463389574011448,0.0027681768965009,0.235389384655884,0.0,0.0,1.5257527856408,1.84229173863206,1.4209617898441362,0.4213299487879234,0.0147090948091986,0.9852909051908012,0.017699000405291,0.982300999594709,0.0147090948091986,0.0029899055960923,0.0048374807390096,-0.0018475751429173,2009
2011-12-18,2011121807.0,18.0,4,1.0,02:22,3,142.0,24.0,KC,15.0,15.0,10.0,72.0,0.0,0.0,GB,KC,"(2:22) (No Huddle, Shotgun) A.Rodgers pass short right to J.Nelson pushed ob at KC 8 for 7 yards (J.Arenas).",1,7.0,0,0,0,0,Pass,A.Rodgers,00-0023459,1,Complete,Short,5.0,0.0,0,right,0,,,0,,,J.Nelson,00-0026176,1,J.Arenas,0,0,0,0,0.0,7.0,19.0,-12.0,12.0,KC,GB,0,3,1,3,1,3,0.1654801704177259,0.0212078681233174,1.506242178787658e-05,0.0308560078754497,0.3181356724091744,0.0019375964545745,0.4623676222979699,0.0,0.0,3.9152097818807854,0.1128434105620006,0.7855657571190346,-0.672722346557034,0.935773353831335,0.0642266461686649,0.9371732105717148,0.0628267894282852,0.0642266461686649,-0.0013998567403797,0.0133643803398373,-0.014764237080217,2011
2016-09-25,2016092508.0,6.0,2,2.0,14:29,15,2669.0,31.0,SF,47.0,53.0,8.0,17.0,0.0,0.0,SF,SEA,(14:29) (Shotgun) C.Hyde left tackle to SEA 49 for 4 yards (A.Rubin; C.Avril).,1,4.0,0,0,0,0,Run,,,0,,,0.0,0.0,0,,0,C.Hyde,00-0031045,1,left,tackle,,,0,A.Rubin,0,0,0,0,0.0,0.0,14.0,-14.0,14.0,SEA,SF,0,3,3,3,3,3,0.0358830739623817,0.1016397412704498,0.0010119935227071,0.15373443006231,0.3046023637966664,0.0035740849034497,0.3995543124820352,0.0,0.0,2.334751227278212,-0.1944548525549594,,,0.8582081101995258,0.1417918898004742,0.8618256892688183,0.1381743107311817,0.1417918898004742,-0.0036175790692924,,,2016
2009-09-27,2009092714.0,2.0,1,4.0,12:02,13,3422.0,43.0,ARI,48.0,52.0,6.0,4.0,0.0,1.0,ARI,IND,"(12:02) B.Graham punts 42 yards to IND 10, Center-M.Leach, fair catch by T.Rushing.",1,0.0,0,0,0,0,Punt,,,0,,,0.0,0.0,0,,0,,,0,,,,,0,,0,0,0,0,0.0,0.0,0.0,0.0,0.0,ARI,IND,0,3,3,3,3,3,0.0024953652950354,0.1919258079793349,0.0026034358624227,0.2921957526165649,0.2834691315385619,0.006114872387977125,0.2208646341530352,0.0,0.0,-0.2170029851817825,0.8296073344858181,,,0.4791542785981379,0.520845721401862,0.5323158537523512,0.4676841462476487,0.4791542785981379,0.0531615751542133,,,2009
2013-11-24,2013112405.0,14.0,3,3.0,07:16,8,1336.0,41.0,SD,36.0,64.0,14.0,3.0,0.0,0.0,SD,KC,(7:16) (Shotgun) P.Rivers pass short right to L.Green to SD 43 for 7 yards (M.Cooper; B.Flowers).,1,7.0,0,0,0,0,Pass,P.Rivers,00-0022942,1,Complete,Short,2.0,0.0,0,right,0,,,0,,,L.Green,00-0029275,1,M.Cooper,0,0,0,0,0.0,17.0,21.0,-4.0,4.0,KC,SD,0,3,3,3,3,3,0.0075987315784822,0.1852967349577324,0.0033985755783985,0.2878576603216302,0.2427645256628589,0.0050783144153259,0.2680054574855717,0.0,0.0,0.036797429936825,-0.6783277922020619,-1.290119979352761,0.611792187150699,0.65260375884199,0.3473962411580101,0.6781240447211614,0.3218759552788386,0.3473962411580101,-0.0255202858791714,-0.0459241358789176,0.0204038499997462,2013
2009-09-13,2009091302.0,24.0,4,2.0,09:21,10,561.0,41.0,CAR,32.0,32.0,13.0,7.0,0.0,0.0,PHI,CAR,(9:21) (Shotgun) K.Kolb pass short left to L.Weaver to CAR 35 for -3 yards (T.Davis).,1,-3.0,0,0,0,0,Pass,K.Kolb,00-0025423,1,Complete,Short,-2.0,0.0,0,left,0,,,0,,,L.Weaver,00-0023063,1,T.Davis,0,0,0,0,0.0,36.0,10.0,20.5,23.0,CAR,PHI,0,3,2,3,2,3,0.0663573679091776,0.0534363691721663,0.0002086447577224696,0.0811044430760226,0.3785516567557512,0.0029313508701254,0.4174101674590343,0.0,0.0,3.334931345656642,-1.0528306874755329,-0.9440985663833512,-0.1087321210921814,0.00028606295127853176,0.9997139370487216,0.0004941563464356813,0.9995058436535644,0.9997139370487216,-0.00020809339515714956,-0.00021987301983938945,1.177962468223992e-05,2009
2012-11-11,2012111100.0,12.0,2,4.0,00:44,1,1844.0,0.0,DEN,25.0,25.0,6.0,42.0,0.0,1.0,CAR,DEN,"(:44) J.Medlock 43 yard field goal is No Good, Wide Left, Center-J.Jansen, Holder-B.Nortman.",1,0.0,0,0,0,0,Field Goal,,,0,,,0.0,0.0,0,,0,,,0,,,,,0,,0,0,0,0,0.0,7.0,16.0,-9.0,9.0,CAR,DEN,0,2,2,2,2,2,0.1365093501184689,0.0304683362559721,0.00010498945090160904,0.0270083872633845,0.5864579642145082,0.0002572467043669137,0.005857213267484,0.0,0.0,2.160224718585976,-2.3435852439389357,,,0.2707421876547617,0.7292578123452382,0.1779429809663237,0.8220570190336762,0.2707421876547617,-0.05867359827459407,,,2012
2013-10-13,2013101311.0,3.0,1,2.0,10:50,11,3350.0,33.0,ARI,47.0,53.0,7.0,3.0,0.0,1.0,ARI,SF,(10:50) C.Palmer pass short middle intended for J.Dray INTERCEPTED by E.Reid at SF 40. E.Reid to ARI 7 for 53 yards (P.Fanaika).,1,0.0,0,0,0,0,Pass,C.Palmer,00-0021429,1,Incomplete Pass,Short,10.0,0.0,0,middle,1,,,0,,,,00-0027825,0,P.Fanaika,0,0,0,0,0.0,0.0,0.0,0.0,0.0,SF,ARI,0,3,3,3,3,3,0.0024176473210738,0.1074668656708721,0.0010570829590811,0.1663138079619983,0.3104738605625786,0.0038247510697198,0.4084459844546761,0.0,0.0,2.3094815563451414,-2.3435852439389357,1.278750988271545,-3.1387746044711373,0.4432361941147885,0.5567638058852115,0.6622829667802449,0.3377170332197551,0.5567638058852115,-0.05867359827459407,0.0416831769612908,-0.06361267904339468,2013
2016-12-24,2016122406.0,19.0,3,1.0,03:09,4,1089.0,0.0,NYJ,9.0,91.0,15.0,12.0,0.0,1.0,NYJ,NE,(3:09) (Shotgun) R.Fitzpatrick pass short left to B.Marshall to NYJ 26 for 17 yards (K.Van Noy; E.Roberts).,1,17.0,0,0,0,0,Pass,R.Fitzpatrick,00-0023682,1,Complete,Short,10.0,0.0,0,left,0,,,0,,,B.Marshall,00-0024334,1,K.Van Noy,0,0,0,0,0.0,0.0,34.0,-23.5,23.0,NE,NYJ,0,3,3,3,3,3,0.0298531187984391,0.2129149125485875,0.009553273933919493,0.3245853104599504,0.1777179831419743,0.0034344145356008,0.2361926605586365,0.0,0.0,-0.7480737083714577,1.8532426675174307,2.0234747506737585,-0.1702320831563277,0.9999670426900346,3.295730996547579e-05,0.9998982757990176,0.0001017242009825494,3.295730996547579e-05,6.87668910170736e-05,8.287049616109318e-05,-1.410360514401958e-05,2016
2010-11-22,2010112200.0,6.0,2,2.0,13:30,14,2610.0,40.0,DEN,34.0,34.0,4.0,6.0,0.0,0.0,SD,DEN,(13:30) P.Crayton pass incomplete deep right to D.Sproles.,1,0.0,0,0,0,0,Pass,P.Crayton,00-0022766,1,Incomplete Pass,Deep,10.0,0.0,0,right,0,,,0,,,D.Sproles,00-0023564,0,,0,0,0,0,0.0,7.0,7.0,0.0,0.0,SD,DEN,0,2,2,3,2,3,0.0264033359691593,0.0525716931017551,0.0001866480661616342,0.0784878520563359,0.3581648548664143,0.0029749673362625,0.4812106486039111,0.0,0.0,3.741415699667206,-0.6947609897499971,1.4143456141112063,-2.1091066038612034,0.5731654292236357,0.4268345707763643,0.5492663002218543,0.4507336997781457,0.5731654292236357,-0.0238991290017813,0.0512896323996929,-0.06361267904339468,2010
2015-10-11,2015101106.0,8.0,2,3.0,05:17,6,2117.0,40.0,BUF,37.0,63.0,10.0,12.0,0.0,0.0,BUF,TEN,(5:17) (Shotgun) T.Taylor sacked at BUF 32 for -5 yards (sack split by D.Morgan and J.Casey).,1,-5.0,0,0,0,0,Sack,,00-0028118,0,,,0.0,0.0,1,,0,,,0,,,,,0,D.Morgan,0,1,0,0,0.0,0.0,3.0,-3.0,3.0,TEN,BUF,0,3,3,3,3,3,0.313601926748901,0.1178076777387268,0.0020325224231311,0.1751758775728082,0.1755762783493291,0.0031931058802029,0.2126126112869007,0.0,0.0,0.4376841047445987,-1.3776275841470835,,,0.5847988176158032,0.4152011823841968,0.6327642906351745,0.3672357093648256,0.4152011823841968,-0.0479654730193712,,,2015
2010-10-10,2010101012.0,14.0,3,2.0,12:28,13,1648.0,5.0,SF,18.0,82.0,10.0,-5.0,0.0,0.0,SF,PHI,"(12:28) (Shotgun) PENALTY on SF-A.Davis, False Start, 5 yards, enforced at SF 18 - No Play.",1,0.0,0,0,0,0,No Play,,,0,,,0.0,0.0,0,,0,,,0,,,,,0,,0,0,0,1,0.0,10.0,17.0,-7.0,7.0,SF,PHI,0,3,3,3,3,3,0.0028914602108215,0.2128010615169645,0.0089948009105031,0.3309876037817914,0.181728491208064,0.0038316447522243,0.2587649376196309,0.0,0.0,-0.6091026863783824,-0.6828369170640376,,,0.2345793507061021,0.7654206492938979,0.2150273293260529,0.784972670673947,0.2345793507061021,-0.0195520213800492,,,2010
2013-10-06,2013100602.0,18.0,4,1.0,03:50,4,230.0,0.0,DET,20.0,80.0,10.0,5.0,0.0,0.0,DET,GB,(3:50) (Shotgun) M.Stafford pass short right to B.Pettigrew pushed ob at DET 25 for 5 yards (A.Hawk). GB-N.Perry was injured during the play.,1,5.0,0,0,0,0,Pass,M.Stafford,00-0026498,1,Complete,Short,3.0,0.0,0,right,0,,,0,,,B.Pettigrew,00-0026996,1,A.Hawk,0,0,0,0,0.0,3.0,22.0,-19.0,19.0,GB,DET,0,2,1,2,1,2,0.4257920474265128,0.0927214768798384,0.0033470678664726,0.1366515043388917,0.1218245108398365,0.0018381194052431,0.1868941394554207,0.0,0.0,0.4359896507732383,0.052244325572623,-0.1583575805893922,0.2106019061620152,0.9902734533481602,0.0097265466518398,0.9906246462130924,0.0093753537869077,0.0097265466518398,-0.0003511928649320758,-0.0007890815832299145,0.00043788871829783874,2013
2009-09-20,2009092009.0,6.0,1,,00:09,1,2709.0,4.0,BUF,30.0,30.0,0.0,0.0,0.0,,TB,BUF,R.Lindell kicks 73 yards from BUF 30 to TB -3. C.Smith to TB 23 for 26 yards (A.Palmer).,1,17.5,0,0,0,0,Kickoff,,,0,,,0.0,0.0,0,,0,,,0,,,,,0,A.Palmer,0,0,0,0,0.0,0.0,16.0,-16.0,16.0,BUF,TB,0,2,3,2,3,2,0.0517949452843303,0.1657517146049157,0.0060429580844659,0.2506446481229826,0.2085623241900141,0.0032973990076989,0.3139060107055923,0.0,0.0,0.5657702486800287,0.2812432501059676,,,0.913190548369128,0.0868094516308719,0.9101795951217588,0.0898204048782411,0.0868094516308719,0.0030109532473692,,,2009
2014-12-07,2014120700.0,11.0,2,2.0,01:43,2,1903.0,0.0,CIN,45.0,45.0,1.0,81.0,0.0,1.0,PIT,CIN,(1:43) (Shotgun) B.Roethlisberger pass short left to A.Brown ran ob at CIN 38 for 7 yards (A.Jones).,1,7.0,0,0,0,0,Pass,B.Roethlisberger,00-0022924,1,Complete,Short,7.0,0.0,0,left,0,,,0,,,A.Brown,00-0027793,1,A.Jones,0,0,0,0,0.0,7.0,14.0,-7.0,7.0,CIN,PIT,0,2,2,2,2,2,0.4257920474265128,0.0291483865567841,0.0002679321403852466,0.0203280875088941,0.2465021377831651,0.0006747527289101414,0.2605156858237717,0.0,0.0,2.334188083060336,0.2140087300483322,0.2140087300483322,0.0,0.65402487208469,0.34597512791531,0.6465119037762705,0.3534880962237294,0.34597512791531,0.0075129683084193,0.0075129683084193,0.0,2014
2014-10-26,2014102610.0,25.0,4,2.0,00:45,1,45.0,4.0,CLE,31.0,31.0,10.0,55.0,0.0,0.0,OAK,CLE,(:45) (Shotgun) D.Carr pass short left to M.Rivera to CLE 25 for 6 yards (B.Skrine).,1,6.0,0,0,0,0,Pass,D.Carr,00-0031280,1,Complete,Short,6.0,0.0,0,left,0,,,0,,,M.Rivera,00-0030514,1,B.Skrine,0,0,0,0,0.0,6.0,23.0,-17.0,17.0,CLE,OAK,0,0,2,0,2,0,0.3970839615264736,0.0247860831665608,0.00016974246992932656,0.0181837500210163,0.3336224379643858,0.000680686913945069,0.2254733379376889,0.0,0.0,2.378558068698214,-0.0191502215965146,-0.0191502215965146,0.0,0.9912578104818636,0.0087421895181362,0.9875562934258768,0.0124437065741232,0.0087421895181362,0.0037015170559869,0.0037015170559869,0.0,2014
2012-12-16,2012121610.0,9.0,2,1.0,06:17,7,2177.0,23.0,BUF,20.0,20.0,20.0,49.0,1.0,0.0,SEA,BUF,"(6:17) (Shotgun) M.Lynch up the middle to BUF 13 for 7 yards (K.Moore, G.Wilson).",1,7.0,0,0,0,0,Run,,,0,,,0.0,0.0,0,,0,M.Lynch,00-0025399,1,middle,,,,0,K.Moore,0,0,0,0,0.0,24.0,7.0,17.0,17.0,BUF,SEA,0,2,3,2,3,2,0.0585044957868553,0.0154700738521391,4.14051602671235e-06,0.0161173174259286,0.4968873257107929,0.0010378167154592,0.4119788299927979,0.0,0.0,4.217349695942912,0.1032367910210192,,,0.030812411951493,0.9691875880485068,0.0297212064489773,0.9702787935510226,0.9691875880485068,0.0010912055025157,,,2012
2015-09-13,2015091311.0,13.0,3,1.0,12:23,13,1643.0,12.0,TEN,46.0,54.0,10.0,16.0,0.0,1.0,TEN,TB,(12:23) B.Sankey left end pushed ob at TB 38 for 16 yards (C.Conte).,1,16.0,0,0,0,0,Run,,,0,,,0.0,0.0,0,,0,B.Sankey,00-0031413,1,left,end,,,0,C.Conte,0,0,0,0,0.0,34.0,7.0,20.5,23.0,TB,TEN,0,3,3,3,3,3,0.0015949608719828,0.0965498036306892,0.0007395847858331999,0.1495426082984722,0.3063957992455604,0.0035531706809144,0.4416240724865474,0.0,0.0,2.6797354079513025,1.0033828114996033,,,0.0005141585848957853,0.9994858414151042,0.0002715055633081276,0.999728494436692,0.9994858414151042,0.00024265302158765767,,,2015
2013-10-13,2013101301.0,23.0,5,4.0,10:25,11,-275.0,42.0,BUF,37.0,37.0,5.0,40.0,0.0,1.0,CIN,BUF,"(10:25) K.Huber punts 30 yards to BUF 7, Center-C.Harris, fair catch by L.McKelvin.",1,0.0,0,0,0,0,Punt,,,0,,,0.0,0.0,0,,0,,,0,,,,,0,,0,0,0,0,0.0,24.0,24.0,0.0,0.0,BUF,CIN,0,2,2,2,2,2,0.0910748717586219,0.103156386569793,0.0009475495976153003,0.1546375156422721,0.4549333523946997,0.0052939014122699,0.1899564226247279,0.0,0.0,1.3112559499812195,-0.8140028545203888,,,0.5732459665416572,0.4267540334583428,0.3599472331339464,0.6400527668660536,0.4267540334583428,0.05888471184731932,,,2013
2009-12-27,2009122705.0,18.0,4,,03:16,4,196.0,6.0,CAR,19.0,19.0,0.0,20.0,0.0,0.0,,,Timeout #2 by NYG at 03:16.,1,0.0,0,0,0,0,Timeout,,,0,,,0.0,0.0,0,,0,,,0,,,,,0,,0,0,0,0,0.0,,,,,NYG,CAR,1,3,2,3,1,3,0.0,0.0,0.0,0.0,0.0,0.0,0.0,0.0,0.0,0.0,0.0,,,,,,,,0.0,,,2009
2012-09-16,2012091603.0,14.0,4,3.0,13:51,14,831.0,40.0,IND,36.0,64.0,4.0,6.0,0.0,0.0,IND,MIN,(13:51) (Shotgun) A.Luck pass incomplete short middle to K.Adams.,1,0.0,0,0,0,0,Pass,A.Luck,00-0029668,1,Incomplete Pass,Short,6.0,0.0,0,middle,0,,,0,,,K.Adams,00-0028338,0,,0,0,0,0,0.0,20.0,6.0,14.0,14.0,IND,MIN,0,3,3,3,3,3,0.0550179275766538,0.1545925681330631,0.0027758740308399,0.2300269243100148,0.2211598177205307,0.0037555424264242,0.3326713458024734,0.0,0.0,0.9201720360007812,-1.823424813445508,1.5445666738766082,-3.1387746044711373,0.9176540908308866,0.0823459091691134,0.8927725722495824,0.1072274277504176,0.9176540908308866,-0.0248815185813041,0.0183746501398579,-0.0432561687211621,2012
2015-10-11,2015101108.0,9.0,2,,10:56,11,2456.0,0.0,ARI,35.0,35.0,0.0,24.0,0.0,,DET,ARI,"C.Catanzaro kicks 73 yards from ARI 35 to DET -8. A.Abdullah to DET 33 for 41 yards (S.Taylor). FUMBLES (S.Taylor), ball out of bounds at DET 33. Ball touched by a player that was out of bounds. Arizona challenged the loose ball recovery ruling, and the play was Upheld. The ruling on the field stands. (Timeout #1.)",1,17.5,0,0,0,0,Kickoff,,,0,,,0.0,0.0,0,,0,,,0,,,,,0,S.Taylor,1,0,1,0,0.0,7.0,14.0,-7.0,7.0,DET,ARI,1,2,2,3,2,2,0.1314139410643187,0.1505088575580326,0.0054669947220001,0.2254248634771583,0.1924580766874283,0.0029902612658228,0.291737005225239,0.0,0.0,0.5850791827123973,1.103405503107974,,,0.257648104797709,0.742351895202291,0.3053942852862399,0.69460571471376,0.257648104797709,0.0477461804885309,,,2015
2016-12-11,2016121113.0,29.0,4,1.0,01:06,2,66.0,9.0,DAL,3.0,97.0,10.0,0.0,0.0,0.0,DAL,NYG,(1:06) (Shotgun) D.Prescott pass incomplete short right to J.Witten.,1,0.0,0,0,0,0,Pass,D.Prescott,00-0033077,1,Incomplete Pass,Short,4.0,0.0,0,right,0,,,0,,,J.Witten,00-0022127,0,,0,0,0,0,0.0,7.0,10.0,-3.0,3.0,NYG,DAL,0,0,2,0,2,0,0.4257920474265128,0.0535337000475313,0.009553273933919493,0.0389554460285416,0.06555981299686,0.0003430601307887329,0.0596063969589654,0.0,0.0,0.1604647949080088,-0.1570092583790401,-0.0216385275587817,-0.1353707308202583,0.8355036752113234,0.1644963247886766,0.8536449866289708,0.1463550133710292,0.1644963247886766,-0.0181413114176473,-0.0154318871479968,-0.0027094242696504,2016
2015-09-27,2015092707.0,19.0,4,2.0,04:03,5,243.0,7.0,CIN,16.0,16.0,1.0,79.0,0.0,0.0,BAL,CIN,"(4:03) (Shotgun) J.Flacco pass deep right to S.Smith for 16 yards, TOUCHDOWN. Steve Smith ties Ravens' single game record with 13 receptions. Priest Holmes shares record.",1,16.0,1,1,0,0,Pass,J.Flacco,00-0026158,1,Complete,Deep,10.0,0.0,0,right,0,,,0,,,S.Smith,00-0020337,1,,0,0,0,0,0.0,10.0,21.0,-11.0,11.0,BAL,CIN,0,2,2,3,2,3,0.1212018365904324,0.0202405140443013,2.3797140982691232e-05,0.0288177721788011,0.3217291044590297,0.0018784222372965,0.506108553349156,0.0,0.0,4.249210489629297,2.311291607352805,2.750789510370703,0.0,0.1606478947401508,0.8393521052598492,0.2764344196515008,0.7235655803484992,0.1606478947401508,0.05888471184731932,0.10628588579079232,0.0,2015
2014-12-07,2014120706.0,12.0,2,,01:55,2,1915.0,8.0,NO,25.0,25.0,0.0,8.0,0.0,0.0,,,Two-Minute Warning,1,0.0,0,0,0,0,Two Minute Warning,,,0,,,0.0,0.0,0,,0,,,0,,,,,0,,0,0,0,0,0.0,,,,,NO,CAR,0,0,1,0,1,0,0.0,0.0,0.0,0.0,0.0,0.0,0.0,0.0,0.0,0.0,0.9812556740220792,,,,,,,,,,,2014
2016-09-18,2016091812.0,16.0,3,3.0,08:28,9,1408.0,5.0,SD,39.0,61.0,9.0,14.0,0.0,0.0,SD,JAX,(8:28) (Shotgun) P.Rivers sacked at SD 33 for -6 yards (D.Fowler).,1,-6.0,0,0,0,0,Sack,,00-0022942,0,,,0.0,0.0,1,,0,,,0,,,,,0,D.Fowler,0,1,0,0,0.0,28.0,0.0,20.5,23.0,SD,JAX,0,2,2,3,2,3,0.0054138596135926,0.1676058642831276,0.0026951970315457,0.2598646587512571,0.2582403194887046,0.0047634710865359,0.3014166297452362,0.0,0.0,0.5669037106845651,-2.332261319060522,,,0.9990971968415828,0.0009028031584171758,0.9967734501112966,0.0032265498887034,0.9990971968415828,-0.0023237467302862,,,2016
2011-09-19,2011091900.0,9.0,2,1.0,13:20,14,2600.0,9.0,STL,24.0,76.0,10.0,33.0,0.0,1.0,STL,NYG,(13:20) S.Bradford pass deep middle to M.Sims-Walker to NYG 43 for 33 yards (K.Phillips).,1,17.5,0,0,0,0,Pass,S.Bradford,00-0027854,1,Complete,Deep,10.0,0.0,0,middle,0,,,0,,,M.Sims-Walker,00-0025466,1,K.Phillips,0,0,0,0,0.0,6.0,7.0,-1.0,1.0,NYG,STL,0,3,3,3,3,3,0.072745931601037,0.1485865025749128,0.004247406928065,0.223631103914409,0.218626252496617,0.0032456089626482,0.3289171935223107,0.0,0.0,0.9451182810895908,2.311291607352805,1.660483809160059,0.8321952904078056,0.531402486377949,0.468597513622051,0.4543893688775569,0.5456106311224431,0.468597513622051,0.05888471184731932,0.0501237971505993,0.0268893203497927,2011
2009-09-14,2009091401.0,16.0,3,1.0,04:09,5,1149.0,9.0,OAK,27.0,73.0,10.0,0.0,0.0,0.0,OAK,SD,(4:09) J.Russell pass incomplete deep left to D.Heyward-Bey.,1,0.0,0,0,0,0,Pass,J.Russell,00-0025388,1,Incomplete Pass,Deep,10.0,0.0,0,left,0,,,0,,,D.Heyward-Bey,00-0026983,0,,0,0,0,0,0.0,10.0,10.0,0.0,0.0,OAK,SD,0,3,3,2,3,2,0.017811392390218,0.1494135785202077,0.0035812269746108,0.2277671250114127,0.2405250163103845,0.0035085183454153,0.3573931424477507,0.0,0.0,1.1805710181665057,-0.7471943859973564,1.8632737307552536,-2.6104681167526103,0.513713132909253,0.486286867090747,0.4885319924534189,0.5114680075465811,0.513713132909253,-0.025181140455834,0.0654653138235621,-0.06361267904339468,2009
2010-12-19,2010121905.0,14.0,3,,13:25,14,1705.0,8.0,WAS,11.0,11.0,0.0,4.0,0.0,0.0,,,Timeout #1 by DAL at 13:25.,1,0.0,0,0,0,0,Timeout,,,0,,,0.0,0.0,0,,0,,,0,,,,,0,,0,0,0,0,0.0,,,,,DAL,WAS,1,3,3,3,2,3,0.0,0.0,0.0,0.0,0.0,0.0,0.0,0.0,0.0,0.0,0.0,,,,,,,,0.0,,,2010
2016-12-01,2016120100.0,24.0,4,1.0,00:24,1,24.0,1.0,MIN,49.0,49.0,10.0,-1.0,0.0,0.0,DAL,MIN,(:24) (Run formation) D.Prescott kneels to 50 for -1 yards.,1,-1.0,0,0,0,0,QB Kneel,,,0,,,0.0,0.0,0,,0,,00-0033077,0,,,,,0,,0,0,0,0,0.0,17.0,15.0,2.0,2.0,MIN,DAL,0,2,0,2,0,2,0.4257920474265128,0.0,0.0,0.0,0.0,0.0,0.0,0.0,0.0,0.0,0.0,,,0.0775617402197463,0.9224382597802536,0.0,1.0,0.9224382597802536,0.05888471184731932,,,2016
2014-10-12,2014101212.0,20.0,3,3.0,00:46,1,946.0,34.0,MID,50.0,50.0,13.0,28.0,0.0,0.0,PHI,NYG,(:46) (Shotgun) N.Foles pass incomplete deep right to Z.Ertz.,1,0.0,0,0,0,0,Pass,N.Foles,00-0029567,1,Incomplete Pass,Deep,10.0,0.0,0,right,0,,,0,,,Z.Ertz,00-0030061,0,,0,0,0,0,0.0,27.0,0.0,20.5,23.0,PHI,NYG,0,3,3,3,3,3,0.0271575313685142,0.1258621758635052,0.001263762422856,0.1958013805568492,0.3368595242215546,0.0049098958845156,0.3081457296822049,0.0,0.0,1.4266947558749563,-1.4126589702077237,3.151212688331164,-3.1387746044711373,0.9991767501338032,0.0008232498661968624,0.9981735216700904,0.0018264783299094,0.9991767501338032,-0.0010032284637125,0.0007118718049159423,-0.0017151002686285,2014
2014-12-07,2014120706.0,5.0,1,2.0,08:43,9,3223.0,29.0,NO,29.0,29.0,1.0,60.0,0.0,1.0,CAR,NO,"(8:43) (Shotgun) C.Newton pass short right to C.Brown to NO 11 for 18 yards (P.Robinson). Pass 13, YAC 5",1,17.5,0,0,0,0,Pass,C.Newton,00-0027939,1,Complete,Short,10.0,0.0,0,right,0,,,0,,,C.Brown,00-0031118,1,P.Robinson,0,0,0,0,0.0,10.0,0.0,10.0,10.0,NO,CAR,0,2,3,2,3,2,0.0019053981135195,0.0396419263466828,8.871785571914597e-05,0.058851191896954,0.3421544058778534,0.0027545511307525,0.5546038087785184,0.0,0.0,4.383137423314529,0.2767938588723098,0.1534722796072278,0.1233215792650819,0.1220611521592149,0.877938847840785,0.1174294832375641,0.8825705167624358,0.877938847840785,0.0046316689216507,0.0023619991592643,0.0022696697623864,2014
2015-11-01,2015110108.0,8.0,2,3.0,09:34,10,2374.0,6.0,CLE,41.0,59.0,10.0,50.0,0.0,1.0,CLE,ARI,"(9:34) (Shotgun) J.McCown pass short middle to G.Barnidge to ARI 46 for 13 yards (T.Jefferson). Arizona challenged the incomplete pass ruling, and the play was Upheld. The ruling on the field stands. (Timeout #1.)",1,13.0,0,0,0,0,Pass,J.McCown,00-0021206,1,Complete,Short,10.0,0.0,0,middle,0,,,0,,,G.Barnidge,00-0026281,1,T.Jefferson,0,0,1,0,0.0,14.0,7.0,7.0,7.0,CLE,ARI,1,2,2,3,2,2,0.1308246114791056,0.136805243313301,0.0019982215799173,0.2064490125273287,0.2440259696285697,0.0041175651205071,0.2757793763512704,0.0,0.0,0.8112134127945778,2.2963033671788624,2.2706271907836406,0.0256761763952217,0.7314087244827321,0.2685912755172679,0.8097256016435598,0.1902743983564402,0.7314087244827321,0.05888471184731932,0.0660198710150868,0.0122970061457408,2015
2014-11-09,2014110909.0,6.0,1,2.0,03:18,4,2898.0,37.0,SEA,45.0,55.0,2.0,34.0,0.0,1.0,SEA,NYG,(3:18) G.Gilliam reported in as eligible.  R.Wilson right end to NYG 43 for 12 yards (Q.Demps).,1,12.0,0,0,0,0,Run,,,0,,,0.0,0.0,0,,0,R.Wilson,00-0029263,1,right,end,,,0,Q.Demps,0,0,0,0,0.0,7.0,7.0,0.0,0.0,SEA,NYG,0,3,3,3,3,3,0.0151476994526341,0.0959166304149514,0.0008387928851103686,0.1419602787102888,0.2796974261808084,0.0035253925510958,0.462913779805111,0.0,0.0,2.803390094293297,0.6731412654300835,,,0.572033807285678,0.427966192714322,0.5907195595795695,0.4092804404204305,0.572033807285678,0.0186857522938914,,,2014
2009-09-13,2009091305.0,20.0,4,,05:57,6,357.0,42.0,NYJ,13.0,13.0,0.0,40.0,0.0,,,,Timeout #1 by HOU at 05:57.,1,0.0,0,0,0,0,Timeout,,,0,,,0.0,0.0,0,,0,,,0,,,,,0,,0,0,0,0,0.0,,,,,HOU,NYJ,1,3,3,3,2,3,0.0,0.0,0.0,0.0,0.0,0.0,0.0,0.0,0.0,0.0,0.0,,,,,,,,0.0,,,2009
2012-10-21,2012102103.0,13.0,3,3.0,11:26,12,1586.0,47.0,TB,45.0,55.0,11.0,53.0,0.0,1.0,TB,NO,(11:26) (Shotgun) J.Freeman pass deep right to V.Jackson to NO 27 for 28 yards (J.Greer).,1,17.5,0,0,0,0,Pass,J.Freeman,00-0026993,1,Complete,Deep,10.0,0.0,0,right,0,,,0,,,V.Jackson,00-0023496,1,J.Greer,0,0,0,0,0.0,21.0,28.0,-7.0,7.0,TB,NO,0,3,3,3,3,3,0.0023645679964846,0.1489730627134417,0.0018645536126044,0.2351991372683949,0.3018284274550333,0.0050434979806431,0.3047267529733978,0.0,0.0,0.9516172928958726,2.311291607352805,3.182271245516671,0.0428193775830445,0.2822510082599419,0.7177489917400581,0.3931149765861909,0.6068850234138092,0.2822510082599419,0.05888471184731932,0.10628588579079232,0.0003778643042088303,2012
2014-10-05,2014100501.0,21.0,4,1.0,00:23,1,23.0,6.0,DAL,41.0,59.0,10.0,24.0,0.0,0.0,DAL,HOU,(:23) (Shotgun) T.Romo pass incomplete short left to D.Bryant. Pass incomplete on a bubble screen.,1,0.0,0,0,0,0,Pass,T.Romo,00-0021678,1,Incomplete Pass,Short,-3.0,0.0,0,left,0,,,0,,,D.Bryant,00-0027902,0,,0,0,0,0,0.0,17.0,17.0,0.0,0.0,DAL,HOU,0,3,3,1,3,1,0.4257920474265128,0.0338528697094962,0.0006634759115866977,0.0244571877445782,0.1720437157072821,0.0005300200931201191,0.1515167037680453,0.0,0.0,1.3037222385206937,-0.2316846381129931,-0.382863080569904,0.1511784424569109,0.8674047490237105,0.1325952509762895,0.8557838600765726,0.1442161399234274,0.8674047490237105,-0.0116208889471378,-0.0156192926851131,0.0039984037379753,2014
2009-11-22,2009112201.0,2.0,1,1.0,13:18,14,3498.0,8.0,WAS,16.0,84.0,10.0,1.0,0.0,0.0,WAS,DAL,(13:18) L.Betts left tackle to WAS 17 for 1 yard (I.Olshansky; D.Ware).,1,1.0,0,0,0,0,Run,,,0,,,0.0,0.0,0,,0,L.Betts,00-0021184,1,left,tackle,,,0,I.Olshansky,0,0,0,0,0.0,0.0,0.0,0.0,0.0,DAL,WAS,0,3,3,3,3,3,0.0024283562277624,0.1927037859268701,0.0090498745485458,0.3004145666337335,0.1985723579394878,0.0035036659503652,0.2933273927732349,0.0,0.0,-0.0430969181819982,-0.6152413022099492,,,0.5191559061057511,0.4808440938942488,0.5352906888358587,0.4647093111641412,0.4808440938942488,-0.0161347827301076,,,2009
2016-12-04,2016120403.0,12.0,3,1.0,07:54,8,1374.0,25.0,CIN,35.0,65.0,10.0,37.0,0.0,1.0,CIN,PHI,"(7:54) J.Hill left end pushed ob at CIN 36 for 1 yard (N.Bradham). PENALTY on PHI-N.Bradham, Unnecessary Roughness, 15 yards, enforced at CIN 36.",1,1.0,0,0,0,0,Run,,,0,,,0.0,0.0,0,,0,J.Hill,00-0031301,1,left,end,,,0,N.Bradham,0,0,0,1,0.0,26.0,0.0,20.5,23.0,CIN,PHI,0,3,3,3,3,3,0.0061238666357158,0.1265017207317408,0.0018760931163884,0.1942618572770942,0.2707113748396627,0.0035894556588101,0.3969356317405877,0.0,0.0,1.854772108653063,1.2281492682322814,,,0.9985894322585858,0.0014105677414142,0.9993164551573006,0.0006835448426993906,0.9985894322585858,0.0007270228987148464,,,2016
2014-09-21,2014092112.0,14.0,3,4.0,10:16,11,1516.0,41.0,MID,50.0,50.0,1.0,21.0,0.0,1.0,SEA,DEN,"(10:16) J.Ryan punts 43 yards to DEN 7, Center-C.Gresham, downed by SEA-J.Johnson.",1,0.0,0,0,0,0,Punt,,,0,,,0.0,0.0,0,,0,,,0,,,,,0,,0,0,0,0,0.0,17.0,3.0,14.0,14.0,SEA,DEN,0,3,3,3,3,3,0.0036986516731404,0.1687863786400399,0.0018362969751308,0.2678855145906313,0.2370702026776364,0.0059531084374198,0.3147698470060011,0.0,0.0,0.5412754219449556,0.3265957630889189,,,0.8981566263811653,0.1018433736188346,0.9079222086839664,0.0920777913160335,0.8981566263811653,0.0097655823028011,,,2014
2010-09-26,2010092602.0,14.0,3,3.0,10:48,11,1548.0,43.0,TB,46.0,46.0,10.0,26.0,0.0,0.0,PIT,TB,"(10:48) (Shotgun) C.Batch pass short middle to I.Redman to TB 37 for 9 yards (G.Hayes, C.Grimm).",1,9.0,0,0,0,0,Pass,C.Batch,00-0000865,1,Complete,Short,1.0,0.0,0,middle,0,,,0,,,I.Redman,00-0026566,1,G.Hayes,0,0,0,0,0.0,28.0,6.0,20.5,22.0,TB,PIT,0,3,3,3,3,3,0.0022497199358301,0.1151552076827063,0.0009809839830934124,0.1832761067070241,0.365101363288895,0.0048752901674553,0.3283613282349957,0.0,0.0,1.773223629883091,-0.1878190877625856,-1.3540626236273887,1.1662435358648031,0.0109322556376024,0.9890677443623976,0.0116784185844895,0.9883215814155104,0.9890677443623976,-0.0007461629468871189,-0.0073496542293752,0.0066034912824881,2010
2011-09-18,2011091808.0,1.0,1,2.0,14:18,15,3558.0,42.0,CHI,21.0,79.0,9.0,1.0,0.0,0.0,CHI,NO,(14:18) J.Cutler pass incomplete short right to M.Spaeth [J.Casillas].,1,0.0,0,0,0,0,Pass,J.Cutler,00-0024226,1,Incomplete Pass,Short,0.0,0.0,1,right,0,,,0,,,M.Spaeth,00-0025464,0,,0,0,0,0,0.0,0.0,0.0,0.0,0.0,NO,CHI,0,3,3,3,3,3,0.0017826964390108,0.2015504007749235,0.0072567126423029,0.3142887810810007,0.1944282207044794,0.0039135835353643,0.2767796048229181,0.0,0.0,-0.2906170322317878,-0.9662063170472248,-0.9665983143695208,0.0003919973222961115,0.5296904892369717,0.4703095107630283,0.5576631481354429,0.442336851864557,0.4703095107630283,-0.0279726588984712,-0.0280576054644684,8.494656599722372e-05,2011
2013-09-22,2013092213.0,17.0,3,1.0,03:20,4,1100.0,9.0,PIT,31.0,69.0,10.0,22.0,0.0,1.0,PIT,CHI,(3:20) B.Roethlisberger pass deep right to H.Miller to CHI 47 for 22 yards (T.Jennings).,1,17.5,0,0,0,0,Pass,B.Roethlisberger,00-0022924,1,Complete,Deep,10.0,0.0,0,right,0,,,0,,,H.Miller,00-0023465,1,T.Jennings,0,0,0,0,0.0,13.0,26.0,-13.0,13.0,PIT,CHI,0,3,3,3,3,3,0.0198683050345934,0.1357322541296576,0.0025530447181267,0.2064064148854649,0.2545301175751507,0.0035006962522257,0.3774091674047807,0.0,0.0,1.555308161039888,1.6851908718504425,1.3571744587984187,0.3280164130520235,0.1272033969054201,0.87279660309458,0.1577316189355539,0.8422683810644461,0.1272033969054201,0.0305282220301338,0.0252223342380462,0.0053058877920876,2013
2014-11-30,2014113008.0,16.0,3,2.0,07:15,8,1335.0,4.0,CIN,37.0,63.0,10.0,4.0,0.0,0.0,CIN,TB,(7:15) (Shotgun) A.Dalton pass short left to G.Bernard pushed ob at CIN 41 for 4 yards (D.Lansanah).,1,4.0,0,0,0,0,Pass,A.Dalton,00-0027973,1,Complete,Short,-1.0,0.0,0,left,0,,,0,,,G.Bernard,00-0030456,1,D.Lansanah,0,0,0,0,0.0,7.0,10.0,-3.0,3.0,TB,CIN,0,3,3,3,3,3,0.0072158231865407,0.1420388974705345,0.0023922270981441,0.2192379153811192,0.2706593013698927,0.0039324089232982,0.3545234265704703,0.0,0.0,1.335940153673841,-0.3084920760789962,-1.1527763083127278,0.8442842322337316,0.5728925119627337,0.4271074880372663,0.5842159781570231,0.4157840218429769,0.4271074880372663,-0.0113234661942893,-0.0395102208411985,0.0281867546469091,2014
2015-12-24,2015122400.0,23.0,4,1.0,04:47,5,287.0,15.0,SD,3.0,3.0,3.0,3.0,1.0,0.0,OAK,SD,"(4:47) D.Carr pass short left to M.Crabtree for 3 yards, TOUCHDOWN.",1,3.0,1,1,0,0,Pass,D.Carr,00-0031280,1,Complete,Short,3.0,0.0,0,left,0,,,0,,,M.Crabtree,00-0026986,1,,0,0,0,0,0.0,12.0,17.0,-5.0,5.0,OAK,SD,0,2,2,2,2,2,0.0412757414508564,0.0087363077644305,1.6629466196823624e-05,0.01065394932614,0.1568246313729126,0.0017590086163476,0.7325144085922225,0.0,0.0,5.838308207864579,1.1616917921354206,1.1616917921354206,0.0,0.5430041180289673,0.4569958819710327,0.6011477531309664,0.3988522468690336,0.5430041180289673,0.058143635101999,0.058143635101999,0.0,2015
2014-12-11,2014121100.0,15.0,3,3.0,08:14,9,1394.0,27.0,STL,39.0,39.0,20.5,37.0,0.0,0.0,ARI,STL,(8:14) (Shotgun) R.Lindley pass short middle to M.Floyd to STL 33 for 6 yards (R.McLeod).,1,6.0,0,0,0,0,Pass,R.Lindley,00-0029531,1,Complete,Short,4.0,0.0,0,middle,0,,,0,,,M.Floyd,00-0029638,1,R.McLeod,0,0,0,0,0.0,6.0,3.0,3.0,3.0,STL,ARI,0,3,3,3,3,3,0.0035250249956487,0.0994805497228151,0.0006328299420277721,0.1610705913663797,0.434292547372158,0.0054084112915466,0.2955900453094239,0.0,0.0,1.955623333248376,-0.7508877614691964,-0.6316299901856859,-0.1192577712835105,0.345484774270849,0.654515225729151,0.373611287839846,0.626388712160154,0.654515225729151,-0.0281265135689969,-0.0235549598219869,-0.00457155374701,2014
2010-01-03,2010010302.0,19.0,4,2.0,01:01,2,61.0,19.0,CLE,43.0,43.0,10.0,55.0,0.0,0.0,JAC,CLE,(1:01) (Shotgun) D.Garrard pass short right to Z.Miller ran ob at CLE 40 for 3 yards (R.Ventrone).,1,3.0,0,0,0,0,Pass,D.Garrard,00-0021231,1,Complete,Short,1.0,0.0,0,right,0,,,0,,,Z.Miller,00-0027125,1,R.Ventrone,0,0,0,0,0.0,10.0,23.0,-13.0,13.0,CLE,JAC,0,0,0,0,0,0,0.4257920474265128,0.0328850534996577,0.0004016260470550606,0.0240762665951118,0.2697260091665186,0.0006875861851352769,0.1931453394690335,0.0,0.0,1.8945782973941947,-0.208030187810708,-0.3311517330818725,0.1231215452711644,0.9910193145288532,0.0089806854711469,0.9915217489039484,0.0084782510960517,0.0089806854711469,-0.0005024343750952513,-0.0006673828589200577,0.00016494848382480644,2009
2016-11-24,2016112402.0,2.0,1,3.0,10:46,11,3346.0,44.0,IND,38.0,38.0,8.0,44.0,0.0,1.0,PIT,IND,(10:46) (Shotgun) B.Roethlisberger pass short middle to E.Rogers to IND 8 for 30 yards (P.Robinson).,1,17.5,0,0,0,0,Pass,B.Roethlisberger,00-0022924,1,Complete,Short,10.0,0.0,0,middle,0,,,0,,,E.Rogers,00-0031782,1,P.Robinson,0,0,0,0,0.0,0.0,0.0,0.0,0.0,IND,PIT,0,3,3,3,3,3,0.0018354176362896,0.0877992891126087,0.0005307414229334732,0.1405371313351931,0.4161873253314716,0.0044763320440903,0.348633763117413,0.0,0.0,2.449731712374441,2.311291607352805,1.7638022023331534,1.0968154113328508,0.4387150764391705,0.5612849235608295,0.3407433942640884,0.6592566057359116,0.5612849235608295,0.05888471184731932,0.058575978696517,0.039395703478565,2016
2009-12-06,2009120605.0,10.0,2,2.0,03:45,4,2025.0,40.0,JAC,40.0,40.0,11.0,48.0,0.0,0.0,HOU,JAC,(3:45) M.Schaub pass short left to C.Brown to JAC 34 for 6 yards (R.Allen; D.Smith).,1,6.0,0,0,0,0,Pass,M.Schaub,00-0022787,1,Complete,Short,3.0,0.0,0,left,0,,,0,,,C.Brown,00-0022092,1,R.Allen,0,0,0,0,0.0,0.0,17.0,-17.0,17.0,JAC,HOU,0,3,2,3,2,3,0.256401617032912,0.0529763832111369,0.0002943999593594454,0.078964400767075,0.278089959977389,0.00244471778438,0.3308285212677476,0.0,0.0,2.442690209453505,-0.1569180639473462,-0.4036077043667272,0.246689640419381,0.8890550103389435,0.1109449896610565,0.8921047553000266,0.1078952446999734,0.1109449896610565,-0.0030497449610831,-0.0054586611074538,0.0024089161463707,2009
2010-01-03,2010010313.0,21.0,4,2.0,02:49,3,169.0,0.0,BAL,10.0,90.0,9.0,6.0,0.0,0.0,BAL,OAK,"(2:49) W.McGahee right tackle to BAL 15 for 5 yards (K.Morrison, T.Branch).",1,5.0,0,0,0,0,Run,,,0,,,0.0,0.0,0,,0,W.McGahee,00-0022178,1,right,tackle,,,0,K.Morrison,0,0,0,0,0.0,21.0,13.0,8.0,8.0,OAK,BAL,0,2,1,2,1,2,0.4257920474265128,0.102597066077442,0.0061322802504635,0.15027828528517,0.0696082802107258,0.0015388361592657,0.1093100657550801,0.0,0.0,-0.3949307824931739,0.0119317436676001,,,0.0998332118086916,0.9001667881913084,0.0970897001036809,0.9029102998963192,0.9001667881913084,0.0027435117050107,,,2009
2015-09-27,2015092708.0,2.0,1,2.0,07:01,8,3121.0,6.0,CLE,18.0,82.0,19.0,3.0,0.0,0.0,CLE,OAK,(7:01) (Shotgun) J.McCown pass short left to G.Barnidge to CLE 24 for 6 yards (N.Thorpe).,1,6.0,0,0,0,0,Pass,J.McCown,00-0021206,1,Complete,Short,2.0,0.0,0,left,0,,,0,,,G.Barnidge,00-0026281,1,N.Thorpe,0,0,0,0,0.0,0.0,3.0,-3.0,3.0,CLE,OAK,0,3,3,3,3,3,0.0104805970804151,0.2171349218470018,0.009553273933919493,0.3382309211438152,0.1833249324898815,0.0037463730791815,0.2369240532759451,0.0,0.0,-0.823401699155607,-0.225754545623755,-0.7514773174734575,0.5257227718497024,0.3749744677248153,0.6250255322751848,0.3677310008608744,0.6322689991391256,0.3749744677248153,-0.0072434668639408,-0.0253330853358531,0.0180896184719122,2015
2010-11-14,2010111410.0,16.0,3,1.0,04:44,5,1184.0,22.0,SF,36.0,36.0,18.0,36.0,0.0,0.0,STL,SF,(4:44) S.Bradford pass short right to B.Gibson to SF 28 for 8 yards (P.Adams).,1,8.0,0,0,0,0,Pass,S.Bradford,00-0027854,1,Complete,Short,6.0,0.0,0,right,0,,,0,,,B.Gibson,00-0026937,1,P.Adams,0,0,0,0,0.0,10.0,10.0,0.0,0.0,SF,STL,0,3,3,3,3,3,0.0059825025753769,0.0589262424745472,0.00015365176594172932,0.0894179435727901,0.3840464106039049,0.0035416014393858,0.4579316475680532,0.0,0.0,3.5617323317018035,0.1576919889381214,0.0092825272465857,0.1484094616915356,0.3985280427732143,0.6014719572267857,0.3927737836489022,0.6072262163510977,0.6014719572267857,0.005754259124312,0.0003123172527361717,0.0054419418715758,2010
2010-10-03,2010100306.0,16.0,3,1.0,03:07,4,1087.0,7.0,NO,18.0,82.0,10.0,7.0,0.0,0.0,NO,CAR,"(3:07) (Shotgun) D.Brees pass short right to L.Moore to NO 25 for 7 yards (C.Gamble). Pass 7, YAC 0",1,7.0,0,0,0,0,Pass,D.Brees,00-0020531,1,Complete,Short,7.0,0.0,0,right,0,,,0,,,L.Moore,00-0023310,1,C.Gamble,0,0,0,0,0.0,13.0,14.0,-1.0,1.0,NO,CAR,0,3,3,2,3,2,0.0268970755379763,0.1779136327124447,0.0073385075898573,0.2709345573713068,0.2053994741070043,0.0033798505956366,0.3081369020857739,0.0,0.0,0.3349566231965069,0.5514819845260139,0.5514819845260139,0.0,0.450558569585317,0.5494414304146831,0.4684059141933258,0.5315940858066743,0.450558569585317,0.0178473446080087,0.0178473446080087,0.0,2010
2015-10-18,2015101808.0,25.0,4,1.0,02:00,2,120.0,0.0,CAR,46.0,54.0,10.0,40.0,0.0,1.0,CAR,SEA,(2:00) (Shotgun) C.Newton pass short middle to E.Dickson to SEA 40 for 14 yards (D.Shead).,1,14.0,0,0,0,0,Pass,C.Newton,00-0027939,1,Complete,Short,9.0,0.0,0,middle,0,,,0,,,E.Dickson,00-0027675,1,D.Shead,0,0,0,0,0.0,20.0,23.0,-3.0,3.0,SEA,CAR,0,1,3,1,3,1,0.4159865691354747,0.0518514982804651,0.0003884511612710181,0.0758103915629176,0.1813044698215886,0.0018932868043088,0.272765333233974,0.0,0.0,1.770053177606841,0.6420356533346925,0.6099234015346133,0.0321122518000791,0.5825617039545752,0.4174382960454248,0.5869462841777895,0.4130537158222105,0.4174382960454248,-0.0043845802232143,0.0013553040298263,-0.0057398842530406,2015
2013-12-01,2013120101.0,19.0,3,3.0,09:04,10,1444.0,36.0,JAC,17.0,83.0,13.0,-3.0,0.0,0.0,JAC,CLE,(9:04) (Shotgun) C.Henne pass incomplete deep left to C.Shorts.,1,0.0,0,0,0,0,Pass,C.Henne,00-0026197,1,Incomplete Pass,Deep,0.0,0.0,0,left,0,,,0,,,C.Shorts,00-0028052,0,,0,0,0,0,0.0,20.0,21.0,-1.0,1.0,CLE,JAC,0,3,3,3,3,3,0.0062224269468571,0.2570523000671654,0.009553273933919493,0.390951226628115,0.1322310391839053,0.0042825407721317,0.1986667560090721,0.0,0.0,-1.7330774162243232,-1.1347454564835229,-1.1348345741413413,8.911765781860481e-05,0.6062467049073736,0.3937532950926263,0.6460552060831297,0.3539447939168701,0.3937532950926263,-0.0398085011757561,-0.0398032267796334,-5.274396122689762e-06,2013
2013-12-01,2013120105.0,24.0,4,4.0,02:00,2,120.0,29.0,MIA,39.0,61.0,2.0,19.0,0.0,1.0,MIA,NYJ,"(2:00) B.Fields punts 53 yards to NYJ 8, Center-J.Denney. K.Wilson pushed ob at NYJ 14 for 6 yards (A.Spitler).",1,6.0,0,0,0,0,Punt,,,0,,,0.0,0.0,0,,0,,,0,,,,,0,A.Spitler,0,0,0,0,0.0,23.0,3.0,20.0,20.0,NYJ,MIA,0,3,0,3,0,3,0.4257920474265128,0.0983721408788152,0.0014567236404978,0.1437369658012576,0.0754340069747285,0.0025208564179882,0.1382084541695265,0.0,0.0,-0.105385717579397,-0.3932869938201928,,,0.0029111735458785,0.9970888264541214,0.00198433188375,0.99801566811625,0.9970888264541214,0.0009268416621285304,,,2013
2009-11-08,2009110804.0,14.0,3,1.0,10:08,11,1508.0,41.0,JAC,48.0,52.0,10.0,30.0,0.0,0.0,JAC,KC,(10:08) M.Jones-Drew up the middle to JAC 49 for 1 yard (M.Brown).,1,1.0,0,0,0,0,Run,,,0,,,0.0,0.0,0,,0,M.Jones-Drew,00-0024275,1,middle,,,,0,M.Brown,0,0,0,0,0.0,14.0,6.0,8.0,8.0,JAC,KC,0,3,3,3,3,3,0.002595938531941,0.0905330433112862,0.0006133516028536146,0.1394675119748653,0.3122749685155603,0.0034897414951609,0.4510254445683324,0.0,0.0,2.8518840835517065,-0.4828429638085905,,,0.8362971909928265,0.1637028090071735,0.8259966143842459,0.1740033856157541,0.8362971909928265,-0.0103005766085806,,,2009
2013-10-20,2013102005.0,15.0,4,3.0,12:02,13,722.0,43.0,HOU,37.0,63.0,9.0,30.0,0.0,0.0,HOU,KC,(12:02) (Shotgun) C.Keenum sacked at HOU 31 for -6 yards (B.Flowers).,1,-6.0,0,0,0,0,Sack,,00-0028986,0,,,0.0,0.0,1,,0,,,0,,,,,0,B.Flowers,0,1,0,0,0.0,16.0,17.0,-1.0,1.0,KC,HOU,0,2,2,2,2,2,0.0820632605936522,0.158228335747309,0.0027428962431704,0.2384346448816672,0.2308953660314904,0.0042552148249955,0.2833802816777151,0.0,0.0,0.5356451855885291,-2.1130566935327644,,,0.534277241560521,0.4657227584394789,0.6144371745590749,0.385562825440925,0.4657227584394789,-0.05867359827459407,,,2013
2015-11-29,2015112903.0,6.0,2,2.0,14:24,15,2664.0,36.0,HOU,20.0,80.0,6.0,25.0,0.0,1.0,HOU,NO,(14:24) B.Hoyer pass deep left to R.Griffin ran ob at HOU 41 for 21 yards.,1,17.5,0,0,0,0,Pass,B.Hoyer,00-0026625,1,Complete,Deep,10.0,0.0,0,left,0,,,0,,,R.Griffin,00-0030108,1,,0,0,0,0,0.0,14.0,0.0,14.0,14.0,HOU,NO,0,2,2,3,2,3,0.0633313321036162,0.1830438254913883,0.0063829126066269,0.2734623822054123,0.1830655039679981,0.0035490917934332,0.2871649518315246,0.0,0.0,0.090315381186228,2.299463233595321,1.9873173311904828,0.3121459024048383,0.8671472862897905,0.1328527137102094,0.9016967630406156,0.0983032369593842,0.8671472862897905,0.0345494767508252,0.0299939205339631,0.0045555562168621,2015
2012-09-30,2012093000.0,21.0,3,1.0,07:12,8,1332.0,7.0,NE,15.0,85.0,10.0,13.0,0.0,1.0,NE,BUF,(7:12) (Shotgun) T.Brady pass short left to W.Welker pushed ob at NE 28 for 13 yards (J.Rogers). Caught near sideline at NE 25.,1,13.0,0,0,0,0,Pass,T.Brady,00-0019596,1,Complete,Short,10.0,0.0,0,left,0,,,0,,,W.Welker,00-0022427,1,J.Rogers,0,0,0,0,0.0,14.0,21.0,-7.0,7.0,BUF,NE,0,3,3,3,3,3,0.0107091855629129,0.1925114337895702,0.0095526956135481,0.2960275023677632,0.1956020517297678,0.0034123828899261,0.2921847480465116,0.0,0.0,-0.0299080518754126,1.2657389279941051,0.9795287577339628,0.2862101702601423,0.7578068073440294,0.2421931926559706,0.7167252479082805,0.2832747520917195,0.2421931926559706,0.0410815594357488,0.0316991824896347,0.0093823769461141,2012
2013-12-01,2013120111.0,20.0,4,2.0,12:08,13,728.0,8.0,NYG,43.0,57.0,10.0,0.0,0.0,0.0,NYG,WAS,(12:08) (Shotgun) A.Brown left end to NYG 43 for no gain (D.Amerson; P.Riley).,1,0.0,0,0,0,0,Run,,,0,,,0.0,0.0,0,,0,A.Brown,00-0027094,1,left,end,,,0,D.Amerson,0,0,0,0,0.0,21.0,17.0,4.0,4.0,WAS,NYG,0,3,3,3,3,3,0.0675788863122062,0.1113685265378909,0.0013923145350224,0.1682141848948016,0.2824255144382737,0.003522721523314,0.365497851758491,0.0,0.0,1.898417445723557,-0.9077402742301082,,,0.2946512326155588,0.7053487673844412,0.3278569612944156,0.6721430387055843,0.7053487673844412,-0.0332057286788568,,,2013
2009-09-20,2009092000.0,15.0,4,1.0,09:24,10,564.0,36.0,ATL,23.0,23.0,10.0,47.0,0.0,1.0,CAR,ATL,"(9:24) J.Delhomme pass short right to S.Smith to ATL 13 for 10 yards (B.Williams). ATL-P.Jerry was injured during the play. He is Out.  PENALTY on CAR-S.Smith, Offensive Pass Interference, 10 yards, enforced at ATL 23 - No Play.",1,10.0,0,0,0,0,No Play,J.Delhomme,,1,Complete,Short,0.0,0.0,0,right,0,,,0,,,S.Smith,,1,B.Williams,0,0,0,1,0.0,13.0,28.0,-15.0,15.0,ATL,CAR,0,3,3,3,3,3,0.0456088068624678,0.0328565475028629,3.807219498097391e-05,0.048631156726504,0.3557998738574043,0.0024925175384441,0.5145730253173357,0.0,0.0,4.235331949886372,-0.7074005398979999,,,0.8893476948563893,0.1106523051436106,0.902586247386741,0.0974137526132589,0.1106523051436106,-0.0132385525303517,,,2009
2009-11-08,2009110809.0,17.0,4,1.0,08:54,9,534.0,4.0,SD,37.0,63.0,10.0,15.0,0.0,1.0,SD,NYG,(8:54) P.Rivers scrambles up the middle to NYG 48 for 15 yards (T.Thomas).,1,15.0,0,0,0,0,Run,,,0,,,0.0,0.0,0,,0,P.Rivers,00-0022942,1,middle,,,,0,T.Thomas,0,0,0,0,0.0,14.0,17.0,-3.0,3.0,NYG,SD,0,3,3,3,3,3,0.1460268581072792,0.0992000179488767,0.0012878438493264,0.1475235400034,0.2413325789777909,0.0029375622104858,0.3616915989028407,0.0,0.0,1.928873532105146,1.0172441017147555,,,0.5644685858486329,0.4355314141513671,0.521920682711351,0.4780793172886491,0.4355314141513671,0.0425479031372819,,,2009
2014-10-12,2014101205.0,23.0,4,1.0,08:30,9,510.0,35.0,DET,49.0,49.0,10.0,25.0,0.0,0.0,MIN,DET,(8:30) (Shotgun) T.Bridgewater pass short middle to Charles.Johnson to DET 42 for 7 yards (T.Whitehead).,1,7.0,0,0,0,0,Pass,T.Bridgewater,00-0031237,1,Complete,Short,5.0,0.0,0,middle,0,,,0,,,,00-0030113,1,T.Whitehead,0,0,0,0,0.0,0.0,17.0,-17.0,17.0,MIN,DET,0,3,3,3,3,3,0.1152726312398343,0.0694825760227934,0.0003870174945131308,0.1030239528197196,0.285694598895776,0.002859323793427,0.4232798997339365,0.0,0.0,2.895372309616293,0.3182663701843449,0.0447545715898383,0.2735117985945066,0.061303990400764,0.938696009599236,0.0624804503686197,0.9375195496313802,0.061303990400764,0.0011764599678557,-5.102404438517283e-06,0.0011815623722942,2014
2015-11-09,2015110900.0,12.0,2,,00:03,1,1803.0,2.0,SD,35.0,35.0,0.0,0.0,0.0,0.0,CHI,SD,J.Lambo kicks 50 yards from SD 35 to CHI 15. K.Carey to CHI 31 for 16 yards (K.Emanuel).,1,16.0,0,0,0,0,Kickoff,,,0,,,0.0,0.0,0,,0,,,0,,,,,0,K.Emanuel,0,0,0,0,0.0,7.0,16.0,-9.0,9.0,SD,CHI,0,2,1,2,1,2,0.4257920474265128,0.0394799587640648,0.0027510359805203,0.0285889166853217,0.091640134702114,0.0003772072302886875,0.0822407390915101,0.0,0.0,0.5272956271570031,-0.8508214807682792,,,0.7816700702270756,0.2183299297729243,0.7997437770565226,0.2002562229434774,0.2183299297729243,-0.0180737068294469,,,2015
2016-09-18,2016091803.0,25.0,4,3.0,03:46,4,226.0,6.0,KC,42.0,42.0,17.0,49.0,0.0,0.0,HOU,KC,(3:46) (Shotgun) B.Osweiler pass deep middle to D.Hopkins to KC 26 for 16 yards (P.Gaines).,1,16.0,0,0,0,0,Pass,B.Osweiler,00-0029682,1,Complete,Deep,10.0,0.0,0,middle,0,,,0,,,D.Hopkins,00-0030564,1,P.Gaines,0,0,0,0,0.0,16.0,9.0,7.0,7.0,HOU,KC,0,3,3,0,3,0,0.2928064789958891,0.0716913620638432,0.0005082239529817353,0.1101901789269156,0.2937899081332372,0.0035143833821716,0.2274994645449614,0.0,0.0,1.4934729563928826,0.5854500818451178,0.5854500818451178,0.0,0.88980383582889,0.11019616417111,0.9264408321545032,0.0735591678454967,0.88980383582889,0.0366369963256132,0.0366369963256132,0.0,2016
2014-09-14,2014091405.0,3.0,1,3.0,05:11,6,3011.0,46.0,ARI,25.0,75.0,14.0,11.0,0.0,1.0,ARI,NYG,"(5:11) (Shotgun) A.Ellington right end to ARI 40 for 15 yards (P.Amukamara, A.Rolle).",1,15.0,0,0,0,0,Run,,,0,,,0.0,0.0,0,,0,A.Ellington,00-0030287,1,right,end,,,0,P.Amukamara,0,0,0,0,0.0,7.0,0.0,7.0,7.0,NYG,ARI,0,2,3,2,3,2,0.0145862910640712,0.2261941618489315,0.0066142916261525,0.3449313777672427,0.1742202762608836,0.0046613966889687,0.2287922047437494,0.0,0.0,-0.972801657802964,2.311291607352805,,,0.3243591210433162,0.6756408789566838,0.2210127414898809,0.7789872585101191,0.6756408789566838,0.05888471184731932,,,2014
2013-10-20,2013102002.0,7.0,2,2.0,03:48,4,2028.0,41.0,CIN,19.0,19.0,1.0,45.0,0.0,1.0,DET,CIN,(3:48) (Shotgun) R.Bush right tackle to CIN 18 for 1 yard (R.Maualuga).,1,1.0,0,0,0,0,Run,,,0,,,0.0,0.0,0,,0,R.Bush,00-0024217,1,right,tackle,,,0,R.Maualuga,0,0,0,0,0.0,10.0,7.0,3.0,3.0,DET,CIN,0,2,2,2,2,2,0.1393138731825023,0.0220551756366344,2.995735125561565e-05,0.0313628619709471,0.3101158576774462,0.00191177571467,0.4952104984665442,0.0,0.0,4.114879138318443,-0.2124282312260192,,,0.7310025621001561,0.2689974378998438,0.7232020261471828,0.2767979738528172,0.7310025621001561,-0.0078005359529733,,,2013
2012-11-11,2012111102.0,5.0,1,1.0,06:43,7,3103.0,6.0,MIA,39.0,61.0,10.0,14.0,0.0,0.0,MIA,TEN,(6:43) (Shotgun) R.Tannehill pass short left to D.Thomas to MIA 34 for -5 yards (C.McCarthy).,1,-5.0,0,0,0,0,Pass,R.Tannehill,00-0029701,1,Complete,Short,-5.0,0.0,0,left,0,,,0,,,D.Thomas,00-0028000,1,C.McCarthy,0,0,0,0,0.0,0.0,7.0,-7.0,7.0,MIA,TEN,0,3,3,3,3,3,0.0073948946371714,0.1137701669332977,0.0013236719671739,0.1741393261930588,0.2840094350193121,0.0035452673160135,0.4158172379339724,0.0,0.0,2.2069063771421176,-1.3375566434327988,-1.3375566434327988,0.0,0.3423730241903596,0.6576269758096405,0.2975297998591684,0.7024702001408316,0.3423730241903596,-0.0448432243311912,-0.0448432243311912,0.0,2012
2010-11-28,2010112804.0,8.0,2,,12:27,13,2547.0,43.0,CHI,47.0,47.0,0.0,-2.0,0.0,0.0,,,Timeout #1 by CHI at 12:27.,1,0.0,0,0,0,0,Timeout,,,0,,,0.0,0.0,0,,0,,,0,,,,,0,,0,0,0,0,0.0,,,,,CHI,PHI,1,3,3,3,2,3,0.0,0.0,0.0,0.0,0.0,0.0,0.0,0.0,0.0,0.0,0.0,,,,,,,,0.0,,,2010
2015-12-06,2015120601.0,23.0,4,,01:37,2,97.0,5.0,HOU,20.0,20.0,0.0,0.0,0.0,0.0,,,Timeout #1 by HOU at 01:37.,1,0.0,0,0,0,0,Timeout,,,0,,,0.0,0.0,0,,0,,,0,,,,,0,,0,0,0,0,0.0,,,,,BUF,HOU,1,3,3,3,3,2,0.0,0.0,0.0,0.0,0.0,0.0,0.0,0.0,0.0,0.0,0.0,,,,,,,,0.0,,,2015
2014-10-12,2014101201.0,23.0,4,2.0,05:19,6,319.0,33.0,NE,15.0,85.0,2.0,8.0,0.0,1.0,NE,BUF,"(5:19) (Shotgun) T.Brady pass incomplete short middle to R.Gronkowski (L.McKelvin) [M.Lawson]. Receiver and coverage at NE 17. PENALTY on BUF-J.Wynn, Defensive Offside, 5 yards, enforced at NE 15 - No Play.",1,0.0,0,0,0,0,No Play,T.Brady,,1,Incomplete Pass,Short,0.0,0.0,0,middle,0,,,0,,,R.Gronkowski,,0,,0,0,0,1,0.0,30.0,22.0,8.0,8.0,BUF,NE,0,3,3,3,3,3,0.4038843742447751,0.1165174024121171,0.0042761987683622,0.1663346240923695,0.1037589611765746,0.0021569673673832,0.203071471938418,0.0,0.0,0.2146441484137542,0.270689938011952,,,0.1461434888323504,0.8538565111676496,0.1367153097856741,0.8632846902143259,0.8538565111676496,0.0094281790466762,,,2014
2010-11-14,2010111400.0,13.0,2,2.0,05:44,6,2144.0,30.0,TEN,41.0,59.0,6.0,9.0,0.0,0.0,TEN,MIA,(5:44) C.Johnson right tackle to TEN 46 for 5 yards (I.Alama-Francis).,1,5.0,0,0,0,0,Run,,,0,,,0.0,0.0,0,,0,C.Johnson,00-0026164,1,right,tackle,,,0,I.Alama-Francis,0,0,0,0,0.0,10.0,10.0,0.0,0.0,MIA,TEN,0,1,1,1,1,1,0.2617397487038188,0.0868526553078095,0.0010925833609447,0.1278154110577401,0.2132579730922267,0.0027068418832773,0.3065347865941829,0.0,0.0,1.633480099153016,0.422144475127681,,,0.4562373061859919,0.5437626938140081,0.4433094565211601,0.5566905434788398,0.5437626938140081,0.0129278496648317,,,2010
2016-10-02,2016100204.0,10.0,2,2.0,03:10,4,1990.0,7.0,HOU,7.0,7.0,7.0,38.0,1.0,0.0,TEN,HOU,(3:10) D.Murray left tackle to HOU 1 for 6 yards (V.Wilfork; J.Simon).,1,6.0,0,0,0,0,Run,,,0,,,0.0,0.0,0,,0,D.Murray,00-0028009,1,left,tackle,,,0,V.Wilfork,0,0,0,0,0.0,10.0,17.0,-7.0,7.0,HOU,TEN,0,3,3,3,3,3,0.0869269720999152,0.0124704888720482,1.922503762927219e-05,0.0143709185784052,0.3517500780656997,0.0015890456586855,0.5328732716876167,0.0,0.0,4.650494880587547,0.6407653876171837,,,0.5822679089777005,0.4177320910222994,0.5625555719717845,0.4374444280282154,0.4177320910222994,0.019712337005916,,,2016
2012-11-19,2012111900.0,5.0,1,,00:00,0,2700.0,15.0,SF,29.0,29.0,0.0,32.0,0.0,0.0,,,END QUARTER 1,1,0.0,0,0,0,0,Quarter End,,,0,,,0.0,0.0,0,,0,,,0,,,,,0,,0,0,0,0,0.0,,,,,SF,CHI,0,3,3,3,3,3,0.0,0.0,0.0,0.0,0.0,0.0,0.0,0.0,0.0,0.0,0.0,,,,,,,,0.0,,,2012
2014-11-16,2014111604.0,6.0,2,,01:39,2,1899.0,4.0,SEA,35.0,35.0,0.0,0.0,0.0,,KC,SEA,S.Hauschka kicks 68 yards from SEA 35 to KC -3. K.Davis to KC 36 for 39 yards (K.Chancellor).,1,17.5,0,0,0,0,Kickoff,,,0,,,0.0,0.0,0,,0,,,0,,,,,0,K.Chancellor,0,0,0,0,0.0,14.0,10.0,4.0,4.0,KC,SEA,0,1,1,2,1,2,0.4257920474265128,0.0522853659323041,0.0036484527609577,0.0379996770106503,0.1206242081407017,0.0004998024580941103,0.1079599467995101,0.0,0.0,0.6884411145414835,0.6159134896654856,,,0.6586088093146868,0.3413911906853132,0.6804534255997884,0.3195465744002116,0.6586088093146868,0.0218446162851015,,,2014
2013-11-10,2013111006.0,12.0,3,4.0,11:30,12,1590.0,29.0,PIT,48.0,48.0,9.0,24.0,0.0,1.0,BUF,PIT,"(11:30) (Punt formation) B.Moorman punts 48 yards to end zone, Center-G.Sanborn, Touchback.",1,0.0,0,0,0,0,Punt,,,0,,,0.0,0.0,0,,0,,,0,,,,,0,,0,0,0,0,0.0,3.0,10.0,-7.0,7.0,PIT,BUF,0,3,3,3,3,3,0.0026362531953389,0.1732518261854256,0.0022196520370101,0.262127516860244,0.354782902336357,0.006114872387977125,0.1984458367453433,0.0,0.0,0.1074541888550308,-0.4969844518270063,,,0.7452458156536539,0.2547541843463461,0.741448087317868,0.2585519126821319,0.2547541843463461,0.0037977283357858,,,2013
2013-09-05,2013090500.0,26.0,4,1.0,14:46,15,886.0,0.0,DEN,39.0,61.0,15.0,1.0,0.0,0.0,DEN,BAL,(14:46) (Shotgun) P.Manning pass short left to W.Welker pushed ob at DEN 45 for 6 yards (J.Ihedigbo).,1,6.0,0,0,0,0,Pass,P.Manning,00-0010346,1,Complete,Short,-1.0,0.0,0,left,0,,,0,,,W.Welker,00-0022427,1,J.Ihedigbo,0,0,0,0,0.0,35.0,17.0,18.0,18.0,DEN,BAL,0,3,3,3,3,3,0.0378430016722464,0.1128698659528189,0.0013202438899203,0.1700003081031079,0.2928861539435797,0.0036823540334837,0.3813980724048427,0.0,0.0,2.0245574343715527,0.1035463101109988,-0.7476407085060959,0.8511870186170947,0.9692199208822958,0.0307800791177041,0.9704476153561268,0.0295523846438733,0.9692199208822958,0.0012276944738308,-0.0063840605580435,0.0076117550318743,2013
2013-12-22,2013122200.0,9.0,2,3.0,11:21,12,2481.0,43.0,MIA,28.0,72.0,2.0,-1.0,0.0,0.0,MIA,BUF,(11:21) (Shotgun) R.Tannehill sacked at MIA 19 for -9 yards (M.Williams).,1,-9.0,0,0,0,0,Sack,,00-0029701,0,,,0.0,0.0,1,,0,,,0,,,,,0,M.Williams,0,1,0,0,0.0,0.0,10.0,-10.0,10.0,BUF,MIA,0,2,2,2,2,2,0.1079646321328094,0.1615731428332192,0.004038344400803,0.2335414440364465,0.1626103448261441,0.0029876026454869,0.3272844891250907,0.0,0.0,0.6572114380886516,-2.3435852439389357,,,0.8126439456594022,0.1873560543405978,0.8657183792279561,0.1342816207720439,0.1873560543405978,-0.0530744335685538,,,2013
2012-10-07,2012100711.0,11.0,2,,00:36,1,1836.0,8.0,NO,2.0,2.0,0.0,86.0,0.0,0.0,SD,NO,"N.Novak extra point is GOOD, Center-M.Windt, Holder-M.Scifres.",1,0.0,1,0,0,0,Extra Point,,,0,,,0.0,0.0,0,,0,,,0,,,,,0,,0,0,0,0,0.0,16.0,14.0,2.0,2.0,NO,SD,0,1,2,1,2,1,0.0,0.0,0.0,0.0,0.0,0.0,0.0,0.9907954004544308,0.0,0.9907954004544308,0.009204599545569,,,0.3998831135432749,0.6001168864567251,0.4194888578769919,0.580511142123008,0.6001168864567251,-0.019605744333717,,,2012
2009-11-01,2009110106.0,6.0,1,1.0,04:50,5,2990.0,31.0,SF,38.0,38.0,20.0,39.0,0.0,0.0,IND,SF,(4:50) P.Manning pass incomplete deep left to R.Wayne (S.Spencer).,1,0.0,0,0,0,0,Pass,P.Manning,00-0010346,1,Incomplete Pass,Deep,10.0,0.0,0,left,0,,,0,,,R.Wayne,00-0020498,0,,0,0,0,0,0.0,0.0,7.0,-7.0,7.0,IND,SF,0,3,3,3,3,3,0.0061869591001837,0.0635093368447501,0.00018744487362007755,0.0964147652737427,0.3851718082986147,0.0036875581314227,0.4448421274776656,0.0,0.0,3.4109791763046595,-0.4406257826813067,3.5890208236953405,-3.1387746044711373,0.3811396727814806,0.6188603272185194,0.3659792496784461,0.6340207503215538,0.3811396727814806,-0.0151604231030345,0.10628588579079232,-0.06361267904339468,2009
2014-09-21,2014092100.0,21.0,4,1.0,00:38,1,38.0,23.0,SD,37.0,37.0,10.0,74.0,0.0,1.0,BUF,SD,"(:38) (No Huddle, Shotgun) E.Manuel pass deep right to S.Watkins pushed ob at SD 21 for 16 yards (R.Marshall).",1,16.0,0,0,0,0,Pass,E.Manuel,00-0030526,1,Complete,Deep,10.0,0.0,0,right,0,,,0,,,S.Watkins,00-0031325,1,R.Marshall,0,0,0,0,0.0,10.0,22.0,-12.0,12.0,BUF,SD,0,0,0,1,0,1,0.4257920474265128,0.0243676638203057,0.000126439579101197,0.017557753938856,0.2815545246796709,0.0006400367576735206,0.2431576055743569,0.0,0.0,2.351786738383746,0.70401914037582,0.70401914037582,0.0,0.0107163683467636,0.9892836316532364,0.0115021742129683,0.9884978257870316,0.0107163683467636,0.0007858058662047907,0.0007858058662047907,0.0,2014
2013-11-24,2013112403.0,26.0,5,2.0,03:44,4,-676.0,5.0,GB,20.0,80.0,10.0,1.0,0.0,0.0,GB,MIN,(3:44) J.Starks right end pushed ob at GB 21 for 1 yard (C.Greenway).,1,1.0,0,0,0,0,Run,,,0,,,0.0,0.0,0,,0,J.Starks,00-0027791,1,right,end,,,0,C.Greenway,0,0,0,0,0.0,26.0,26.0,0.0,0.0,GB,MIN,0,1,1,2,1,2,0.4257920474265128,0.1055679356992361,0.0039688056044131,0.1556479012223994,0.1071863516427038,0.0019746796672052,0.1573270403539276,0.0,0.0,0.0126209698766845,-0.4415911292378378,,,0.2664880716638367,0.7335119283361633,0.2250580502444407,0.7749419497555594,0.2664880716638367,-0.041430021419396,,,2013
2015-10-25,2015102500.0,1.0,1,1.0,14:56,15,3596.0,4.0,BUF,24.0,76.0,10.0,-2.0,0.0,0.0,BUF,JAC,(14:56) (Shotgun) E.Manuel pass short left to R.Woods to BUF 22 for -2 yards (P.Posluszny).,1,-2.0,0,0,0,0,Pass,E.Manuel,00-0030526,1,Complete,Short,-2.0,0.0,0,left,0,,,0,,,R.Woods,00-0030431,1,P.Posluszny,0,0,0,0,0.0,0.0,0.0,0.0,0.0,JAC,BUF,0,3,3,3,3,3,0.0014229680348496,0.1660139471243717,0.0048151233207857,0.2594638744025772,0.2292582436060641,0.0036449466698772,0.3353808968414743,0.0,0.0,0.71881169321554,-1.0583490113122196,-1.0583490113122196,0.0,0.5025711344450654,0.4974288655549346,0.5314042785844857,0.4685957214155143,0.4974288655549346,-0.0288331441394202,-0.0288331441394202,0.0,2015
2012-12-02,2012120209.0,14.0,3,2.0,06:54,7,1314.0,40.0,TB,38.0,38.0,5.0,25.0,0.0,1.0,DEN,TB,(6:54) R.Hillman right tackle to TB 32 for 6 yards (L.David).,1,6.0,0,0,0,0,Run,,,0,,,0.0,0.0,0,,0,R.Hillman,00-0029683,1,right,tackle,,,0,L.David,0,0,0,0,0.0,14.0,10.0,4.0,4.0,DEN,TB,0,3,3,3,3,3,0.0040874643615963,0.0650126216463643,0.0002925644814428649,0.0993225591124991,0.3597196155404664,0.0033203695258089,0.4682448053318219,0.0,0.0,3.472632315306298,0.5322306210744299,,,0.7454788230046765,0.2545211769953235,0.7630793752706259,0.2369206247293741,0.7454788230046765,0.0176005522659493,,,2012
2013-10-13,2013101308.0,19.0,4,2.0,13:16,14,796.0,36.0,JAC,11.0,89.0,5.0,8.0,0.0,0.0,JAC,DEN,(13:16) (Shotgun) M.Jones-Drew up the middle to JAC 14 for 3 yards (N.Irving).,1,3.0,0,0,0,0,Run,,,0,,,0.0,0.0,0,,0,M.Jones-Drew,00-0024275,1,middle,,,,0,N.Irving,0,0,0,0,0.0,19.0,28.0,-9.0,9.0,DEN,JAC,0,3,3,3,3,3,0.0928247608584205,0.204636949586401,0.009553273933919493,0.3031351367240635,0.1431799436303354,0.0032705028830684,0.2422802704717634,0.0,0.0,-0.6251589475600556,0.0461736928110787,,,0.8513150982352846,0.1486849017647153,0.8524007394936325,0.1475992605063674,0.1486849017647153,-0.0010856412583478,,,2013
2013-12-15,2013121502.0,10.0,2,1.0,05:30,6,2130.0,30.0,HOU,37.0,63.0,10.0,35.0,0.0,0.0,HOU,IND,(5:30) (Shotgun) B.Tate left end to HOU 42 for 5 yards (R.Mathis).,1,5.0,0,0,0,0,Run,,,0,,,0.0,0.0,0,,0,B.Tate,00-0027890,1,left,end,,,0,R.Mathis,0,0,0,0,0.0,3.0,17.0,-14.0,14.0,IND,HOU,0,3,3,3,3,3,0.2793074567670676,0.0828589413314065,0.001072498570755,0.1222740006946601,0.2042136800058914,0.0024510829124004,0.3078223397178186,0.0,0.0,1.665659757868855,0.0198145549678139,,,0.8607740649627034,0.1392259350372966,0.8611170115527296,0.1388829884472704,0.1392259350372966,-0.0003429465900262052,,,2013
2015-12-03,2015120300.0,23.0,4,3.0,05:53,6,353.0,41.0,GB,25.0,75.0,1.0,9.0,0.0,0.0,GB,DET,(5:53) (Shotgun) A.Rodgers pass incomplete short left to J.Starks (S.Tulloch) [I.Abdul-Quddus].,1,0.0,0,0,0,0,Pass,A.Rodgers,00-0023459,1,Incomplete Pass,Short,0.0,0.0,1,left,0,,,0,,,J.Starks,00-0027791,0,,0,0,0,0,0.0,14.0,23.0,-9.0,9.0,DET,GB,0,3,2,3,2,3,0.31914120730215,0.1204072571427857,0.0033770829607733,0.1689871126114842,0.1101666699621027,0.0019267739061681,0.2759938961145357,0.0,0.0,0.7154251048701008,-1.4313810244005325,-1.4317252042430206,0.0003441798424881348,0.8630392223234717,0.1369607776765282,0.8933640098732313,0.1066359901267686,0.1369607776765282,-0.0303247875497595,-0.0345938906179883,0.0042691030682288,2015
2011-09-18,2011091806.0,15.0,4,2.0,12:46,13,766.0,38.0,MIN,47.0,53.0,8.0,69.0,0.0,1.0,MIN,TB,"(12:46) D.McNabb pass incomplete short middle to P.Harvin. PENALTY on TB-M.Foster, Defensive Pass Interference, 23 yards, enforced at MIN 47 - No Play.",1,0.0,0,0,0,0,No Play,D.McNabb,,1,Incomplete Pass,Short,0.0,0.0,0,middle,0,,,0,,,P.Harvin,,0,,0,0,0,1,0.0,17.0,10.0,7.0,7.0,MIN,TB,0,3,3,3,3,3,0.0532517446028729,0.0992733864574067,0.0009869465142078547,0.1495707139732095,0.2994682830464841,0.0034890208326998,0.393959904573119,0.0,0.0,2.316313172603582,1.7470420745573323,,,0.8185902849873058,0.1814097150126942,0.8605582095070948,0.1394417904929051,0.8185902849873058,0.041967924519789,,,2011
2010-09-19,2010091903.0,4.0,1,1.0,09:19,10,3259.0,9.0,CLE,22.0,22.0,10.0,6.0,0.0,0.0,KC,CLE,(9:19) M.Cassel scrambles left end ran ob at CLE 16 for 6 yards (S.Fujita).,1,6.0,0,0,0,0,Run,,,0,,,0.0,0.0,0,,0,J.Harrison,00-0023662,1,right,guard,,,0,S.Fujita,0,0,0,0,0.0,0.0,0.0,0.0,0.0,CLE,KC,0,3,2,3,2,3,0.0012995983661875,0.0354265113211214,3.915192279786426e-05,0.0542345209397856,0.3761797273016148,0.0027641409589558,0.5300563491895369,0.0,0.0,4.358462423762055,0.0017539054709505,,,0.3592428202320505,0.6407571797679494,0.3584416043105938,0.6415583956894062,0.6407571797679494,0.000801215921456766,,,2010
2012-11-18,2012111803.0,1.0,1,2.0,14:14,15,3554.0,3.0,CAR,27.0,73.0,15.0,10.0,0.0,0.0,CAR,TB,(14:14) (Shotgun) J.Stewart left end to CAR 32 for 5 yards (L.David; M.Foster).,1,5.0,0,0,0,0,Run,,,0,,,0.0,0.0,0,,0,J.Stewart,00-0026153,1,left,end,,,0,L.David,0,0,0,0,0.0,0.0,0.0,0.0,0.0,CAR,TB,0,3,3,3,3,3,0.0016188024109361,0.1861324354984274,0.0054614416290797,0.2938117962232382,0.224133418325885,0.0040092456989913,0.2848328602134422,0.0,0.0,0.0482460045536237,-0.3053758767064838,,,0.4803887052008722,0.5196112947991278,0.4741943151771649,0.5258056848228352,0.4803887052008722,-0.0061943900237073,,,2012
2009-11-01,2009110111.0,15.0,3,1.0,11:51,12,1611.0,34.0,NYG,35.0,65.0,10.0,43.0,0.0,1.0,NYG,PHI,(11:51) E.Manning pass deep middle to K.Boss to PHI 35 for 30 yards (Q.Mikell).,1,17.5,0,0,0,0,Pass,E.Manning,00-0022803,1,Complete,Deep,10.0,0.0,0,middle,0,,,0,,,K.Boss,00-0025540,1,Q.Mikell,0,0,0,0,0.0,7.0,33.0,-23.5,23.0,PHI,NYG,0,3,3,3,3,3,0.002373525027038,0.1283787698853015,0.0019105333566491,0.1989215522512008,0.270613512538548,0.0036471695006176,0.3941549374406446,0.0,0.0,1.7968111965737834,2.038890704794452,1.781687064733704,0.2572036400607476,0.9885938844631784,0.0114061155368216,0.9777236437247132,0.0222763562752866,0.0114061155368216,0.010870240738465,0.0094326994568613,0.0014375412816036,2009
2009-09-13,2009091307.0,19.0,3,1.0,11:00,11,1560.0,42.0,NO,27.0,73.0,10.0,12.0,0.0,0.0,NO,DET,(11:00) M.Bell right tackle to NO 28 for 1 yard (S.Hill).,1,1.0,0,0,0,0,Run,,,0,,,0.0,0.0,0,,0,M.Bell,00-0024011,1,right,tackle,,,0,S.Hill,0,0,0,0,0.0,28.0,17.0,11.0,11.0,NO,DET,0,3,3,3,3,3,0.0034603936893523,0.1540825756340327,0.0037153742862952,0.2385687212671986,0.2416341199985014,0.0036258290941323,0.3549129860304873,0.0,0.0,1.0768853960521014,-0.5988191619260577,,,0.859784045815243,0.1402159541847569,0.8489088403709067,0.1510911596290932,0.859784045815243,-0.0108752054443362,,,2009
2011-10-16,2011101604.0,14.0,2,2.0,06:51,7,2211.0,45.0,DET,43.0,43.0,5.0,-10.0,0.0,0.0,SF,DET,"(6:51) A.Snyder and I.Sopoaga reported in as eligible.  F.Gore left tackle to DET 44 for -1 yards (A.Palmer). PENALTY on SF-I.Sopoaga, Unnecessary Roughness, 15 yards, enforced at DET 43 - No Play.",1,-1.0,0,0,0,0,No Play,,,0,,,0.0,0.0,0,,0,,,0,,,,,0,A.Palmer,0,0,0,1,0.0,9.0,10.0,-1.0,1.0,DET,SF,0,2,3,2,3,2,0.1495804772785943,0.0615335476989084,0.0003477353533261837,0.0907473060349467,0.293493816130382,0.0027920701333856,0.4015050473704565,0.0,0.0,2.876073664203109,-1.5382478093389809,,,0.4630578798963919,0.5369421201036081,0.5101088173111122,0.4898911826888877,0.5369421201036081,-0.0470509374147203,,,2011
2015-09-20,2015092009.0,4.0,2,3.0,13:08,14,2588.0,37.0,PIT,13.0,13.0,3.0,77.0,0.0,1.0,SF,PIT,(13:08) (Shotgun) C.Kaepernick pass short right to G.Celek to PIT 10 for 3 yards (R.Shazier).,1,3.0,0,0,0,0,Pass,C.Kaepernick,00-0027974,1,Complete,Short,3.0,0.0,0,right,0,,,0,,,G.Celek,00-0028903,1,R.Shazier,0,0,0,0,0.0,0.0,8.0,-8.0,8.0,PIT,SF,0,2,2,2,2,2,0.0165510650652524,0.029508810515506,6.020483539720973e-05,0.0464809783733297,0.5222275944305602,0.0026081788165498,0.3825631679634044,0.0,0.0,3.8358276268379914,1.264868760223563,1.264868760223563,0.0,0.6613517527860031,0.3386482472139969,0.6195719664587658,0.3804280335412341,0.3386482472139969,0.0417797863272372,0.0417797863272372,0.0,2015
2016-12-05,2016120500.0,7.0,2,1.0,13:46,14,2626.0,32.0,NYJ,14.0,86.0,10.0,21.0,0.0,1.0,NYJ,IND,(13:46) R.Fitzpatrick pass short left to Q.Enunwa ran ob at NYJ 24 for 10 yards.,1,10.0,0,0,0,0,Pass,R.Fitzpatrick,00-0023682,1,Complete,Short,2.0,0.0,0,left,0,,,0,,,Q.Enunwa,00-0031023,1,,0,0,0,0,0.0,0.0,14.0,-14.0,14.0,NYJ,IND,0,2,2,3,2,3,0.0780501478699617,0.1799945154667874,0.0094179778327331,0.2715671664328099,0.1819432406682572,0.0031082494065818,0.2759187023228687,0.0,0.0,0.0236874699825189,0.9214150830059318,-0.43214221397719,1.3535572969831218,0.1023626117667717,0.8976373882332283,0.1137477710486131,0.8862522289513869,0.1023626117667717,0.0113851592818413,-0.0051073289580152,0.0164924882398566,2016
2012-11-25,2012112504.0,19.0,4,,06:35,7,395.0,6.0,DEN,46.0,46.0,0.0,4.0,0.0,0.0,,,Timeout #2 by KC at 06:35.,1,0.0,0,0,0,0,Timeout,,,0,,,0.0,0.0,0,,0,,,0,,,,,0,,0,0,0,0,0.0,,,,,KC,DEN,1,3,2,3,1,3,0.0,0.0,0.0,0.0,0.0,0.0,0.0,0.0,0.0,0.0,0.0,,,,,,,,0.0,,,2012
2014-12-28,2014122803.0,5.0,1,3.0,01:28,2,2788.0,5.0,HOU,28.0,72.0,2.0,14.0,0.0,1.0,HOU,JAC,(1:28) (Shotgun) J.Grimes up the middle to HOU 34 for 6 yards (J.Evans; J.Cyprien).,1,6.0,0,0,0,0,Run,,,0,,,0.0,0.0,0,,0,J.Grimes,00-0029510,1,middle,,,,0,J.Evans,0,0,0,0,0.0,7.0,9.0,-2.0,2.0,HOU,JAC,0,2,2,2,2,2,0.0339656597590287,0.1768580336876984,0.0044402404647467,0.2586236726207016,0.1745477539634037,0.0032754105473201,0.3482892289571006,0.0,0.0,0.6183983953470555,1.2132708031596449,,,0.4341725921695405,0.5658274078304595,0.4678691604873664,0.5321308395126336,0.4341725921695405,0.0336965683178258,,,2014
2012-10-14,2012101403.0,9.0,2,3.0,05:48,6,2148.0,45.0,CIN,48.0,52.0,9.0,14.0,0.0,0.0,CIN,CLE,"(5:48) (Shotgun) PENALTY on CIN-C.Boling, False Start, 5 yards, enforced at CIN 48 - No Play.",1,0.0,0,0,0,0,No Play,,,0,,,0.0,0.0,0,,0,,,0,,,,,0,,0,0,0,1,0.0,7.0,7.0,0.0,0.0,CLE,CIN,0,3,3,3,3,3,0.2430153102204968,0.0970970532541772,0.0010480762489667,0.146266098866898,0.2487918180953333,0.0034637242001859,0.2603179191139419,0.0,0.0,1.2582783321552138,-0.5508873596512847,,,0.4653324919487931,0.5346675080512069,0.482436100841762,0.517563899158238,0.5346675080512069,-0.0171036088929689,,,2012
2013-12-22,2013122211.0,27.0,4,,06:13,7,373.0,38.0,ARI,28.0,28.0,0.0,7.0,0.0,0.0,,,Timeout #2 by SEA at 06:13.,1,0.0,0,0,0,0,Timeout,,,0,,,0.0,0.0,0,,0,,,0,,,,,0,,0,0,0,0,0.0,,,,,SEA,ARI,1,2,2,2,1,2,0.0,0.0,0.0,0.0,0.0,0.0,0.0,0.0,0.0,0.0,0.0,,,,,,,,0.0,,,2013
2015-10-04,2015100402.0,16.0,3,2.0,12:11,13,1631.0,35.0,ATL,37.0,63.0,5.0,7.0,0.0,0.0,ATL,HOU,(12:11) D.Freeman left end pushed ob at ATL 39 for 2 yards (E.Pleasant).,1,2.0,0,0,0,0,Run,,,0,,,0.0,0.0,0,,0,D.Freeman,00-0031285,1,left,end,,,0,E.Pleasant,0,0,0,0,0.0,21.0,0.0,20.5,21.0,ATL,HOU,0,3,3,3,3,3,0.002216022245549,0.1359662030470667,0.0020505601782595,0.2090751890607467,0.2632570758458717,0.0039406273452409,0.3834943222772652,0.0,0.0,1.6065866852460076,-0.402521316770593,,,0.982656647675107,0.017343352324893,0.9801119378373668,0.0198880621626331,0.982656647675107,-0.0025447098377401,,,2015
2009-12-06,2009120603.0,24.0,4,2.0,02:00,2,120.0,0.0,CIN,40.0,40.0,3.0,56.0,0.0,1.0,DET,CIN,(2:00) (Shotgun) D.Culpepper pass deep middle to C.Johnson to CIN 2 for 38 yards (J.Joseph).,1,17.5,0,0,0,0,Pass,D.Culpepper,00-0003739,1,Complete,Deep,10.0,0.0,0,middle,0,,,0,,,C.Johnson,00-0025389,1,J.Joseph,0,0,0,0,0.0,7.0,22.0,-15.0,15.0,CIN,DET,0,0,3,0,3,0,0.3370315241357294,0.0402226394331472,0.0001799917856112025,0.0580630851178678,0.2268907562417772,0.0020156257001791,0.3355963775856879,0.0,0.0,2.506408665529766,2.311291607352805,2.987164747820368,0.0,0.9836348600937732,0.0163651399062266,0.9804048037192328,0.0195951962807673,0.0163651399062266,0.0032300563745406,0.0032300563745406,0.0,2009
2013-11-03,2013110304.0,8.0,2,3.0,01:27,2,1887.0,0.0,TEN,43.0,43.0,4.0,17.0,0.0,0.0,STL,TEN,(1:27) (Shotgun) K.Clemens pass incomplete short right to C.Givens (J.McCourty).,1,0.0,0,0,0,0,Pass,K.Clemens,00-0024264,1,Incomplete Pass,Short,4.0,0.0,0,right,0,,,0,,,C.Givens,00-0029614,0,,0,0,0,0,0.0,7.0,7.0,0.0,0.0,STL,TEN,0,2,2,3,2,3,0.4257920474265128,0.0379830822931549,0.0005344577253809738,0.027959241018432,0.2777063543982744,0.0007634326552631184,0.1792065407810586,0.0,0.0,1.778358864513509,-0.7990917728444333,0.650941827443962,-1.4500336002883951,0.5599717292027159,0.4400282707972841,0.5348392315308556,0.4651607684691444,0.5599717292027159,-0.0251324976718603,0.0210478725941316,-0.0461803702659919,2013
2013-11-11,2013111100.0,6.0,2,1.0,14:36,15,2676.0,11.0,MIA,2.0,98.0,10.0,-1.0,0.0,0.0,MIA,TB,(14:36) C.Clay up the middle to MIA 1 for -1 yards (G.McCoy).,1,-1.0,0,0,0,0,Run,,,0,,,0.0,0.0,0,,0,C.Clay,00-0028112,1,middle,,,,0,G.McCoy,0,0,0,0,0.0,0.0,10.0,-10.0,10.0,TB,MIA,0,3,2,3,2,3,0.0753223152042904,0.2168838198528156,0.009553273933919493,0.3284221826166185,0.1395495280150221,0.0028252282058087,0.2135487285557331,0.0,0.0,-1.0773629926273829,-0.7632455845801136,,,0.8403056153079426,0.1596943846920574,0.8542828321774092,0.1457171678225908,0.1596943846920574,-0.0139772168694665,,,2013
2014-11-02,2014110202.0,15.0,4,4.0,11:11,12,671.0,32.0,ARI,19.0,81.0,18.0,0.0,0.0,1.0,ARI,DAL,"(11:11) (Punt formation) D.Butler punts 40 yards to DAL 41, Center-M.Leach. D.Harris to ARI 43 for 16 yards (Ja. Brown).",1,16.0,0,0,0,0,Punt,,,0,,,0.0,0.0,0,,0,,,0,,,,,0,Ja. Brown,0,0,0,0,0.0,14.0,9.0,5.0,5.0,DAL,ARI,0,3,3,3,3,3,0.1205010723897774,0.278008456683128,0.0082513805228442,0.3840923230345824,0.0645932479162136,0.0040662140912952,0.1404873053621589,0.0,0.0,-2.353851082870806,-1.0343487183664948,,,0.4228937211800112,0.5771062788199888,0.4140100577104966,0.5859899422895034,0.5771062788199888,0.0088836634695146,,,2014
2009-11-30,2009113000.0,15.0,3,,09:02,10,1442.0,0.0,NO,30.0,30.0,0.0,0.0,0.0,,NE,NO,T.Morstead kicks 73 yards from NO 30 to NE -3. M.Slater to NE 18 for 21 yards (L.Hamilton).,1,17.5,0,0,0,0,Kickoff,,,0,,,0.0,0.0,0,,0,,,0,,,,,0,L.Hamilton,0,0,0,0,0.0,17.0,31.0,-14.0,14.0,NO,NE,0,3,2,3,2,3,0.0063424145730145,0.1768271151810326,0.0064971307655708,0.2728441144684569,0.2150738188411868,0.0035274070218836,0.3188879991488545,0.0,0.0,0.4311078562558712,-0.1963142404761311,,,0.8942778472755235,0.1057221527244764,0.896921319036722,0.103078680963278,0.1057221527244764,-0.0026434717611984,,,2009
2012-11-11,2012111108.0,11.0,2,2.0,07:07,8,2227.0,34.0,SEA,15.0,85.0,5.0,8.0,0.0,0.0,SEA,NYJ,(7:07) M.Lynch left end to SEA 18 for 3 yards (B.Thomas).,1,3.0,0,0,0,0,Run,,,0,,,0.0,0.0,0,,0,M.Lynch,00-0025399,1,left,end,,,0,B.Thomas,0,0,0,0,0.0,7.0,6.0,1.0,1.0,SEA,NYJ,0,3,3,2,3,2,0.3000648991336272,0.1463295990641132,0.006259761514045,0.213943355251274,0.1235931914791779,0.0025563411985266,0.2072528523592358,0.0,0.0,-0.1224495836301096,0.0268109680286259,,,0.5357437362186075,0.4642562637813925,0.5378921090100056,0.4621078909899944,0.5357437362186075,0.0021483727913981,,,2012
2009-11-29,2009112905.0,21.0,4,,03:44,4,224.0,46.0,CAR,30.0,30.0,0.0,31.0,0.0,0.0,,,Timeout #2 by NYJ at 03:44.,1,0.0,0,0,0,0,Timeout,,,0,,,0.0,0.0,0,,0,,,0,,,,,0,,0,0,0,0,0.0,,,,,NYJ,CAR,1,3,2,3,1,3,0.0,0.0,0.0,0.0,0.0,0.0,0.0,0.0,0.0,0.0,0.0,,,,,,,,0.0,,,2009
2009-11-22,2009112209.0,15.0,3,2.0,05:47,6,1247.0,42.0,ARI,36.0,64.0,9.0,9.0,0.0,0.0,ARI,STL,(5:47) (Shotgun) M.Leinart pass short left to J.Wright to ARI 44 for 8 yards (C.Dahl).,1,8.0,0,0,0,0,Pass,M.Leinart,00-0024225,1,Complete,Short,7.0,0.0,0,left,0,,,0,,,J.Wright,00-0022288,1,C.Dahl,0,0,0,0,0.0,21.0,3.0,18.0,18.0,STL,ARI,0,3,3,3,3,3,0.0104778236399588,0.1432027890168741,0.0024839457059352,0.219749687553556,0.2647333565688902,0.0038999302658627,0.3554524672489227,0.0,0.0,1.31734312964347,1.0970772759969722,0.5801826485500468,0.5168946274469255,0.0424978378698287,0.9575021621301713,0.0317537308806783,0.9682462691193215,0.9575021621301713,0.0107441069891504,0.0057073876522066,0.0050367193369437,2009
2011-11-20,2011112001.0,16.0,4,3.0,12:23,13,743.0,5.0,TEN,28.0,72.0,10.0,11.0,0.0,0.0,TEN,ATL,(12:23) (Shotgun) J.Locker pass incomplete short left to D.Williams.,1,0.0,0,0,0,0,Pass,J.Locker,00-0027946,1,Incomplete Pass,Short,10.0,0.0,0,left,0,,,0,,,D.Williams,00-0027893,0,,0,0,0,0,0.0,10.0,23.0,-13.0,13.0,ATL,TEN,0,3,3,3,3,3,0.0866074468497856,0.1919946309798299,0.0048892630891242,0.286869171757687,0.179150588503805,0.0041324397165881,0.2463564591031797,0.0,0.0,-0.3236347627546982,-1.3935003854582824,2.6870272227644425,-3.1387746044711373,0.91525386965821,0.0847461303417898,0.931118649137824,0.068881350862176,0.0847461303417898,-0.0158647794796138,0.0401289753209358,-0.0559937548005496,2011
2015-12-20,2015122006.0,18.0,4,1.0,05:56,6,356.0,21.0,BAL,33.0,67.0,10.0,20.0,0.0,0.0,BAL,KC,"(5:56) (No Huddle, Shotgun) J.Clausen pass short left to K.Aiken to BAL 42 for 9 yards (S.Smith).",1,9.0,0,0,0,0,Pass,J.Clausen,00-0027659,1,Complete,Short,5.0,0.0,0,left,0,,,0,,,K.Aiken,00-0028497,1,S.Smith,0,0,0,0,0.0,14.0,26.0,-12.0,12.0,BAL,KC,0,3,3,3,3,3,0.2776114019913635,0.0921076957955867,0.0015187062287202,0.1361360867527069,0.1951602929025105,0.0024804208067597,0.2949853955223523,0.0,0.0,1.4230263818643687,0.8784535389952208,0.0714459663152837,0.8070075726799371,0.0890167673587986,0.9109832326412014,0.0999772178518433,0.9000227821481567,0.0890167673587986,0.0109604504930447,0.00022136950853543505,0.0107390809845093,2015
2016-12-19,2016121900.0,26.0,4,,02:50,3,170.0,4.0,WAS,36.0,36.0,0.0,37.0,0.0,0.0,,,Timeout #1 by WAS at 02:50.,1,0.0,0,0,0,0,Timeout,,,0,,,0.0,0.0,0,,0,,,0,,,,,0,,0,0,0,0,0.0,,,,,WAS,CAR,1,2,3,2,2,2,0.0,0.0,0.0,0.0,0.0,0.0,0.0,0.0,0.0,0.0,0.0,,,,,,,,0.0,,,2016
2012-09-16,2012091603.0,17.0,4,,05:07,6,307.0,8.0,IND,2.0,2.0,0.0,54.0,0.0,0.0,MIN,IND,"B.Walsh extra point is GOOD, Center-C.Loeffler, Holder-C.Kluwe.",1,0.0,1,0,0,0,Extra Point,,,0,,,0.0,0.0,0,,0,,,0,,,,,0,,0,0,0,0,0.0,12.0,20.0,-8.0,8.0,IND,MIN,0,3,3,3,3,3,0.0,0.0,0.0,0.0,0.0,0.0,0.0,0.9907954004544308,0.0,0.9907954004544308,0.009204599545569,,,0.8336615750502836,0.1663384249497164,0.834660490816132,0.1653395091838679,0.1663384249497164,-0.000998915765848457,,,2012
2009-09-27,2009092703.0,15.0,3,2.0,03:08,4,1088.0,7.0,JAC,24.0,76.0,10.0,38.0,0.0,1.0,JAC,HOU,(3:08) D.Garrard pass deep left to T.Holt pushed ob at HOU 49 for 27 yards (D.Robinson).,1,17.5,0,0,0,0,Pass,D.Garrard,00-0021231,1,Complete,Deep,10.0,0.0,0,left,0,,,0,,,T.Holt,00-0007681,1,D.Robinson,0,0,0,0,0.0,24.0,24.0,0.0,0.0,HOU,JAC,0,3,2,3,2,3,0.0246682182697427,0.1839605033958469,0.005775908154991,0.2804963572582626,0.2084490459238021,0.0037853471570097,0.2928646198403448,0.0,0.0,0.1560623436624779,2.311291607352805,2.471151772344551,0.4868990953185674,0.5218240053163293,0.4781759946836706,0.4183594785385769,0.5816405214614231,0.4781759946836706,0.05888471184731932,0.0855372067739165,0.0179273200038359,2009
2014-09-21,2014092110.0,2.0,1,,06:45,7,3105.0,6.0,ARI,2.0,2.0,0.0,80.0,0.0,0.0,SF,ARI,"P.Dawson extra point is GOOD, Center-K.Nelson, Holder-A.Lee.",1,0.0,1,0,0,0,Extra Point,,,0,,,0.0,0.0,0,,0,,,0,,,,,0,,0,0,0,0,0.0,6.0,3.0,3.0,3.0,ARI,SF,0,1,3,1,3,1,0.0,0.0,0.0,0.0,0.0,0.0,0.0,0.9907954004544308,0.0,0.9907954004544308,0.009204599545569,,,0.4114345835419286,0.5885654164580714,0.4131877118637848,0.5868122881362152,0.5885654164580714,-0.0017531283218561,,,2014
2014-11-09,2014110902.0,1.0,1,4.0,10:26,11,3326.0,34.0,DET,45.0,55.0,6.0,49.0,0.0,1.0,DET,MIA,(10:26) (Punt formation) S.Martin pass short middle to J.Collins to MIA 31 for 24 yards (J.Landry).,1,17.5,0,0,0,0,Pass,S.Martin,00-0030092,1,Complete,Short,1.0,0.0,0,middle,0,,,0,,,J.Collins,00-0026072,1,J.Landry,0,0,0,0,0.0,0.0,0.0,0.0,0.0,DET,MIA,0,3,3,3,3,3,0.0038206480961949,0.205523727871525,0.0029905334821783,0.3106498144843139,0.2475399752298567,0.006114872387977125,0.2231445746403655,0.0,0.0,-0.4798075514058686,2.311291607352805,-2.766311754345719,2.659125528472397,0.4742712230824768,0.5257287769175232,0.6152803405779285,0.3847196594220715,0.4742712230824768,0.05888471184731932,-0.0619723970936363,0.05636049994176793,2014
